,title,date,content
0,박정원 “연내 1조원 이상 갚겠다” 두산 위기 극복 신호탄 될까,2020.06.11,"박정원 두산그룹 회장 “책임경영” 의지…두산타워 매각 등 자구안 구체화 4조2000억 달하는 차입금·계열사 매각 난항 등 정상화 전망 ‘불투명’두산중 재무구조 개선책 거론되는 인프라코어·밥캣 매각은 언급 안 해박정원 두산그룹 회장이 국책은행으로부터 거액의 지원을 받은 두산중공업 경영 정상화 의지를 보이며 연내 1조원 이상을 갚겠다고 11일 밝혔다. 두산그룹의 상징 중 하나인 두산타워를 매각하겠다는 입장도 공식화했다. 하지만 여전히 갚아야 할 차입금이 적지 않은 데다 재무구조 개선을 위한 계열사 매각 협상이 지지부진해 경영 정상화 전망은 불투명하다.박 회장은 이날 그룹 온라인 게시판에 “두산중공업은 3조원 이상의 재무구조 개선을 목표로 연내 1조원 규모의 유상증자와 자본 확충을 할 계획”이라고 밝혔다. 자본 확충을 통해 마련하는 자금으로 부채를 우선 갚겠다는 뜻이라고 두산 측은 설명했다. 두산중공업 경영난 타개와 관련해 박 회장이 직접 입장을 표명한 것은 이번이 처음이다. 박 회장은 “두산중공업이 지속 가능한 경영체계를 갖추기 위해서는 사업구조 개편과 재무구조의 획기적인 개선이라는 과제를 해결해야 한다”며 “이 방향에 맞춰 자산 매각을 추진하겠다”고 밝혔다. 그는 이어 “이 과정에서 (주)두산의 대주주들은 중공업 유상증자와 자본 확충에 참여해 책임경영을 충실히 이행하겠다”고 덧붙였다. 박 회장은 이를 위해 두산타워와 일부 보유 지분, 사업부 등의 매각을 추진 중이라고 밝혔다. 앞서 채권단으로부터 총 3조6000억원의 긴급자금을 지원받기 위해 제출한 3조원 규모의 자구안 내용을 더욱 구체적으로 설명한 것이다. 친환경 에너지 기업으로 체질 전환에 대한 계획도 밝혔다. 박 회장은 “중공업이 지속 가능한 경영을 갖추는 길은 세계 에너지 시장 트렌드에 맞춰 사업구조를 갖추는 것이라고 생각한다”며 “가스터빈 발전사업과 신재생에너지 사업을 큰 축으로 하는 포트폴리오 개편의 방향을 유지하면서 이번 어려운 시기를 기회 삼아 더욱 박차를 가하겠다”고 말했다.박 회장이 이날 강한 의지를 밝혔지만 두산중공업의 경영 정상화 전망은 여전히 밝지 않다. 당초 두산중공업이 연내 갚아야 할 차입금은 4조2000억원에 달했다. 올 들어 산업은행과 수출입은행 등 국책은행이 신규대출과 만기연장, 외화채권 대출 전환 등의 방식으로 총 3조6000억원을 지원해 급한 불은 꺼가고 있지만 취약한 재무구조가 근본적으로 개선되긴 어려운 상황이다. 국책은행의 지원도 결국 부채인데, 현재의 어려운 상황을 감안할 때 두산중공업이 중장기적으로 이를 갚아나갈 수 있을지 회의적이기 때문이다.두산그룹은 두산중공업의 채무상환을 위해 그룹 계열사 매각을 추진하고 있지만 협상은 난항을 겪고 있다. 전기차 배터리 음극재 재료인 전지박(동박) 제조 업체 두산솔루스 공개 매각을 추진하고 있지만 좀처럼 인수자를 찾지 못하고 있다. 당초 유력한 인수 후보로 거론됐던 대기업과 글로벌 사모펀드 등이 지난 2일 열린 두산솔루스 매각 예비입찰에 불참하면서 자구안 이행에 차질을 빚게 된 것이다.업계에서는 두산그룹의 핵심 계열사로 두산중공업의 돈줄 역할을 하고 있는 두산인프라코어, 두산밥캣을 매각해야 두산중공업의 재무구조가 근본적으로 개선될 수 있을 것으로 보고 있다. 하지만 이날 박 회장은 두산인프라코어와 두산밥캣 매각 여부에 대해서는 언급하지 않았다.박효재 기자 mann616@kyunghyang.com▶ 장도리 | 그림마당 보기▶ 경향신문 바로가기▶ 경향신문 구독신청하기©경향신문(www.khan.co.kr), 무단전재 및 재배포 금지"
1,‘사람이 미래’라던 두산의 선택,2020.03.21,"재계 서열 15위 두산이 흔들린다. 두산그룹의 ‘허리’ 두산중공업이 경영위기를 맞으면서다. 지난 2월 대규모 명예퇴직을 단행한 두산중공업은 비용 절감을 위해 휴업을 추진하고 있다. 신용평가사들은 두산중공업의 신용등급을 ‘BBB(부정적)’로 하향 조정했다. 중간 지주사 역할을 해온 두산중공업의 추락과 함께 두산그룹 계열사 주가는 동반 하락세를 이어가고 있다. 두산중공업의 몰락이 한국경제의 위기를 불러올 것이라는 암울한 전망마저 나온다.두산중공업 위기의 원인에 대한 진단은 엇갈린다. 미래통합당을 비롯한 보수 야당과 원자력 업계는 정부의 탈원전 정책을 원인으로 꼽는다. 탈원전으로 원전 설비 수주가 끊긴 결과라는 것이다. 총선이 다가오면서 ‘정부 책임론’ 공세 수위도 높아지고 있다. 두산중공업을 망가뜨린 건 탈원전 정책인가. 두산중공업이 택한 선제적 구조조정은 어떻게 봐야 할까.부실 계열사 살리려다 함께 부진“주력업종을 식·음료 부문에서 기술 소재 부문으로 옮길 것이다.” 1996년 두산 창립 100주년 기자 간담회에서 박용곤 당시 회장은 ‘신(新)두산’을 선언했다. 두산그룹은 4년 뒤 한국중공업(현 두산중공업) 인수를 시작으로 2005년 대우종합기계(현 두산인프라코어), 2007년 밥캣(현 두산밥캣)을 인수하면서 글로벌 발전·장비 기업으로 성장했다. 1990년대 10위권 밖에 머물던 재계 순위도 2000년대 들어 10위 안으로 안착했다. 두산그룹 내 중공업 부문 매출은 그룹 전체 매출의 88.8%(2014년 기준)를 차지했다. 소비재 중심에서 중공업 기업으로의 전환은 성공적이라는 평가를 받았다. 2011년 <포춘>지 선정(매출기준) 세계 500대 기업에도 이름을 올렸다. 두산중공업은 변화의 중심에 섰다.두산중공업은 국내 발전설비 시장에서 독점적인 지위에 있다. 공기업이었던 한국중공업으로부터 발전 및 산업설비 관련 기술을 이전받았고 정부는 수주물량을 밀어줬다. 원자력발전소용 원자로와 증기발생기 등 주요 설비를 제조하는 곳은 국내에서 두산중공업뿐이다. 정부 지원과 안정적인 시장 환경이 맞물려 견고한 성장을 해왔다. 석탄화력발전 부문에서 수익을 내는 한편 원전 부문은 미래 수익원으로 선정해 경쟁력을 키웠다. 2012년 두산중공업은 출범 당시 매출액 2조원의 약 5배에 달하는 9조6272억원을 기록했다.2013년까지 두산중공업의 실적은 ‘양호’했다. 이상 징후는 2014년부터 감지됐다. 원인은 대규모 금융비용에 있다. 2014년 두산중공업은 영업이익(연결기준) 8880억원을 내고도 854억원의 당기순손실을 기록했다. 2014년 이후 당기순손실은 6년째 이어지고 있다.지난해 두산중공업의 매출액은 15조6596억원(연결기준, 실적 잠정 공시)으로 전년도(14조7610억원) 대비 6.1% 늘어났다. 영업이익은 1조768억원으로 전년대비 7.3% 증가했다. 두산중공업의 자회사인 두산인프라코어와 두산밥캣의 실적이 좋아진 덕분이다. 하지만 이번에도 1043억원의 당기순손실을 기록했다. 제조 부문에서 꾸준히 흑자를 내고 있지만 금융비용과 대손상각비, 잡손실이 순이익을 잠식한 것이다. 두산중공업은 6년째 ‘금융비용의 덫’에서 빠져나오지 못하고 있다.두산중공업은 그룹 내 부실 계열사의 자금줄 역할을 해왔다. 돈줄이 막힌 계열사 지원을 위해 회사채 발행자금으로 계열사 유상증자에 참여하고 스스로 전환상환우선주(RCPS)를 발행했다. 타 계열사가 발행한 RCPS의 상환보증도 섰다. 특히 부진에 빠진 두산건설을 살리기 위해 2010년 전후부터 1조9200억원 이상의 자금을 쏟아부었다. 이 과정에서 두산중공업의 자회사 두산인프라코어는 시장 경쟁력이 있는 공작기계 사업부를 매각했고, 두산중공업은 두산엔진과 두산밥캣의 지분을 팔았다.수주물량 감소 대부분은 석탄화력2007년 두산그룹이 4조5000억원을 들인 밥캣 인수도 재무 구조 악화에 영향을 미쳤다. 밥캣 인수금액의 80%를 차입을 통해 해결했고, 영구채를 발행한 두산은 막대한 금융비용을 부담해왔다. 알짜 사업부를 팔아 마련한 자금으로 이뤄진 ‘계열사 퍼주기’는 두산중공업에 부메랑으로 돌아왔다. 2019년 말 두산중공업의 연결기준 부채비율은 300%까지 치솟았다. 최근 5년간 평균 부채비율은 270%에 이른다. 그룹 내 계열사를 살리려다 부진에 빠져 헤어나오지 못하고 있는 셈이다.두산중공업 추락에 탈원전 정책은 얼마나 영향을 끼쳤을까. 2014년 이후 두산중공업의 신규 수주 물량에서 원전 비중은 10%대에 불과하다. 수주물량의 86.3%는 해외 석탄발전소가 차지한다. 사업 포트폴리오 가운데 원전이 차지하는 비중 역시 10%대에 머문다. 전체 사업 수주물량이 준 것은 석탄화력발전 물량이 줄면서 나타난 결과다.석탄화력발전 수주 감소는 문재인 정부의 에너지 정책과 무관한 전 세계적인 추세다. 2015년 온실가스 감축을 결의한 파리기후변화협약 이후 세계 석탄화력 신규 발주는 큰 폭으로 감소하고 있다. 국제에너지기구(IEA)에 따르면 세계 석탄화력 최종투자결정은 2015년 88GW에서 2018년 23GW로 줄었다. 반면 전 세계 전력시장 투자비율은 전체 40%가 신재생에너지로 가장 많은 비중을 차지했다. 화력과 원전은 각각 16%, 6%에 그쳤다. 두산중공업의 실적 하락 원인은 전 세계적인 석탄화력발전 수요 감소에 있다. 마찬가지로 GE와 지멘스 등 글로벌 발전 업체 역시 에너지 전환 흐름에 따라 석탄화력 사업 규모를 축소하거나 포기하고 있다. 이항구 산업연구원 선임연구위원은 “두산중공업의 위기는 이미 오래전부터 진행돼왔다”며 “산업 특성상 포트폴리오 다각화가 쉽지 않다보니 기존 사업 방식을 유지했던 것”이라고 말했다.문재인 정부의 탈원전 정책에 따라 신한울 3·4호기를 비롯한 국내 원전 건설계획이 중단되거나 백지화된 것은 사실이다. 하지만 원전 축소로 인한 수익 감소는 현재 실적과 무관하다. 2017년 정부의 탈원전 정책 이후 한국수력원자력이 두산중공업에 지급한 금액은 5877억원에서 지난해 8922억원으로 증가했다. 산업통상자원부가 탈원전 타격을 운운하는 두산중공업의 주장에 반론을 제기하는 이유다.두산중공업 직원들이 설비를 점검하고 있다. 경향DB에너지 업계에서는 두산중공업의 추락 원인을 시장 흐름을 읽지 못한 경영진의 실책에서 찾는다. 지난해 에너지경제 재무분석연구소(IEEFA)는 두산중공업 보고서에서 “두산중공업은 지난 3년 동안 발전시장의 방향을 오판해 국내·외 성장 잠재력을 상당 부분 상실했다”고 지적했다. 남종석 경남연구원 경제산업연구실 연구위원은 “두산중공업 문제는 금융부문 적자 누적과 글로벌 에너지시장 적응 실패에 따른 것”이라며 “정부의 원전 정책은 현재 실적에 반영되지 않았기 때문에 원전이 원인이라는 주장은 어불성설”이라고 말했다.그렇다면 두산중공업의 인력 구조조정을 어떻게 봐야 할까. 두산중공업은 탈원전 정책 이전인 2014년에도 대규모 희망퇴직을 실시한 바 있다. 그룹사 차원의 대규모 인력 구조조정으로 두산중공업에서는 사무직 직원 200여 명이 희망퇴직했다. 당시 사측이 내세운 명분은 ‘체질 개선을 통한 기술경쟁력 강화’였다.이번 두산중공업의 희망퇴직·휴업 조치 단행 이유는 ‘수주물량 감소로 인한 고정비 절감’이다. 당장 손실을 줄이기 위한 불가피한 선택이라는 의미로 읽힌다. 때문에 구조조정에 반발하는 노동조합을 바라보는 시선은 차갑다. 되레 ‘노조리스크’가 겹쳐 회사의 추락을 부채질한다는 비판마저 나온다.두산중공업은 실적 하락세로 접어든 이후 꾸준히 인력을 줄여왔다. 2013년 8428명이던 두산중공업 임직원 수는 지난해 9월 기준 6784명(정규직·비정규직)으로 줄었다.이 같은 지속적인 인력 구조조정의 배경 가운데 하나는 사업 포트폴리오의 전환에 있다. 골든타임을 놓쳤다는 평가를 받고 있긴 하지만 현재 두산중공업은 석탄화력·원자력 중심에 맞춰진 수익 구조를 풍력·가스 발전으로 바꾸는 작업을 진행 중이다. 글로벌 발전설비용량 전망에 따르면 2023년까지 신재생에너지의 연평균 성장률이 10.6%에 달하는 데 반해 석탄화력 0.7%, 원자력은 0.6% 수준에 불과하다. 두산중공업 역시 재생에너지로의 전환은 거스를 수 없는 대세로 받아들이고 있다. “세계 각국의 에너지전환 정책으로 인하여 급변하는 세계 발전시장에 대응하기 위해 가스터빈, 신재생에너지, 디지털 솔루션 기술 개발 등을 통해 신사업 포트폴리오 강화에 역량을 집중하고 있다.”(2018년 두산중공업 통합보고서)신재생에너지로의 전환 시급한 과제신산업으로의 전환 과정에서 이뤄지는 인력 구조조정의 타깃은 정규직 노동자다. 두산중공업 사업보고서에 따르면 2016년 7057명이었던 정규직 노동자 수는 지난해 5981명으로 감소했다. 반면 같은 기간 비정규직(기간제) 노동자는 671명에서 꾸준히 증가해 803명으로 늘었다. 신산업 진출을 명분으로 고임금 정규직 노동자 비율을 줄이고 비정규직을 늘리는 인력 개편 작업을 한다는 지적이 나오는 이유다. 예컨대 현대모비스는 전국 12개 공장 가운데 직영 2곳을 제외하고 인력의 100% 가까이를 하청·비정규직으로 채웠다. 두산중공업이 신산업 전환 과정에서 ‘현대모비스 모델’ 도입을 추진하고 있다는 것이다. 김현철 군산대 교수는 “정부 지원을 받아 성장한 기업이 경영진의 오판으로 인해 발생한 손실을 노동자에게 떠넘기고 있는 격”이라며 “신산업 전환 과정에서 질 좋은 일자리 감축을 최소화할 수 있는 조치가 필요하다”라고 말했다.두산중공업이 처한 악재를 과도하게 부풀려 해석할 필요가 없다는 분석도 나온다. 두산중공업은 지난 2월 14일 공시를 통해 자회사 실적 개선으로 당기순손실이 감소했다고 밝혔다. 손실을 상당 부분 해소했다는 의미다. 향후 보장된 먹거리도 있다. 에너지 업계는 향후 2년간 풍력발전 분야에서만 연간 3조원 이상의 발주가 이뤄질 것으로 전망한다. 풍력발전 설비는 국내에서 두산중공업과 유니슨 두 곳에서만 생산한다. 정부는 앞서 해당 분야에 국산 기자재 장려 방침을 정한 바 있다. 남종석 경남연구원 연구위원은 “두산중공업의 기술은 재생에너지 시장에서 경쟁력이 있기 때문에 전처럼 계열사 부실을 떠안지 않는다면 위기에서 빠져나올 것”이라며 “정책 변환기에 필연적으로 따르는 불확실성을 이유로 선제적 인력 구조조정을 하는 것은 바람직하지 않다”고 말했다.반기웅 기자 ban@kyunghyang.com▶ 장도리 | 그림마당 보기▶ 경향신문 바로가기▶ 경향신문 구독신청하기©경향신문(www.khan.co.kr), 무단전재 및 재배포 금지"
2,"두산건설, 부실자산 떼어내고 분리매각 추진",2020.06.16,"두산그룹, 계열사 매각 속도전두산인프라코어도 매물로 내놔 두산그룹이 두산중공업 경영 정상화를 위해 계열사 매각에 속도를 내고 있다. 두산중공업 자회사 두산건설을 부실자산을 떼어낸 뒤 파는 분리 매각을 추진하고 두산중공업의 돈줄 역할을 해온 자회사 두산인프라코어까지 매물로 내놓았다. 팔 수 있는 건 다 팔겠다는 태세다.두산건설은 일부 자산과 부채, 계약을 신설 회사인 밸류그로스에 넘기는 물적분할을 했다고 16일 밝혔다. 밸류그로스는 인천 학익 두산위브 아파트, 일산 제니스 상가, 한우리(칸) 리조트 등의 자산을 넘겨받게 됐다. 신설 회사 주식 중 보통주의 69.5%는 두산건설이 갖고 종류주식 30.5%는 두산건설 레저사업이 분사한 회사인 두산큐벡스에 800억원에 매각했다. 이 과정에서 그룹 지주회사인 (주)두산과 두산인프라코어가 두산큐벡스 유상증자에 참여해 각각 366억8000만원, 309억9000만원을 출자했다. 나머지는 그룹 내 다른 계열사들이 참여할 예정이다. 두산그룹은 이번에 확보한 두산큐벡스 주식을 산업은행과 수출입은행 등 채권단에 제공하는 담보물로 추가했다.이번 물적분할은 매물로서 두산건설의 가치를 끌어올리기 위한 조치로 분석된다. 두산그룹 입장에서는 두산중공업 정상화를 위해 두산건설 매각이 시급하지만 자산 상태, 업황 등을 고려할 때 매물로서 매력이 떨어진다는 어려움이 있었다. 이에 두산그룹은 두산건설에서 부실 우려가 있는 자산은 떼어낸 뒤 매각하려는 것으로 보인다. 나이스신용평가 분석에 따르면 밸류그로스가 떠안은 자산인 인천 학익(256억원)과 한우리(695억원) 등은 장기 미회수 채권으로 인한 추가 대손 가능성이 있다.두산그룹은 핵심 계열사인 두산인프라코어 매각까지 추진하고 있는 것으로 전해졌다. 업계에 따르면 두산그룹은 크레디트스위스(CS)를 두산인프라코어 지분 매각 주간사로 선정했다. 매각 대상은 (주)두산이 두산중공업을 통해 보유하고 있는 두산인프라코어 지분 36.27%다. 업계 관계자는 “두산이 일부 사업부만 매각해서는 두산중공업의 경영 정상화가 어렵다는 현실을 직시하고 대안으로 인프라코어까지 매물로 내놓은 것으로 보인다”고 말했다. 한편 KB증권 정동익 연구원은 “두산인프라코어의 핵심 자회사인 두산밥캣을 분리해 매물로 내놓을 경우 매력이 떨어진다”면서 “단시일 내 매각이 성사될 가능성은 아주 낮은 것으로 판단한다”고 밝혔다.박효재 기자 mann616@kyunghyang.com▶ 장도리 | 그림마당 보기▶ 경향신문 바로가기▶ 경향신문 구독신청하기©경향신문(www.khan.co.kr), 무단전재 및 재배포 금지"
3,"두산중공업, 손쉬운 ‘인력 구조조정’만",2020.03.31,"ㆍ사재 출연 등 뾰족한 자구책 없이 희망퇴직만 종용…최소 600명 신청ㆍ두산중 “담보 제공으로 책임졌다”…두산건설 매각설엔 “사실무근”자금난을 호소하며 지난 27일 국책은행으로부터 1조원의 대출을 받은 두산중공업이 대주주의 사재 출연 등 자구책은 제시하지 않고 손쉬운 인력 구조조정만 추진하고 있다는 지적이 제기된다. 전국금속노조 경남지부는 31일 경향신문과 통화하면서 “두산중공업은 3월4일까지로 한정했던 희망퇴직 신청을 계속 받고 있다”며 “최소 600명에서 많게는 800명까지 신청한 것으로 추산된다”고 밝혔다. 경남지부는 “사측은 정리해고 수순으로 들어가면 퇴직 위로금이나 자녀 학자금 지원도 못 받을 것이라며 사실상 희망퇴직을 종용하고 있다”고 전했다.금속노조 두산중공업지회는 주주총회가 열린 지난 30일 서울에 있는 두산그룹 본사를 찾아 “경영진이 현 자회사인 두산밥캣을 인수하고 또 다른 자회사인 두산건설 적자를 메꾸는 데 너무 많은 돈을 들인 것이 자금난을 불렀다”며 “그럼에도 이번 주총에서 다시 사내이사에 선임된 박지원 회장은 한번도 책임 있는 태도를 보이지 않았다”고 비판했다. 특히 10년간 누적적자가 1조2500억원인데 6000억원 넘게 배당을 했고, 최고경영진은 성과급까지 가져갔다고 주장했다. 그사이 진행된 인력 구조조정으로 2013년 8400여명이던 직원 수는 지난해 6700여명까지 줄어들었다고 노조는 지적했다. 두산중공업은 지난 27일 산업은행과 수출입은행으로부터 대출을 받으면서 (주)두산이 보유 중인 두산중공업 주식과 부동산 등을 담보로 제공해 책임을 졌다는 입장이다. 하지만 경영진의 보수나 배당 반납 등 현금성 사재 출연 계획은 밝히지 않고 있다. 두산중공업은 자금난을 해소할 구체적인 계획도 제시하지 않고 있다. 금융권에서는 두산건설 매각설도 제기되지만 두산중공업은 “사실무근이며 채권단과 협의해 구조조정 방안을 추진할 예정”이라고 밝혔다. 두산중공업의 재무리스크가 우량 자회사인 두산인프라코어나 밥캣으로 전이되는 것을 막기 위해 계열분리 관측까지 나오지만, 그나마 모기업을 지원해온 알짜 회사를 포기하기는 힘들 것이란 전망이 우세하다. 전문가들은 두산중공업이 연료전지 사업 등을 신사업 동력으로 내세우고 있지만 대규모 연구·개발 자금 투입이 필요해 쉽지 않을 것으로 보고 있다.박효재 기자 mann616@kyunghyang.com▶ 장도리 | 그림마당 보기▶ 경향신문 바로가기▶ 경향신문 구독신청하기©경향신문(www.khan.co.kr), 무단전재 및 재배포 금지"
4,"상장사 중간 배당금, 삼성전자 빼면 60% 줄어",2020.09.07," 코로나19 확산 여파로 올해 국내 증시 상장사들의 중간 배당금이 지난해보다 20% 이상 감소한 것으로 나타났다. 삼성전자를 뺀 경우에는 감소폭이 60%에 달했다.7일 금융정보업체 에프앤가이드 자료를 보면 지난 6월에 상장사들이 지급한 반기 배당금은 총 2조9208억원으로 지난해(3조7128억원)보다 21.3% 줄었다. 상장사 반기 배당금이 3조원 미만인 것은 2017년(2조1175억원) 이후 3년 만의 일이다. 시가총액 1위 삼성전자의 배당금을 빼면 배당금 감소폭은 더 커진다.  삼성전자는 지난해와 올해 반기 배당금으로 각각 2조4046억원을 지급했다. 이를 뺀 올해 상장사 배당금은 총 5162억원에 불과해 지난해(1조3082억원)보다 60.5% 감소했다.  중간 배당을 진행한 기업 수는 49개에서 46개로 크게 줄지는 않았지만, 전체적으로 기업들이 배당금 폭을 줄였다. 코로나19 팬데믹(세계적 대확산)에 따라 상장사들의 실적이 전반적으로 악화되자 배당금을 크게 줄인 것이다.지난해 반기 배당금을 1000억원 이상 지급한 곳은 총 5곳이었던 반면, 올해는 삼성전자와 하나금융지주(1458억원) 두 곳뿐이었다. 100억원 이상으로 기준을 낮춰도 지난해 15개사에서 올해 7곳으로 크게 줄었다. 지난해 반기 배당금 상위 15개사 중 8개사는 올해 반기 배당금을 지급하지 않았다.  현대자동차는 지난해 삼성전자 다음으로 많은 반기 배당금(2630억원)을 지급한 것을 포함해 2015년부터 지난해까지 5년 연속 반기 배당금을 지급했으나 올해는 지급하지 않았다.  지난해 반기 배당금이 1411억원이었던 SK이노베이션 외에 현대모비스(947억원), 두산밥캣(602억원), 코웨이(578억원) 등도 올해 반기 배당금이 없었다. SK텔레콤은 지난해 719억원에서 올해 731억원으로, 쌍용양회는 505억원에서 534억원으로 반기 배당금을 늘렸으나 대부분 상장사는 배당금을 줄였다.윤승민 기자 mean@kyunghyang.com▶ 장도리 | 그림마당 보기▶ 경향신문 바로가기▶ 경향신문 구독신청하기©경향신문(www.khan.co.kr), 무단전재 및 재배포 금지"
5,오늘의 인사 - 2020년 7월 23일,2020.07.22," ■두산그룹 ◇ 신규임원(상무) 승진 <두산밥캣> △김동혁■아시아엔·매거진N ◇편집위원 △민병돈 홍익희 안규리 임웅균 이진숙 심형철 고용석 이정우 박종인 유희준 최영진 김희봉 이충진▶ 장도리 | 그림마당 보기▶ 경향신문 바로가기▶ 경향신문 구독신청하기©경향신문(www.khan.co.kr), 무단전재 및 재배포 금지"
6,올해 2~4분기 만기도래 회사채 37조원...2분기에만 40%,2020.04.08,"올해 안에 앞으로 만기가 돌아오는 국내 500대 기업의 회사채 규모가 37조4600억원으로 집계됐다. 이 가운데 40% 수준인 14조7545억은 2분기에 갚아야 한다. 공사채와 금융채를 뺀 일반 회사채 가운데는 두산중공업과 호텔롯데 등의 만기도래 규모가 컸다.기업평가사이트 CEO스코어(대표 박주근)는 8일 국내 500대 기업 중 사업보고서를 제출하는 334개 기업 가운데 234곳의 지난해 말 기준 회사채 현황을 조사한 결과 총 300조7444억원으로 집계됐다고 밝혔다. 334개사 가운데 회사채를 발행하지 않은 80개사와 세부 명세가 일치하지 않은 20곳은 제외됐다.이들 회사채 가운데 연내(4∼12월) 만기가 도래하는 회사채는 37조4607억원이다. 연내 만기가 되는 회사채 중 39.4%(14조7545억원)는 6월 말까지 상환해야 한다. 12조3146억원은 3분기에, 10조3916억원은 4분기에 갚아야 한다.21개 업종 가운데 6월 말 만기도래 회사채 규모가 가장 큰 업종은 공기업으로 3조5262억원이다. 석유화학(1조2930억원)과 조선·기계설비(1조2570억원), 여신금융(1조2300억원) 등도 1조원이 넘었다.이어 유통(9853억원), 증권(7100억원), 서비스(6500억원), 식음료(6280억원), 건설 및 건자재(6272억원), 자동차 및 부품(5820억원), IT·전기전자(5819억원), 상사(4600억원), 지주(4500억원), 철강(4200억원), 운송(4137억원), 생활용품(3701억원), 에너지(2700억원), 제약(1400억원), 통신(1100억원) 등의 순이었다.기업별로는 한국전력공사의 6월 말 만기 채권이 1조4400억원으로 가장 많았다. 이어 한국동서발전(6789억원), 두산중공업(6720억원), 하나카드(4700억원), 한국남동발전(4273억원), 삼성카드(4100억원), NH투자증권(4000억원), 롯데캐피탈(3500억원), 호텔롯데(3019억원) 등이 ‘톱10’에 꼽혔다.다만, 초우량채로 분류되는 공사채와 사업 특수성에 따라 자금조달 규모가 큰 여신금융 등 금융채를 제외한 일반 회사채 만기도래 규모로는 두산중공업이 최다였다.이어 호텔롯데과 SK네트웍스(2800억원), 현대제철(2700억원), LG디스플레이(2600억원), 기아자동차·호텔신라(각 2500억원), 롯데쇼핑·대한항공(각 2400억원), 롯데렌탈·LG CNS(각 2300억원) 등의 순으로 나타났다.반면 500대 기업 가운데 올해 갚아야 할 회사채가 없는 기업은 모두 130개사였다.사채 발행 내역이 없는 기업은 현대모비스와 현대글로비스, 한국조선해양, 네이버, 두산밥캣, KT&G, 효성티앤씨, 농심, 넷마블, 한샘, 종근당 등 80개 사로 조사됐다.전병역 기자 junby@kyunghyang.com▶ 장도리 | 그림마당 보기▶ 경향신문 바로가기▶ 경향신문 구독신청하기©경향신문(www.khan.co.kr), 무단전재 및 재배포 금지"
7,"코로나19, 자금난 현실화되나 ""500대 기업 2분기 만기도래 회사채 15조원 육박""",2020.04.08,"코로나19 여파로 자금난이 현실화되는 가운데 국내 500대 기업의 올해 남은 기간 만기가 도래하는 회사채 규모가 37조4600억원에 이르는 것으로 나타났다. 이중 40% 수준인 14조7545억은 2분기에 상환해야 한다.기업평가사이트 CEO스코어는 8일 국내 500대 기업 중 사업보고서를 제출하는 334개 기업 가운데 234곳의 지난해 말 기준 회사채 현황을 조사한 결과 총 300조7444억원으로 집계됐다고 밝혔다.334개사 가운데 회사채를 발행하지 않은 80개사와 세부 명세가 일치하지 않은 20곳은 제외됐다.이들 기업의 회사채 가운데 연내(4∼12월) 만기가 도래하는 회사채는 37조4607억원으로 집계됐다.또 연내 만기가 되는 회사채 중 39.4%(14조7545억원)는 6월 말까지 상환해야 하며 12조3146억원은 3분기에, 10조3916억원은 4분기에 갚아야 한다.21개 업종 가운데 6월 말 만기도래 회사채 규모가 가장 큰 업종은 공기업으로 3조5262억원으로 집계됐다. 석유화학(1조2930억원)과 조선기계설비(1조2570억원), 여신금융(1조2300억원) 등도 1조원이 넘었다.이어 유통(9853억원), 증권(7100억원), 서비스(6500억원), 식음료(6280억원), 건설 및 건자재(6272억원), 자동차 및 부품(5820억원), IT전기전자(5819억원), 상사(4600억원), 지주(4500억원), 철강(4200억원), 운송(4137억원), 생활용품(3701억원), 에너지(2700억원),  제약(1400억원), 통신(1100억원) 등의 순이었다.기업별로는 한국전력공사의 6월 말 만기 채권이 1조4400억원으로 가장 많았고 한국동서발전(6789억원), 두산중공업(6720억원), 하나카드(4700억원), 한국남동발전(4273억원), 삼성카드(4100억원), NH투자증권(4000억원), 롯데캐피탈(3500억원), 호텔롯데(3019억원) 등이 ‘톱10’에 들었다.다만 초우량채로 분류되는 공사채와 사업 특수성에 따라 자금조달 규모가 큰 여신금융 등 금융채를 제외한 일반 회사채 만기도래 규모로는 두산중공업이 최다였다.이어 호텔롯데(3019억원), SK네트웍스(2800억원), 현대제철(2700억원), LG디스플레이(2600억원), 기아자동차·호텔신라(각 2500억원), 롯데쇼핑·대한항공(각 2400억원), 롯데렌탈·LG CNS(각 2300억원) 등의 순으로 조사됐다.한편 500대 기업 가운데 올해 갚아야 할 회사채가 없는 기업은 모두 130개사였다. 사채 발행 내역이 없는 기업은 현대모비스와 현대글로비스, 한국조선해양, 네이버, 두산밥캣, KT&G, 효성티앤씨, 농심, 넷마블, 한샘, 종근당 등 80개 사다.정유미 기자 youme@kyunghyang.com▶ 장도리 | 그림마당 보기▶ 경향신문 바로가기▶ 경향신문 구독신청하기©경향신문(www.khan.co.kr), 무단전재 및 재배포 금지"
8,"기업들, 출장·바이어 초청 취소 ‘해외영업 비상’ [‘코로나19’ 확산 비상]",2020.03.01,"ㆍ종합상사, 신규 거래처 ‘뚝’ㆍ화상회의 등 대책도 역부족ㆍ중동 건설사 인력 수급 우려코로나19가 세계적으로 점점 확산되면서 종합상사를 비롯한 국내 기업들의 해외영업에 비상이 걸렸다. 사태 초기에는 발병국인 중국의 출장을 자제했지만 최근에는 확진자가 급증한 한국이 해외출장 기피 대상이 됐다.한국인 입국을 제한하는 국가가 속출하는 데다 입국하더라도 격리 조치를 당하는 등 해외출장길이 막히고 있다. 대구·경북을 비롯한 한국으로의 여행경보 격상으로 외국 기업 관계자의 한국 방문 역시 제한됐다.1일 산업계에 따르면 가장 큰 타격을 받는 곳은 해외영업을 주업무로 하는 종합상사다. ‘한국인 경계’ 분위기로 출장뿐만 아니라 해외 바이어 초청도 막히면서 기존 거래처만 유지될 뿐 신규 영업이 중단되다시피 했다.삼성물산은 중국 후베이성 출장을 금지한 데 이어 임직원의 해외출장을 잠정 제한했다. 또 외부 고객 미팅은 가급적 줄이고 전화나 콘퍼런스콜 등을 활용하고 있다. LG상사는 국내외 위험지역 출장을 금지한 것을 비롯해 현지 주재원이 국내로 들어오는 것도, 해외사업장 간 방문도 자제시키고 있다. 한 종합상사 관계자는 “입국제한이 아닌 국가라도 격리되는 경우가 있어 해외출장을 줄줄이 취소했다”며 “통상 팀별로 월간 출장이 20여건 되는데 3월 출장 계획은 전무하다”고 말했다.해외 기업들의 방한 일정도 잇따라 취소되고 있다. 구글과 아마존 등이 코로나19가 확산한 한국을 비롯해 이탈리아, 이란, 일본 등의 출장을 제한하고 있다고 미국 언론은 전했다.  아마존은 직원들에게 4월 말까지 출장 미팅 일정을 잡지 않도록 e메일을 보낸 것으로 알려졌다.현대·기아자동차와 두산밥캣 등은 해외업무를 화상회의나 서류 검토, 콘퍼런스콜 등 비대면 회의로 이어가고 있지만 정상적인 영업활동은 어려운 상태다. 대기업 관계자는 “해외 고객사와 새로 공급계약을 맺거나 투자유치를 하려면 국내로 해외 기업을 초청해야 한다”며 “한국의 코로나19 사태 악화로 비즈니스 미팅이 많이 취소되거나 연기됐다”고 말했다.제네바모터쇼가 취소된 것도 걱정거리다. 배터리업계 관계자는 “제네바모터쇼 취소로 전기차 업체 바이어를 만날 기회조차 사라졌다”며 “베이징모터쇼는 무기한 연기됐고 4월2일 개막 예정인 국내 ‘EV 트렌드 코리아’에 참가하는 해외 기업들도 줄지 않을지 걱정”이라고 말했다.중동과 동남아시아 등에 현장이 많은 건설사들은 입국 금지가 장기화할 경우 인력 수급 등에 차질을 우려한다. 대형 건설사 관계자는 “현장 상황에 따라 추가 인력을 보내거나 현지에서 국내로 휴가도 나와야 하는데 입국 문제가 길어지면 정말 큰일”이라고 말했다.정유미 기자 youme@kyunghyang.com▶ 장도리 | 그림마당 보기▶ 경향 유튜브 구독▶ 경향 페이스북 구독©경향신문(www.khan.co.kr), 무단전재 및 재배포 금지"
9,"건설기계 1·2위 합친다…현대重, 두산인프라코어 우선협상자 선정",2020.12.10,"현대중공업그룹이 두산인프라코어 인수 우선협상대상자로 선정됐다. 국내 1위 건설기계업체 두산인프라코어를 인수할 경우 현대중공업그룹 계열사인 현대건설기계는 글로벌 7위 업체로 도약하게 된다.두산중공업은 현대중공업-KDB인베스트먼트 컨소시엄을 두산인프라코어 매각 우선협상대상자로 선정했다고 10일 공시했다. 두산그룹과 현대중공업 컨소시엄은 추가 협상을 거쳐 올해 안에 본계약을 체결할 계획이다.지난달 24일 진행된 두산인프라코어 본입찰에는 현대중공업지주와 유진기업이 참여했다. 두 업체 모두 7000억원대의 가격을 제시했지만 현대중공업 컨소시엄이 자금 조달 여력과 인수 후 시너지 등에서 더 높은 점수를 받은 것으로 전해졌다. 최종 매각 가격은 7000억~8000억원일 것으로 예상된다.매각이 마무리되면 현대중공업그룹의 현대건설기계는 글로벌 시장 ‘빅5’를 노리게 된다. 영국 건설중장비 미디어그룹 KHL이 집계하는 통계 ‘옐로우 테이블’에 따르면 지난해 매출액 기준 두산인프라코어(자회사 두산밥캣 포함)와 현대건설기계의 세계시장 점유율은 각각 3.3%, 1.2%로 글로벌 9위, 22위다. 합병 시 점유율은 4.5%로 글로벌 6위인 볼보건설기계(4.6%)에 이어 7위가 된다. 다만 두산밥캣은 이번 매각에 포함되지 않는다.남은 과제는 공정거래위원회의 기업결합심사다. 공정위는 관련법에 따라 원칙적으로 사업자의 시장점유율이 50%를 넘으면 시장 독과점으로 보고 기업 결합을 허용하지 않는다. 국내 굴삭기 시장 점유율 1위인 두산인프라코어와 2위인 현대건설기계가 합쳐지면 시장 점유율은 절반을 넘어선다. 다만 두산인프라코어 매각은 두산그룹이 산업은행의 지원을 받는 대신 내놓은 자구안이라는 점에서 기업결합심사도 무리 없이 통과할 거라는 분석이 많다.앞서 두산그룹은 지난 4월 산은으로부터 3조6000억원을 지원 받는 대신 계열사 매각, 유상증자 등을 통해 3조원의 자구안을 마련키로 했다. 두산중공업은 이달 초 1조2000억원 규모의 유상증자에 성공한 바 있다.안규영 기자 kyu@kmib.co.kr▶ 네이버에서 국민일보를 구독하세요(클릭)▶ 국민일보 홈페이지 바로가기GoodNews paper ⓒ 국민일보(www.kmib.co.kr), 무단전재 및 재배포금지"
10,"현대重, 두산인프라코어 인수한다",2020.12.11,"우선협상대상자에… 연내 본계약현대중공업그룹이 두산인프라코어 인수 우선협상대상자로 선정됐다. 국내 1위 건설기계 업체 두산인프라코어를 인수할 경우 현대중공업그룹 계열사인 현대건설기계는 글로벌 7위 업체로 도약하게 된다. 두산중공업은 현대중공업-KDB인베스트먼트 컨소시엄을 두산인프라코어 매각 우선협상대상자로 선정했다고 10일 공시했다. 두산그룹과 현대중공업 컨소시엄은 추가 협상을 거쳐 올해 안에 본계약을 체결할 계획이다.지난달 24일 진행된 두산인프라코어 본입찰에는 현대중공업지주와 유진기업이 참여했다. 두 업체 모두 7000억원대 가격을 제시했지만 현대중공업 컨소시엄이 자금 조달 여력과 인수 후 시너지 등에서 더 높은 점수를 받은 것으로 전해졌다. 최종 매각 가격은 7000억~8000억원으로 예상된다.매각이 마무리되면 현대중공업그룹의 현대건설기계는 글로벌 시장 ‘빅5’를 노리게 된다. 영국 건설중장비 미디어그룹 KHL이 집계하는 통계 ‘옐로 테이블’에 따르면 지난해 매출액 기준 두산인프라코어(자회사 두산밥캣 포함)와 현대건설기계의 세계 시장 점유율은 각각 3.3%, 1.2%로 글로벌 9위, 22위다. 합병 시 점유율은 4.5%로 글로벌 6위인 볼보건설기계(4.6%)에 이어 7위가 된다. 다만 두산밥캣은 이번 매각에 포함되지 않는다.남은 과제는 공정거래위원회의 기업결합 심사다. 공정위는 관련법에 따라 원칙적으로 사업자의 시장점유율이 50%를 넘으면 시장 독과점으로 보고 기업결합을 허용하지 않는다. 국내 굴삭기 시장점유율 1위인 두산인프라코어와 2위인 현대건설기계가 합쳐지면 시장점유율은 절반을 넘어선다. 다만 두산인프라코어 매각은 두산그룹이 산업은행의 지원을 받는 대신 내놓은 자구안이라는 점에서 기업결합 심사도 무리 없이 통과할 거라는 분석이 많다.안규영 기자▶ 네이버에서 국민일보를 구독하세요(클릭)▶ 국민일보 홈페이지 바로가기GoodNews paper ⓒ 국민일보(www.kmib.co.kr), 무단전재 및 재배포금지"
11,"두산밥캣, 특별관계자 지분변동",2020.07.15,"두산밥캣은 BlackRockInstitutionalTrustCompany,N.A. 및 특별관계자의 지분율이 6.21%에서 5.19%로 변동했다고 15일 공시했다. 한편, 두산밥캣의 11시 57분 현재주가는 25,850원으로 직전 거래일 대비 200원(+0.78%) 상승이며, 거래량은 265,501주이다.공시 전문으로 이동* 주식등의 대량보유상황보고서는 특수관계인을 포함한 개인이나 법인이 상장회사 지분을 5%이상 보유하게 될 경우에 5일 이내 발표하는 지분공시다. 일명 ""5%룰""이라고도 불리며, 주식을 추가로 매입하거나, 매각해 1% 이상의 지분변동이 생겨도 5일 이내에 공시해야 한다.스톡봇 기자※ 이 기사는 국민일보와 엠로보가 개발한 증권뉴스 전용 인공지능 로봇 ‘스톡봇’이 금융감독원 전자공시시스템(DART)과 한국거래소(KRX) 데이터를 토대로 작성한 것입니다. 지속적인 업그레이드를 통해 더욱 풍부하고 정확한 내용을 담아 가겠습니다.▶ 네이버에서 국민일보를 구독하세요(클릭)▶ 국민일보 홈페이지 바로가기GoodNews paper ⓒ 국민일보(www.kmib.co.kr), 무단전재 및 재배포금지"
12,"두산밥캣 원격조종 기술, 美 전문지 선정 ‘2019 최고 혁신제품’",2020.01.29,"업계 최초 iOS 기반 원격조종 기술 상용화…연내 안드로이드용 출시 예정두산밥캣은 원격조종 기술 ‘맥스 컨트롤’이 북미 렌탈업계 전문지 ‘렌탈 이큅먼트 레지스터’ 주관 ‘2019 혁신제품 어워즈’에서 최고상을 수상했다고 29일 밝혔다.혁신제품 어워즈는 건설, 조경 등 분야에서 한해 출시된 제품 중 가장 혁신적인 기술을 선보인 제품을 선정해 수여하는 상이다. 이번에 최고상인 ‘골드’를 수상한 두산밥캣의 맥스 컨트롤 기술은 건설업계 최초로 애플의 모바일 운영체제 ‘iOS’ 기반의 아이폰 또는 아이패드를 통해 원격으로 제품을 작동시킬 수 있는 신기술이다. 맥스 컨트롤 기술은 최근 미국 라스베이거스에서 열린 ‘CES 2020’에서도 선보인 바 있다.맥스 컨트롤은 높은 제품 호환성과 편의성이 특징이다. 고객들은 장비 추가 구매 없이도 조이스틱 콘트롤 장치만 설치하면 모바일 애플리케이션을 통해 2004년 이후 출시된 모든 로더 제품에 이 기능을 적용할 수 있다. 최대 450m 반경 내에서 원격 조종이 가능하며 필요에 따라 휴대전화로 기능을 켜고 끌 수 있다.두산밥캣 관계자는 “맥스 컨트롤 기술은 험지 작업의 위험성을 크게 낮춰주며 혼자서도 여러 대의 장비를 다룰 수 있어 작업의 효율성도 크게 개선되는 장점이 있다”면서 “올해 안에 안드로이드용 앱 출시와 더불어 전방 카메라 등 추가기능이 탑재된 업그레이드 버전을 선보일 계획”이라고 말했다.임세정 기자 fish813@kmib.co.kr[국민일보 채널 구독하기][취향저격 뉴스는 여기] [의뢰하세요 취재대행소 왱]GoodNews paper ⓒ 국민일보(www.kmib.co.kr), 무단전재 및 재배포금지"
13,두산밥캣 주당 600원 현금 배당 결정,2020.02.10,"두산밥캣은 보통주 1주당 600원을 현금으로 균등 배당한다고 10일 공시했다.이번 배당은 결산배당으로 보통주 외 다른 주식에 대해서는 배당을 하지 않으며, 총배당금은 601억원이다.배당기준일은 2019년 12월 31일이며, 주주총회를 통해서 확정할 예정이다.한편, 두산밥캣은 장 마감 이후 해당 기업공시를 발표했으며 오늘 종가가 30,250원, 거래량은 130,916주로, 직전 거래일 대비 100원(+0.33%) 상승했다.공시 전문으로 이동스톡봇 기자※ 이 기사는 국민일보와 엠로보가 개발한 증권뉴스 전용 인공지능 로봇 ‘스톡봇’이 금융감독원 전자공시시스템(DART)과 한국거래소(KRX) 데이터를 토대로 작성한 것입니다. 지속적인 업그레이드를 통해 더욱 풍부하고 정확한 내용을 담아 가겠습니다.[국민일보 채널 구독하기][취향저격 뉴스는 여기] [의뢰하세요 취재대행소 왱]GoodNews paper ⓒ 국민일보(www.kmib.co.kr), 무단전재 및 재배포금지"
14,"두산밥캣 원격조종 기술, 북미 전문지 선정 혁신제품 최고상",2020.01.30,"두산밥캣은 원격조종 기술 ‘맥스 컨트롤’이 북미 렌털업계 전문지 ‘렌털 이큅먼트 레지스터’ 주관 ‘2019 혁신제품 어워즈’에서 최고상을 수상했다고 29일 밝혔다(사진). 최고상인 ‘골드’를 수상한 두산밥캣의 맥스 컨트롤 기술은 건설업계 최초로 애플의 모바일 운영체제 ‘iOS’ 기반의 아이폰 또는 아이패드를 통해 원격으로 제품을 작동시킬 수 있는 신기술이다. 맥스 컨트롤 기술은 최근 미국 라스베이거스에서 열린 ‘CES 2020’에서도 선보인 바 있다.임세정 기자[국민일보 채널 구독하기][취향저격 뉴스는 여기] [의뢰하세요 취재대행소 왱]GoodNews paper ⓒ 국민일보(www.kmib.co.kr), 무단전재 및 재배포금지"
15,"두산그룹, 두산인프라코어 매각추진…8000억원 수준 전망",2020.06.16,"두산그룹이 두산중공업의 자회사인 두산인프라코어 매각을 추진한다.채권단이 경영난에 처한 두산중공업에 3조6000억원을 지원한 대가로 두산그룹이 내놓은 3조원 규모의 재무구조 개선계획(자구안)을 이행하기 위한 조치다.16일 금융권에 따르면 두산그룹은 두산인프라코어를 매각하기로 하고 매각 주간사를 선정했다. 주간사는 크레디트스위스(CS)가 선정된 것으로 알려졌다.매각 대상은 두산중공업이 보유한 두산인프라코어 지분 36.27%이다. 매각 대금은 경영권 프리미엄까지 포함해 6000∼8000억원 수준으로 전망된다.다만 두산중공업이 두산인프라코어 지분 매각 대금으로 두산인프라코어가 보유한 두산밥캣 지분 51.05%를 되사는 방안도 가능성이 있는 것으로 거론된다.두산그룹은 건설기계·엔진 생산업체로 그룹 내 핵심 계열사인 두산인프라코어를 애초 매각 후순위로 둔 것으로 알려졌다.두산솔루스 등의 매각 작업이 인수가격을 둘러싼 신경전에 지지부진하자 결국 두산인프라코어를 매물로 내놓은 것으로 보인다.두산그룹이 두산인프라코어 매각에 나섰지만 단시일 내 매각이 성사될 가능성이 작다는 의견도 나온다.정동익 KB증권 연구원은 “지난해 건설기계 연결 영업이익의 62.9%를 차지했던 두산밥캣을 분리할 경우 두산인프라코어는 매물로서 매력이 떨어진다”며 “단시일 내 매각이 성사될 가능성이 매우 낮을 것으로 판단한다”고 평가했다.그는 “두산인프라코어는 1분기 말 기준 별도 차입금이 2조9000억원으로 올해 예상 영업이익(2442억원)의 12배에 이를 뿐 아니라, 중국 법인(DICC) 지분 매각과 관련하여 7196억원 규모의 소송이 진행 중으로 인수 금액 대비 소송 리스크가 과도하다”며 매각 성사까지 오랜 시간이 걸릴 것으로 내다봤다.김준엽 기자 snoopy@kmib.co.kr▶ 네이버에서 국민일보를 구독하세요(클릭)▶ 국민일보 홈페이지 바로가기GoodNews paper ⓒ 국민일보(www.kmib.co.kr), 무단전재 및 재배포금지"
16,두산중공업 CFO 박상현 부사장,2020.07.23,"두산중공업은 박상현(사진) 두산밥캣 대표이사 부사장을 신임 최고재무책임자(CFO)에 임명했다고 22일 밝혔다. 박 신임 CFO는 두산인프라코어와 두산그룹의 CFO를 지낸 재무 전문가로 연세대 경영학과, 미국 듀크대 경영전문대학원을 나왔다.안규영 기자▶ 네이버에서 국민일보를 구독하세요(클릭)▶ 국민일보 홈페이지 바로가기GoodNews paper ⓒ 국민일보(www.kmib.co.kr), 무단전재 및 재배포금지"
17,에이스 팔아 살길 찾는 두산,2020.06.17,"결국 두산인프라코어 매각 추진… 매각 성사땐 그룹 정상화 숨통두산그룹이 두산중공업 정상화를 위해 ‘알짜기업’인 두산인프라코어까지 시장에 내놓자 매각 성사 여부와 이에 따른 그룹 정상화 효과에 업계의 관심이 쏠리고 있다. 매각 작업이 지지부진했던 두산건설은 팔릴 만한 자산만 떼어내 분리 매각하기로 했다.16일 업계에 따르면 두산그룹은 최근 크레디트스위스(CS)를 매각 주간사로 선정하는 등 두산인프라코어 지분 36.27%를 매각하는 작업을 추진하고 있다. 두산인프라코어는 건설기계·엔진 생산 업체로 지난해 매출액이 8조1858억원으로 전년보다 5.9% 증가했고 영업이익도 8404억원에 달한다.두산인프라코어 지분 매각대금은 6000억~8000억원 수준으로 전망된다. 두산인프라코어가 보유 중인 두산밥캣 지분은 매각 대상에서 제외된 것으로 알려졌다.앞서 두산그룹은 두산중공업 정상화를 위해 산업은행 등 채권단으로부터 3조6000억원을 지원받는 대신 3조원 규모의 자구안을 마련키로 했다. 이후 두산솔루스, 두산퓨얼셀 등 상대적 비핵심 자산을 매각하려 했지만 인수가격 차이 등으로 차질이 빚어졌다. 이에 핵심 계열사인 두산인프라코어까지 내놓은 것으로 보인다.금융업계에선 이번 매각 작업이 그룹 정상화를 위한 자금 조달에 가장 효과적인 방법이라는 시각이 우세하다.이동현 대신증권 연구원은 “두산인프라코어는 중국 굴삭기 시장 호황의 수혜를 누리고 있으며 2016년 빅 배스(big bath·부실자산을 한 회계연도에 모두 반영해 위험 요인을 일시에 제거하는 회계기법) 이후 3년 연속 흑자 기조의 견실한 기업으로 회복되고 있다”며 “매각이 성사되면 그룹의 유동성 회복을 위한 가장 직접적인 방법”이라고 분석했다.다만 매각이 단기간에 성사되기 쉽지 않을 거란 분석도 있다.정동익 KB증권 연구원은 “밥캣을 분리할 경우 두산인프라코어는 매물로서 매력이 떨어지고 올해 1분기 말 별도 차입금이 올해 예상 영업이익의 12배에 이른다”며 “중국법인(DICC) 지분 매각과 관련해 7196억원 규모의 소송도 진행 중이어서 이 리스크도 매수자에 부담 요인으로 작용할 것”이라고 봤다. 현재 주요 매수자 후보로는 현대중공업이 가장 많이 언급된다.두산그룹은 기존 두산건설 통매각을 추진했던 것에서 부실 우려가 있는 자산은 남기고 분리 매각하는 방향으로 바꾸기로 했다. 밸류그로스라는 신설 회사를 두산건설 자회사로 설립한 후 지난 15일 미회수 채권이 있는 인천 학인두산위브아파트, 일산제니스 상가 등을 넘겼다. 두산건설 매각 본입찰은 다음 달 중순으로 예정됐다.안규영 기자 kyu@kmib.co.kr▶ 네이버에서 국민일보를 구독하세요(클릭)▶ 국민일보 홈페이지 바로가기GoodNews paper ⓒ 국민일보(www.kmib.co.kr), 무단전재 및 재배포금지"
18,"박정원 두산그룹 회장, ‘CES 2020’으로 올해 현장경영 시작",2020.01.09,"경영진과 함께 국내외 부스 둘러보며 기술 트렌드 점검“두산그룹이 미래에 할 일이 아직 더 많은 것 같습니다. 이번 CES를 계기로 하반기에 수소연료전지 드론 북미 판매를 본격화할 계획입니다.”박정원 두산그룹 회장이 8일(현지시간) 오전 ‘CES 2020’이 열리고 있는 미국 라스베이거스 컨벤션 센터에서 기자들을 만나 이같이 말했다.박 회장은 사우스 홀에 위치한 두산 전시관을 시작으로 전시장을 이곳저곳 오가며 현대자동차, 삼성, LG를 비롯한 국내외 기업들의 부스를 둘러봤다. 박 회장은 인공지능(AI), 드론, 5G, 협동로봇, 사물인터넷(IoT), 모빌리티 등 두산 사업과 연관된 기술을 중심으로 최신 트렌드를 꼼꼼히 살폈다.두산은 이번 CES에 처음으로 공식 참가했다. ‘우리의 기술로 보다 안전하고 편리한 미래를 만든다’는 목표로 에너지, 건설기계, 로봇, 드론 등 각 사업분야에서 두산이 지향하는 미래상을 선보였다. 두산은 올해 협동로봇 매출 500억원, 수소연료전지드론 매출 100억원 가량을 예상하고 있다.전시장을 둘러본 박 회장은 경영진에게 “우리 사업 분야에서 최신기술 트렌드를 선도할 수 있도록 많은 고민과 실천을 해야 한다”면서 “올해 CES에서 우리가 제시한 미래 모습을 앞당기는 데 힘을 기울여 나가자”고 당부하기도 했다.두산 전시관에는 두산로보틱스의 협동로봇, 이번 CES에서 최고혁신상을 받은 수소연료전지 드론과 5G 실시간 통신을 기반으로 한 건설현장 종합관제 솔루션 ‘콘셉트 엑스’ 등이 전시됐다. 두산밥캣 장비에 탑승해 직접 체험해 볼 수 있는 증강현실(AR) 작업 프로그램 등도 선보였다.라스베이거스=임세정 기자 fish813@kmib.co.kr[국민일보 채널 구독하기][취향저격 뉴스는 여기] [의뢰하세요 취재대행소 왱]GoodNews paper ⓒ 국민일보(www.kmib.co.kr), 무단전재 및 재배포금지"
19,"박정원 두산그룹 회장, ‘CES 2020’으로 올해 현장경영 시작",2020.01.09,"경영진과 함께 국내외 부스 둘러보며 기술 트렌드 점검“두산그룹이 미래에 할 일이 아직 더 많은 것 같습니다. 이번 CES를 계기로 하반기에 수소연료전지 드론 북미 판매를 본격화할 계획입니다.”박정원 두산그룹 회장이 8일(현지시간) 오전 ‘CES 2020’이 열리고 있는 미국 라스베이거스 컨벤션 센터에서 기자들을 만나 이같이 말했다.박 회장은 사우스 홀에 위치한 두산 전시관을 시작으로 전시장을 이곳저곳 오가며 현대자동차, 삼성, LG를 비롯한 국내외 기업들의 부스를 둘러봤다. 박 회장은 인공지능(AI), 드론, 5G, 협동로봇, 사물인터넷(IoT), 모빌리티 등 두산 사업과 연관된 기술을 중심으로 최신 트렌드를 꼼꼼히 살폈다.두산은 이번 CES에 처음으로 공식 참가했다. ‘우리의 기술로 보다 안전하고 편리한 미래를 만든다’는 목표로 에너지, 건설기계, 로봇, 드론 등 각 사업분야에서 두산이 지향하는 미래상을 선보였다. 두산은 올해 협동로봇 매출 500억원, 수소연료전지드론 매출 100억원 가량을 예상하고 있다.전시장을 둘러본 박 회장은 경영진에게 “우리 사업 분야에서 최신기술 트렌드를 선도할 수 있도록 많은 고민과 실천을 해야 한다”면서 “올해 CES에서 우리가 제시한 미래 모습을 앞당기는 데 힘을 기울여 나가자”고 당부하기도 했다.두산 전시관에는 두산로보틱스의 협동로봇, 이번 CES에서 최고혁신상을 받은 수소연료전지 드론과 5G 실시간 통신을 기반으로 한 건설현장 종합관제 솔루션 ‘콘셉트 엑스’ 등이 전시됐다. 두산밥캣 장비에 탑승해 직접 체험해 볼 수 있는 증강현실(AR) 작업 프로그램 등도 선보였다.라스베이거스=임세정 기자 fish813@kmib.co.kr[국민일보 채널 구독하기][취향저격 뉴스는 여기] [의뢰하세요 취재대행소 왱]GoodNews paper ⓒ 국민일보(www.kmib.co.kr), 무단전재 및 재배포금지"
20,[인사] 동아대 外,2020.07.22,"◆동아대△교학부총장 이동대△교무처장 김채수△학생·취업지원처장 전미라△입학관리처장 신상문△기획처장 이정규△재무처장 이상원△대외협력처장·다우미디어센터장 김대경△국제교류처장 오민홍△산학협력단장 김점수△법무·감사실장 송강직△비서실장 정무섭△정보전산원장 박병권△교육혁신원장 김형빈△대학원장 허성우△경영대학원장·경영대학장 김현준△산업정보대학원장·공과대학장 강상모△문화예술대학원장·예술체육대학장·스포츠단장 우진희△인문과학대학장 박수천△생명자원과학대학장 이선우△디자인환경대학장 이성호△건강과학대학장 박현태△의과대학장 박환태△기초교양대학장·언어교육원장 강기수△석당인재학부장 조동제△간호학부장 강지연△평생교육원장 정형일◆두산그룹◇두산밥캣◎승진[신규임원]△상무 김동혁◆Sh수협은행◎승진[부장(별급)]△IT지원부 김혜곤△IB사업본부 문기성△중부기업금융본부 안종흠△수내동금융센터 최영건△연희로금융센터 박경민[팀장·지점장(1급)]△전략기획부 이필호△자금부 이형주△카드사업부 최남규△방카펀드사업부 이승은△디지털개발부 이은성△IB사업본부 정명섭△강남기업금융본부 이정남△김포한강지점 마자룡△안산지점 이종운△주안지점 유성호△나주혁신도시지점 안병찬△명지지점 최기영◎전보[부서장]△지속경영추진부장 김민홍△전남지역금융본부장 박양수△동탄금융센터장 진상섭△학동역금융〃 이정재△응암동금융〃 이요섭[지점장]△뚝섬역 김수미△종로5가역 권홍업△사당역 박경철△안양 권세은△대림동 홍기정△양평동 윤재섭△인천논현 이명규△학익동 김창석△대구 박수식△반월당금융센터장 김경배△서대구 김완석△울산 정성문△해운대신도시 박병권△여신관리센터장 안배영△다산신도시 양제열△미사역 이은경△위례 윤진태△금천 허진△나주혁신도시 조은희△화명동 진기영△교육(금융연수원) 신동수 한준우 남궁영 문정호 박광일 이재문 최병용[팀장]△개인금융부 이광우 권미희△수산해양금융부 안병찬△여신관리부 전철수△IT지원부 Nextro시스템 노후화 대응 이행 TF팀 한상우△금융소비자보호부 이명호△전략기획부 김강태△IT지원부 박상환 연제운△심사부 김두현△IT개발부 권동혁△감사부 김명준[RM지점장]△강남기업금융본부 RM지점장 조한백△본점영업부 〃 신민수△서울중앙금융센터 〃 정명옥△부산지역금융본부 〃 정영남△강남기업금융본부 JRM 구동우 권혁주 송인준△중부기업금융본부 〃 김민수[파견]△농림수산업자신용보증기금 수산보증팀장 이용호▶ 네이버에서 국민일보를 구독하세요(클릭)▶ 국민일보 홈페이지 바로가기GoodNews paper ⓒ 국민일보(www.kmib.co.kr), 무단전재 및 재배포금지"
21,"문 대통령, “한미동맹, 평화를 완성해야 하는 숭고한 과제 앞에 서 있다”",2020.02.09,"문재인 대통령은 9일 주미대사관·전미주지사협회(NGA) 공동개최리셉션에 보낸 영상 메시지에서 “지난 70년 양국은 함께 한반도의 평화와 동북아의 안전을 지켜왔고, 이제 우리는 평화를 ‘완성’해야 하는 숭고한 과제 앞에 서 있다”고 말했다. 북·미 비핵화 협상이 제자리걸음을 하는 가운데, 남북 협력을 통한 한반도 평화 의지를 밝힌 것으로 해석된다.문 대통령은 이날 청와대가 공개한 영상 메시지에서 “올해 우리는 한국전쟁 70주년을 맞았다. 한국은 미국 참전 용사의 헌신과 희생으로 자유와 평화를 지킬 수 있었고, 피로 맺어진 한미동맹은 안보를 넘어 경제와 글로벌 협력까지 포함하는 ‘위대한 동맹’이 되었다”며 이같이 밝혔다. 문 대통령은 그러면서 “양국의 위대한 동맹이 그 꿈을 이룰 수 있도록 주지사님들의 협력과 지원을 부탁드린다”고 했다.문 대통령은 이어  “여러분들은 한미 교류의 든든한 가교이며 양국 경제동맹의 훌륭한 파트너”라며 “지난해 발효된 ‘한미 FTA 개정협정’에 힘입어 양국 교역액은 사상 최고인 1352억 불을 기록했다”고 설명했다.문 대통령은 “삼성전자는 텍사스주에, 현대차그룹은 앨라배마와 조지아주에, 두산밥캣은 노스다코타와 노스캐롤라이나주에 투자하고 있으며, 롯데케미칼, SK이노베이션, 한국타이어, LG전자도 투자를 늘려 누적 투자액이 1475억 불에 이르렀고 미국의 일자리 창출과 산업 발전에 기여하고 있다”며 구체적 사례를 열거하기도 했다.문 대통령은 “미국의 각 주에서는 한국 기업을 전폭적으로 지원해 주었고 전미주지사협회는 KOTRA와 함께 ‘한미투자협력포럼’을 개최하여 양국 간 투자 네트워크의 확대에 힘써주셨다”며 “전미주지사협회에 진심으로 감사드리며, 양국의 상생 번영을 위해 한국 정부도 항상 함께하겠다”고 말했다.임성수 기자 joylss@kmib.co.kr[국민일보 채널 구독하기][취향저격 뉴스는 여기] [의뢰하세요 취재대행소 왱]GoodNews paper ⓒ 국민일보(www.kmib.co.kr), 무단전재 및 재배포금지"
22,“수소연료전지드론 하반기 북미 본격 판매”,2020.01.10,"박정원 두산그룹 회장  국내외 기업 부스 꼼꼼히 둘러봐“두산그룹이 미래에 할 일이 아직 더 많은 것 같습니다. 이번 CES를 계기로 하반기에 수소연료전지드론 북미 판매를 본격화할 계획입니다.” 박정원(사진) 두산그룹 회장이 8일(현지시간) ‘CES 2020’이 열리고 있는 미국 라스베이거스 컨벤션센터에서 기자들을 만나 이같이 말했다.  박 회장은 사우스홀에 위치한 두산 전시관을 시작으로 현대자동차, 삼성, LG를 비롯한 국내외 기업들의 부스를 꼽꼼히 둘러봤다. 박 회장은 인공지능(AI), 드론, 5G, 협동로봇, 사물인터넷(IoT), 모빌리티 등 두산 사업과 연관된 기술을 중심으로 최신 트렌드를 꼼꼼히 살폈다.  두산은 이번 CES에 처음으로 공식 참가했다. ‘우리의 기술로 보다 안전하고 편리한 미래를 만든다’는 목표로 에너지, 건설기계, 로봇, 드론 등 각 사업 분야에서 두산이 지향하는 미래상을 선보였다. 두산은 올해 협동로봇 매출 500억원, 수소연료전지드론 매출 100억원가량을 예상하고 있다.   전시장을 둘러본 박 회장은 경영진에게 “우리 사업 분야에서 최신기술 트렌드를 선도할 수 있도록 많은 고민과 실천을 해야 한다”면서 “올해 CES에서 우리가 제시한 미래 모습을 앞당기는 데 힘을 기울여 나가자”고 당부하기도 했다.  두산 전시관에는 두산로보틱스의 협동로봇, 이번 CES에서 최고혁신상을 받은 수소연료전지 드론과 5G 실시간 통신을 기반으로 한 건설현장 종합관제 솔루션 ‘콘셉트 엑스’ 등이 전시됐다. 두산밥캣 장비에 탑승해 직접 체험해 볼 수 있는 증강현실(AR) 작업 프로그램 등도 선보였다.라스베이거스=임세정 기자[국민일보 채널 구독하기][취향저격 뉴스는 여기] [의뢰하세요 취재대행소 왱]GoodNews paper ⓒ 국민일보(www.kmib.co.kr), 무단전재 및 재배포금지"
23,"현대重, 두산인프라코어 품고 ‘글로벌 10위’ 눈앞",2020.12.11,"인수 우선협상대상자로 선정최종 성사땐 엔진사업 보완… 글로벌 시장 공략 시너지 효과두산그룹, 사업구조조정 일단락… 자구안 연내 초과 달성할 듯두산그룹 구조조정의 마지막 퍼즐이었던 두산인프라코어를 현대중공업그룹이 품을 것으로 보인다. 건설기계 국내 1위인 두산인프라코어 인수가 계획대로 성사되면 현대중공업그룹은 두산인프라코어와 기존의 현대건설기계를 양대 축으로 한 글로벌 10위권 건설기계 기업으로 도약할 것으로 보인다. 두산중공업의 유동성 위기로 긴급 자금을 수혈받으면서 약속한 두산그룹의 사업 구조조정도 이번을 끝으로 일단락될 것으로 전망된다.○ 현대중공업, 세계 10위권 건설기계 기업 두산중공업은 10일 현대중공업지주 컨소시엄이 두산인프라코어 지분 매각 우선협상대상자로 결정됐다고 공시했다. 지난달 매각 주관사인 크레디트스위스(CS)가 두산중공업이 보유한 두산인프라코어 지분 36.07%를 파는 본입찰을 진행했을 때 현대중공업 컨소시엄과 유진그룹이 참여했다. 건설기계 업계에서는 현대건설기계가 국내외 시장 점유율에서 덩치가 더 큰 두산인프라코어와 한 몸이 되면 다양한 시너지 효과를 낼 수 있을 것으로 보고 있다. 두산인프라코어는 건설기계 사업, 엔진 사업을 갖고 있다. 엔진 사업이 없는 현대건설기계로서는 굴착기 엔진 등에서 취약점을 보완할 수 있을 것으로 보인다. 또 중국 시장에서 성장하고 있는 두산인프라코어의 장점을 살려 해외 시장 확장에 속도를 낼 수 있을 것으로 전망된다. 두산인프라코어의 인력과 연구개발(R&D) 역량, 특허 및 글로벌 네트워킹도 도움이 될 수 있다. 두산인프라코어가 자회사로 거느리고 있던 두산밥캣과 분리, 매각되는 점을 감안하면 두 회사의 매출을 합한 글로벌 시장 점유율은 10위권 정도로 예상된다. ○ 두산, 사업 구조조정 일단락 두산그룹은 이번 매각이 종료되면 KDB산업은행 등 채권단으로부터 자금 지원을 받으면서 약속했던 자구안을 계획대로 이행할 수 있을 것으로 보인다. 두산그룹은 4월 두산중공업의 경영 정상화를 위해 3조6000억 원의 자금을 지원받으면서 올해 안에 자산 매각 등을 통해 3조 원 이상을 확보하고 1조 원 이상의 차입금을 상환하겠다는 자구안을 내놓은 바 있다. 두산그룹은 8월에 강원 홍천군 클럽모우CC 골프장을 매각한 대금으로 차입금 반환을 시작해 두산솔루스, 두산타워 등 매각도 진행했다. 최근엔 두산중공업이 1조2000억 원 규모의 유상증자 청약도 성공적으로 마무리했다. 재무구조 개선을 위한 가장 큰 숙제였던 두산인프라코어 매각까지 연내에 마무리 지으면 채권단에 약속한 이행안을 초과 달성하는 것도 가능하다. 업계에서는 경영권 프리미엄을 감안하면 두산인프라코어 매각 대금은 8000억 원 안팎일 것으로 보고 있다. 두산밥캣은 투자회사 형태로 남아서 두산중공업의 자회사가 될 가능성이 크다. 박정원 두산그룹 회장은 6월 그룹 전 직원에게 메일을 보내 “정부의 관심과 채권단의 지원으로 유동성 문제를 해결할 기반은 마련했지만 금전적 부채를 넘어 사회적 부채를 지게 됐다”고 밝힌 바 있다. 이번에 기업을 조기에 정상화함으로써 사회적 부채도 빨리 갚을 수 있을 것이라는 게 업계의 전망이다.김도형 dodo@donga.com·서형석 기자 ▶ 네이버에서 [동아일보] 채널 구독하기▶ 증발에 운다…그렇게 부모가 되지 못했다▶ “말이 안 통해”… 극과 극이 만난다면?ⓒ 동아일보 & donga.com, 무단 전재 및 재배포 금지"
24,"두산인프라코어 ‘현대중공업’ 품으로…두산, 구조조정 일단락",2020.12.10,"두산그룹 구조조정의 마지막 퍼즐이었던 두산인프라코어를 현대중공업그룹이 품을 것으로 보인다. 건설기계 국내 1위인 두산인프라코어 인수가 계획대로 성사되면 현대중공업그룹은 두산인프라코어와 기존의 현대건설기계를 양대 축으로 한 글로벌 10위권 건설기계 기업으로 도약할 것으로 보인다. 두산중공업의 유동성 위기로 긴급 자금을 수혈 받으면서 약속한 두산그룹의 사업 구조조정도 이번을 끝으로 일단락될 것으로 전망된다.● 현대중공업, 세계 10위권 건설기계 기업  두산중공업은 10일 현대중공업지주 컨소시엄이 두산인프라코어 지분 매각 우선협상대상자로 결정됐다고 공시했다. 지난달 매각 주관사인 크레디트스위스(CS)가 두산중공업이 보유한 두산인프라코어 지분 36.07%를 파는 본입찰을 진행했을 때 현대중공업 컨소시엄과 유진그룹이 참여했다.  건설기계 업계에서는 현대건설기계가 국내·외 시장 점유율에서 덩치가 더 큰 두산인프라코어와 한 몸이 되면 다양한 시너지 효과를 낼 수 있을 것으로 보고 있다. 두산인프라코어는 건설기계 사업, 엔진 사업을 갖고 있다. 엔진 사업이 없는 현대건설기계로서는 굴삭기 엔진 등에서 취약점을 보완할 수 있을 것으로 보인다.  또 중국 시장에서 성장하고 있는 두산인프라코어의 장점을 살려 해외 시장 확장에 속도를 낼 수 있을 것으로 전망된다. 두산인프라코어의 인력과 연구개발(R&D) 역량, 특허 및 글로벌 네트워킹도 도움이 될 수 있다.  두산인프라코어가 자회사로 거느리고 있던 두산밥캣과 분리, 매각되는 점을 감안하면 두 회사의 매출을 합한 글로벌 시장 점유율은 10위권 정도로 예상된다. 현대중공업그룹 관계자는 “우선협상대상자로 결정된 만큼 본계약 체결까지 성실하게 절차를 진행하겠다”고 밝혔다.● 두산, 사업구조조정 일단락  두산그룹은 이번 매각이 종료되면 KDB산업은행 등 채권단으로부터 자금지원을 받으면서 약속했던 자구안을 계획대로 이행할 수 있을 것으로 보인다. 두산그룹은 4월 두산중공업의 경영 정상화를 위해 3조6000억 원의 자금을 지원받으면서 올해 안에 자산매각 등을 통해 3조 원 이상을 확보하고 1조 원 이상의 차입금을 상환하겠다는 자구안을 내놓은 바 있다.  두산그룹은 8월에 강원 홍천군 클럽모우CC 골프장을 매각한 대금으로 차입금 반환을 시작해 두산솔루스, 두산타워 등 매각도 진행했다. 최근엔 두산중공업이 1조2000억원 규모의 유상증자 청약도 성공적으로 마무리했다. 재무구조 개선을 위한 가장 큰 숙제였던 두산인프라코어 매각까지 연내에 마무리 지으면 채권단에 약속한 이행안을 초과 달성하는 것도 가능하다. 업계에서는 경영권 프리미엄을 감안하면 두산인프라코어 매각 대금은 8000억 원 안팎일 것으로 보고 있다.  박정원 두산그룹 회장은 6월 그룹 전 직원들에게 메일을 보내 “정부의 관심과 채권단의 지원으로 유동성 문제를 해결할 기반은 마련했지만 금전적인 부채를 넘어 사회적인 부채를 지게 됐다”고 밝힌 바 있다. 이번에 기업을 조기에 정상화함으로써 사회적인 부채도 빨리 갚을 수 있을 것이라는 게 업계의 전망이다.김도형 기자 dodo@donga.com서형석기자 skytree08@donga.com▶ 네이버에서 [동아일보] 채널 구독하기▶ 증발에 운다…그렇게 부모가 되지 못했다▶ “말이 안 통해”… 극과 극이 만난다면?ⓒ 동아일보 & donga.com, 무단 전재 및 재배포 금지"
25,[경제계 인사]두산밥캣,2020.07.23,"◇두산밥캣 ＜승진＞ △상무 김동혁▶ 네이버에서 [동아일보] 채널 구독하기▶ 집 볼 때 쓰는 메모장 '집보장'ⓒ 동아일보 & donga.com, 무단 전재 및 재배포 금지"
26,"현대重, 두산인프라코어 인수 참여",2020.09.29,"지분 36% 매각가 최고 1조 전망성사땐 건설기계 최대기업 도약현대중공업그룹이 두산인프라코어 인수를 위한 예비입찰에 참여했다. 인수가 성사되면 국내 건설기계 분야 최대 기업으로 도약한다. 현대중공업그룹의 지주사인 현대중공업지주는 28일 “두산인프라코어 매각 우선협상대상자 선정을 위한 예비입찰에 응해 제안서를 제출했다”고 밝혔다. 지난달까지 “의향이 없다”며 인수설을 부인했지만, 최근 KDB산업은행의 투자전문 자회사인 KDB인베스트먼트(KDBI)와 함께 참여하기로 하고 이날 예비입찰 신청서를 제출했다. 현대중공업그룹 외에 사모펀드인 MBK파트너스도 인수전에 참여한 것으로 전해졌다. 최근 두산그룹이 현재 진행 중인 두산인프라코어차이나(DICC)의 소송 결과에 따른 우발채무 7000여억 원을 떠안기로 하면서 인수 부담이 줄자 예상 밖의 선전을 한 걸로 보인다. 이번 매각 대상은 두산중공업이 보유한 두산인프라코어 지분 36.27%로 매각가는 8000억∼1조 원 수준이다. 두산인프라코어의 자회사 두산밥캣은 이번 매각에선 제외돼 두산그룹에 남는다. 현대중공업그룹이 두산인프라코어를 인수할 경우 단숨에 연 매출 8조 원대의 대형 건설기계업체가 탄생하게 된다. 현대중공업그룹 계열인 현대건설기계와 두산인프라코어의 지난해 매출(두산밥캣 및 엔진사업 제외)은 각각 2조8521억 원, 5조4283억 원이었다. 여기에 현대의 물류·하역용 산업차량사업, 두산의 엔진사업 등과의 결합에 따른 상승 효과도 기대할 수 있다. 한편 두산인프라코어 매각이 성공하면 차입금 3조 원 상환을 위한 두산그룹의 두산중공업 경영 정상화 계획은 속도를 낼 것으로 보인다. 앞서 주요 계열사와 비주력 자산 매각의 연이은 성공에 이어 ㈜두산의 1조3000억 원 규모 두산중공업 유상증자 참여, 가스터빈을 앞세운 친환경 에너지로의 사업구조 개편 등 자구안들도 계획대로 진행 중이다.서형석 skytree08@donga.com·강유현 기자▶ 네이버에서 [동아일보] 채널 구독하기▶ 코로나는 이겼지만 주홍글씨에 울다▶ “말이 안 통해”… 극과 극이 만난다면?ⓒ 동아일보 & donga.com, 무단 전재 및 재배포 금지"
27,두산 “자산매각 등 3조 마련”… 채권단 “8000억 추가 지원”,2020.04.28,"산은-수은, 그룹 자구안 수용두산重 유상증자… ㈜두산도 참여오너 일가 배당 안받고 급여 반납… 두산밥캣-인프라코어 매각 가능성두산그룹이 유동성 위기에 빠진 두산중공업의 정상화를 위해 3조 원을 마련하겠다는 자구안을 확정했다. 채권단은 이를 수용해 8000억 원을 추가 지원하는 방안을 검토하고 있다. 두산그룹은 27일 KDB산업은행, 한국수출입은행 등 채권단에 자산 매각과 비용 감축을 뼈대로 한 최종 자구안을 제출했다. 자구안에는 두산중공업의 유상증자에 모회사이자 최대주주인 ㈜두산을 비롯한 대주주들이 참여하는 내용이 담겼다. 두산그룹 오너 일가는 책임경영 차원에서 배당과 상여금을 포기하고, 급여도 대폭 반납하기로 했다. 재계에서는 두산그룹이 3조 원을 마련하기 위해 어떤 자산을 매각할지에 관심이 쏠리고 있다. 두산그룹이 앞서 제출한 자구안에서는 전자·바이오 소재 사업을 주력으로 하는 두산솔루스와 그룹 내 신성장동력으로 평가받는 연료전지 회사 두산퓨얼셀이 매각 대상으로 거론됐다. 하지만 두 회사의 예상 매각가가 1조 원 남짓에 불과하기에 3조 원을 마련하려면 더 큰 계열사를 내놓아야 한다는 분석이 나온다. 두산건설은 이미 경영이 부실해 매각 성사 가능성이 떨어진다. 이 때문에 그룹 내 최고 알짜회사로 꼽히는 두산밥캣과 두산인프라코어가 매각 대상이라는 분석이 나오고 있다. 두산인프라코어가 보유하고 있는 두산밥캣의 지분은 51%로 시장 가치는 약 3조 원 이상이다. 하지만 이미 두산인프라코어가 밥캣의 지분을 대부분 담보로 잡고 있어 담보가치를 빼고 경영권 프리미엄 등을 감안하면 최소 1조 원 이상의 현금을 확보할 수 있을 것으로 추정된다. 일각에선 두산그룹의 밥캣 지분 매각은 최후의 수단일 것이라는 관측도 나온다. 두산그룹이 밥캣 인수를 위해 5조 원이 넘는 자금을 쏟아 부었고 위기를 겪다 효자 계열사가 된 상황에서 쉽게 손을 놓기 힘들 것이라는 분석 때문이다. 채권단 고위 관계자는 “자구안에 기업명이 담겨 있지는 않지만 그룹 측에서 상황에 따라 모든 계열사 및 자산에 대한 경영권을 방어하지 않겠다는 내용이 담겼다”고 했다. 채권단이 다음 달 초 8000억 원을 추가 지원하면 최근 지원한 1조6000억 원을 포함해 총 2조4000억 원을 두산에 수혈해주게 된다. 여기에 나머지 국내 은행 채권 1조2000억 원 중 일부를 갚기 위한 돈도 다음 달 두산중공업 실사 이후 추가 지원할 가능성도 열려 있다. 채권단은 두산그룹에 대한 최종 유동성 지원 규모를 다음 달 초 마무리될 실사 이후 확정할 계획이다. 김형민 kalssam35@donga.com·서형석 기자▶ 네이버에서 [동아일보] 채널 구독하기▶ 집 볼 때 쓰는 메모장 '집보장'ⓒ 동아일보 & donga.com, 무단 전재 및 재배포 금지"
28,‘4세 경영·과감한 구조조정’까지…또 다른 100년 시작하는 두산,2020.02.13,"“창업 100주년은 또 다른 100주년의 시작입니다.”   1996년 7월 31일. 박용곤 당시 회장은 창립 100주년 기자간담회에서 “지난 100년처럼 두산은 21세기에도 새로운 사회를 열어가는 선도 기업의 역할을 다하겠다”며 이같이 말했다.  당시 국내 대기업 중 창립 100주년을 맞은 곳은 두산이 최초였다. 두산은 1896년 박용곤 회장의 조부인 박승직 창업주가 서울 종로4가 배오개 인근에 ‘박승직 상점’을 연 것을 두산의 효시로 본다. 기네스협회도 인정한 한국 최고(最古) 기업 두산그룹의 역사가 시작된 순간이었다.  창립 100주년 기자간담회 후 20년이 지난 2016년. 두산은 또다시 한국 기업사에 최초 기록을 얹었다. 한국 대기업 최초로 4세 경영을 시작한 것이다. 2016년 3월 박정원 ㈜두산 지주부문 회장이 그룹 회장에 오르면서 4세 경영이 시작됐다. 120여 년 동안 온갖 위기를 돌파하고 살아남은 기업이라는 것을 상징적으로 보여주는 장면이기도 했다. 크레디트스위스에 따르면 미국 스탠더드앤드푸어스(S&P) 500대 기업의 평균 수명은 1950년대 50년에서 최근엔 20년 이하로 줄어든 상태다. 재계는 두산의 ‘변화’ DNA와 이를 뒷받침한 두산만의 독특한 지배구조를 ‘장수’의 비결로 꼽는다.● 모태사업을 넘어 글로벌 제조기업으로  1998년 10월 외환위기 와중에 김대중 대통령은 두산을 비롯한 13개 기업을 청와대로 초청했다. ‘구조조정 모범 사례’ 기업으로 뽑혔기 때문이다. 당시 두산은 코카콜라 사업권 매각부터 두산의 모태사업과 다름없던 OB맥주마저 지분 매각에 나선 상태였다.   사실 100주년을 맞았던 1996년부터 두산은 위기 상태였다. 1991년 낙동강 페놀 유출 사건 등으로 주력 사업이던 OB맥주의 시장 점유율이 경쟁사에 뒤처지고 있었다. 1993년 회장이 된 박용곤 회장은 위기를 벗어나려면 변화가 필수라고 생각했다. 지금은 너무도 당연한 명제인 “팔릴 물건을 내놔야 시장에서 제값에 팔린다”를 앞세운 건 당시로선 혁신적이었다. 많은 대기업이 ‘대마불사’에 기대어 빈사 상태의 계열사를 시장에 내놓기 일쑤였던 때였다. 장사가 되던 네슬레코리아, 코카콜라코리아를 비롯해 위스키 사업 등을 접고 OB맥주 매각도 추진했다.  두산의 행보는 재계에서 화제를 모았다. 1952년 박승직 창업주의 장남인 박두병 두산 초대 회장이 옛 기린맥주 공장을 인수해 동양맥주를 설립한 건 두산이 근대 기업으로서의 출발을 알린 신호였다. ‘전쟁 통에 누가 맥주를 마시냐’는 주변의 반대 속에서도 전쟁 통에 폐허가 된 옛 공장을 사들여 시작한 사업이었다.  하지만 100년 동안 내수 위주 사업에 30여 개 계열사로 무거워진 두산은 과감한 구조조정의 칼을 빼들었다. 1998년에는 계열사 매각 및 합병으로 계열사가 4개까지 줄어들기도 했다. 외환위기가 오기 전 시작한 두산의 구조조정은 뉴스위크 등 주요 외신의 조명을 받기도 했다.● 기술 중심 회사로 변신  팔릴 만한 물건을 내놔 충분한 자금을 확보한 두산은 2001년 한국중공업(현 두산중공업), 2005년 대우종합기계(현 두산인프라코어), 2007년 밥캣(두산밥캣)을 인수하며 글로벌 기계·발전사업 회사로 변신했다.  박용곤 당시 회장이 100주년 기자간담회에서 “신규 사업으로 메카트로닉스(기계 및 전자 공학) 사업을 추진하고 있다”고 밝힌 대로 변신에 성공한 것이다.  소비재 기업에서 제조 기반 기업으로 변신한 결과 두산은 해수담수화 분야 세계 1위(두산중공업), 소형 건설장비 스키드 스티어 로더와 어태치먼트 분야 세계 1위(두산밥캣), 세계 건설기계 시장 글로벌 톱10(두산인프라코어) 기업으로 성장할 수 있었다.   지난해 프랑스 케지 비즈니스스쿨 경영학 박사학위 논문으로 두산의 변신 사례를 연구한 박태원 두산건설 부회장은 논문에서 ‘두산은 사업을 이어가는 것보다 기업을 이어가는 것이 중요하다고 봤다’고 분석했다. 기업의 생존에 중점을 둔 두산은 경영진의 ‘집단 지성의 힘’이 변화의 원동력이 됐다는 의미다. 4세 경영이 시작된 박정원 회장 대에도 두산은 박지원 두산그룹 부회장이 박 회장을 보좌하며 그룹 경영에 힘을 보태고 있다.  박정원 회장이 추진하는 두산의 변신은 디지털 전환이다. 2016년 취임 직후 최고디지털혁신(CDO) 조직을 신설한 데 이어 두산인프라코어의 무인 자동화 건설 솔루션 ‘컨셉트 엑스’, 스마트폰을 이용한 두산밥캣의 원격조종 기술 ‘맥스 컨트롤’ 등 디지털 전환에 총력을 기울이고 있다. 협동로봇(두산로보틱스)과 수소연료전지 드론(두산모빌리티이노베이션·2019년) 등 신사업도 주목받고 있다. 지난해에는 국내에서 처음으로 발전용 대형 가스터빈 기술을 선보이며 기술력을 과시했다. 가스터빈이 2023년 상용화되면 2030년까지 10조 원의 수입 대체 효과가 기대된다.  지난해 개발에 성공한 ‘발전용 대형 가스터빈’의 성능 시험까지 성공하면 한국은 미국, 독일, 일본, 이탈리아와 함께 발전용 대형 가스터빈 기술을 보유한 5개국에 이름을 올리게 된다. 발전용 가스터빈은 ‘기계공학의 꽃’이라고 불릴 정도로 고도의 기술을 필요로 한다.   박정원 회장은 지난달 미국 라스베이거스에서 열린 세계 최대 가전·정보기술(IT) 전시회 ‘CES 2020’에 마련된 두산그룹 전시관에서 기자들과 만나 “두산은 최신 기술 트렌드를 선도할 수 있도록 많은 고민과 실천을 해야 한다”고 강조했다.▶ 네이버 홈에서 [동아일보] 채널 구독하기▶ 트롯가수 응원은 '트롯픽'에서 / 집 볼 때 쓰는 메모장 '집보장'ⓒ 동아일보 & donga.com, 무단 전재 및 재배포 금지"
29,맥주→중공업→로봇-연료전지… 124년간 이어진 ‘변화 DNA’,2020.02.14,"[한국기업 100년 퀀텀점프의 순간들]＜15＞ 위기를 기회로 바꾼 두산그룹“창립 100주년은 또 다른 100주년의 시작입니다.”  1996년 7월 31일. 박용곤 당시 회장은 창립 100주년 기자간담회에서 “지난 100년처럼 두산은 21세기에도 새로운 사회를 열어가는 선도 기업의 역할을 다하겠다”며 이같이 말했다. 당시 국내 대기업 중 창립 100주년을 맞은 곳은 두산이 최초였다. 두산은 1896년 박용곤 회장의 조부인 박승직 창업주가 서울 종로4가 배오개 인근에 ‘박승직 상점’을 연 것을 두산의 효시로 본다. 기네스협회도 인정한 한국 최고(最古) 기업 두산그룹의 역사가 시작된 순간이었다. 창립 100주년 기자간담회 후 20년이 지난 2016년. 두산은 또다시 한국 기업사에 최초 기록을 얹었다. 한국 대기업 최초로 4세 경영을 시작한 것이다. 2016년 3월 박정원 ㈜두산 지주부문 회장이 그룹 회장직에 오르면서 4세 경영이 시작됐다. 120년 동안 온갖 위기를 돌파하고 살아남은 기업이라는 것을 상징적으로 보여주는 장면이기도 했다. 글로벌 투자은행 크레디트스위스에 따르면 미국 스탠더드앤드푸어스(S&P) 500대 기업의 평균 수명은 1950년대 50년에서 최근엔 20년 이하로 줄어든 상태다. 재계는 두산의 ‘변화’ DNA와 이를 뒷받침한 두산만의 독특한 지배구조를 ‘장수’의 비결로 꼽는다.○ 모태사업을 넘어 글로벌 제조기업으로 1998년 10월 외환위기 와중에 김대중 대통령은 두산을 비롯한 13개 기업을 청와대로 초청했다. ‘구조조정 모범 사례’ 기업으로 뽑혔기 때문이다. 당시 두산은 코카콜라 사업권 매각부터 두산의 모태사업과 다름없던 OB맥주마저 지분 매각에 나선 상태였다.  사실 100주년을 맞았던 1996년부터 두산은 위기 상태였다. 1991년 낙동강 페놀 유출 사건 등으로 주력 사업이던 OB맥주의 시장 점유율이 경쟁사에 뒤처지고 있었다. 1993년 회장이 된 박용곤 회장은 위기를 벗어나려면 변화가 필수라고 생각했다. 지금은 너무도 당연한 명제인 “팔릴 물건을 내놔야 시장에서 제값에 팔린다”를 앞세운 건 당시로선 혁신적이었다. 많은 대기업이 ‘대마불사’에 기대어 빈사 상태의 계열사를 시장에 내놓기 일쑤였던 때였다. 장사가 되던 네슬레코리아, 코카콜라코리아를 비롯해 위스키 사업 등을 접고 OB맥주 매각도 추진했다. 두산의 행보는 재계에서 화제를 모았다. 1952년 박승직 창업주의 장남인 박두병 두산 초대 회장이 옛 기린맥주 공장을 인수해 동양맥주를 설립한 건 두산이 근대 기업으로서의 출발을 알린 신호였다. ‘전쟁 통에 누가 맥주를 마시냐’는 주변의 반대 속에서도 전쟁 통에 폐허가 된 옛 공장을 사들여 시작한 사업이었다. 하지만 100년 동안 내수 위주 사업에 30여 개 계열사로 무거워진 두산은 과감한 구조조정의 칼을 빼들었다. 1998년에는 계열사 매각 및 합병으로 계열사가 4개까지 줄어들기도 했다. 외환위기가 오기 전 시작한 두산의 구조조정은 뉴스위크 등 주요 외신의 조명을 받기도 했다.○ 기술 중심 회사로 변신 팔릴 만한 물건을 내놔 충분한 자금을 확보한 두산은 2001년 한국중공업(현 두산중공업), 2005년 대우종합기계(현 두산인프라코어), 2007년 밥캣(현 두산밥캣)을 인수하며 글로벌 기계·발전사업 회사로 변신했다. 박용곤 당시 회장이 100주년 기자간담회에서 “신규 사업으로 메카트로닉스(기계 및 전자공학) 사업을 추진하고 있다”고 밝힌 대로 변신에 성공한 것이다. 소비재 기업에서 제조 기반 기업으로 변신한 결과 두산은 해수담수화 분야 세계 1위(두산중공업), 소형 건설장비 스키드 스티어 로더와 어태치먼트 분야 세계 1위(두산밥캣), 세계 건설기계 시장 글로벌 톱10(두산인프라코어) 기업으로 성장할 수 있었다.  지난해 프랑스 케지 비즈니스스쿨 경영학 박사학위 논문으로 두산의 변신 사례를 연구한 박태원 두산건설 부회장은 논문에서 ‘두산은 사업을 이어가는 것보다 기업을 이어가는 것이 중요하다고 봤다’고 분석했다. 기업의 생존에 중점을 둔 두산은 경영진의 ‘집단 지성의 힘’이 변화의 원동력이 됐다는 의미다. 4세 경영이 시작된 박정원 회장 대에도 두산은 박지원 두산그룹 부회장이 박 회장을 보좌하며 그룹 경영에 힘을 보태고 있다. 박정원 회장이 추진하는 두산의 변신은 디지털 전환이다. 2016년 취임 직후 최고디지털혁신(CDO) 조직을 신설한 데 이어 두산인프라코어의 무인 자동화 건설 솔루션 ‘컨셉트 엑스’, 스마트폰을 이용한 두산밥캣의 원격조종 기술 ‘맥스 컨트롤’ 등 디지털 전환에 총력을 기울이고 있다. 협동로봇(두산로보틱스)과 수소연료전지 드론(두산모빌리티이노베이션·2019년) 등 신사업도 주목받고 있다. 지난해에는 국내에서 처음으로 발전용 대형 가스터빈 기술을 선보이며 기술력을 과시했다. 가스터빈이 2023년 상용화되면 2030년까지 10조 원의 수입 대체 효과가 기대된다. 박정원 회장은 지난달 미국 라스베이거스에서 열린 세계 최대 가전·정보기술(IT) 전시회 ‘CES 2020’에 마련된 두산그룹 전시관에서 기자들과 만나 “두산은 최신 기술 트렌드를 선도할 수 있도록 많은 고민과 실천을 해야 한다”고 강조했다.김현수 기자 kimhs@donga.com ▶ 네이버 홈에서 [동아일보] 채널 구독하기▶ 트롯가수 응원은 '트롯픽'에서 / 집 볼 때 쓰는 메모장 '집보장'ⓒ 동아일보 & donga.com, 무단 전재 및 재배포 금지"
30,"두산그룹, 두산인프라코어 中법인 패소땐 배상액 책임지기로",2020.09.18,"22일 예비입찰 앞두고 결론 내려… 신속 매각 위해 최대 걸림돌 제거구조조정 성공땐 3조이상 확충효과두산그룹이 재무구조 개선 작업의 핵심 과제인 두산인프라코어 매각을 위해 최대 1조 원으로 추정되는 소송 리스크를 전부 떠안기로 한 것으로 알려졌다. 매각 이후 발생할 수 있는 잠재 부실의 뇌관까지 미리 제거해주겠다는 것이다. 17일 금융권에 따르면 두산그룹은 인프라코어의 중국법인(DICC·두산인프라코어차이나)을 둘러싼 소송에서 최종 패소할 경우 물어야 할 배상액을 그룹이 모두 책임지기로 결정했다. 현재 세부 실행방안을 세우고 법률 검토를 진행 중인 것으로 전해졌다.앞서 2011년 인프라코어는 기업공개(IPO)를 전제로 중국법인 지분 20%를 국내 사모펀드 등에 3800억 원을 받고 팔았다. 하지만 IPO가 진행되지 않자 투자자들은 계약에 따라 중국법인 전체를 제3자에 매각하려 했다. 두산 측이 이를 반대하자 소송으로 이어져 1심은 두산이, 2심은 투자자들이 승소했다. 만약 두산이 최종 패소하면 적게는 투자원금 3800억 원, 많게는 예상수익률과 지연이자를 더해 최대 1조 원의 배상금을 물어줘야 한다. 이 때문에 중국법인 소송 건이 인프라코어 매각 과정에서 최대 걸림돌로 꼽혀 왔다. 매각이 완료된 뒤 최종심 결과가 나오면 인수자가 배상금을 떠안아야 할 수 있기 때문이다.두산그룹이 소송 결과를 책임지겠다고 함에 따라 인프라코어 매각 작업이 탄력을 받을 것으로 보인다. 그룹 측은 인프라코어 지분 36.07%(7500만 주)와 신수인수권(900만 주)을 매물로 내놓고 22일 예비입찰을 진행한다. 이후 채권단과 약정한 대로 연내 인수자를 선정할 계획이다.투자은행(IB)업계에서는 두산인프라코어의 매각 가격을 적게는 8000억 원, 많게는 1조 원 이상으로 보고 있다. 17일 두산인프라코어 시가총액(1조6560억 원)과 경영권 프리미엄, 사업가치 등을 감안한 수치다. 잠재 매수자로는 현대중공업, 한화 등 유관업종 기업이나 MBK파트너스, 한앤컴퍼니 등 대형 사모펀드가 꼽힌다. 다만 인프라코어 영업이익의 60%를 담당하는 알짜 자회사 두산밥캣이 매각 대상에서 제외된 것은 한계로 꼽힌다.두산그룹은 4월 채권단에 최종 자구안을 제출한 이후 적극적인 계열사 매각과 유상증자 등을 추진해 ‘구조조정 모범생’으로 불린다. 두산솔루스, 클럽모우CC, ㈜두산 모트롤 사업부, 네오플럭스 등을 팔았고 두산타워와 두산건설도 매각을 진행 중이다. 양지환 대신증권 자산리서치부 팀장은 “두산그룹이 두산인프라코어를 1조 원 이상에 매각하면 구조조정을 통해 총 3조 원 이상의 자본확충 효과를 볼 것”이라고 전망했다.강유현 기자 yhkang@donga.com▶ 네이버에서 [동아일보] 채널 구독하기▶ 코로나는 이겼지만 주홍글씨에 울다▶ “말이 안 통해”… 극과 극이 만난다면?ⓒ 동아일보 & donga.com, 무단 전재 및 재배포 금지"
31,"[간추린 뉴스]기아차-구글, AI 기반 車 기능설명서 앱 개발 外",2020.06.19,"■ 기아차-구글, AI 기반 車 기능설명서 앱 개발기아자동차는 구글클라우드와 협업해 인공지능(AI) 기반의 자동차 기능 설명서 애플리케이션(앱) ‘기아 오너스 매뉴얼’을 개발했다고 18일 밝혔다. 이 앱은 스마트폰 카메라로 차량 내부를 비추면 해당 부분의 이름과 작동법을 증강현실(AR)을 이용해 알려준다. 구글클라우드 AI의 학습능력을 이용해 사용자가 어떤 각도와 위치에서 비추더라도 정확한 차종과 기능을 파악해낸다. 기아차는 이 앱을 올 하반기(7∼12월) 이후 출시되는 신차부터 적용할 계획이다.  ■ 농심켈로그 ‘첵스 파맛’ 한정 출시농심켈로그가 대파로 만든 ‘첵스 파맛’(사진)을 한정 출시한다. 농심켈로그가 2004년 밀크초코맛 ‘체키’와 파맛 ‘차카’ 캐릭터를 앞세워 대통령 선거 이벤트를 진행한 뒤 고객들이 파맛 첵스 출시를 지속적으로 요청해왔기 때문이다. 농심켈로그는 22일까지 제품을 먼저 맛볼 수 있는 시식단을 신청 받는다. 신청 링크는 농심켈로그 공식 유튜브, 인스타그램에서 확인할 수 있다.  ■ 두산밥캣, 북미시장서 1∼5월 1400대 판매두산밥캣이 북미 콤팩트 트랙터 시장에서 올해 5월까지 누적 판매 1400대를 기록했다고 18일 밝혔다. 신종 코로나바이러스 감염증(코로나19) 여파에도 불구하고 이 추세라면 올해 연간 판매 목표인 3000대를 초과 달성할 것으로 보인다. 북미 콤팩트 트랙터 시장은 연간 약 17만 대 규모다. 두산밥캣은 2025년까지 시장점유율 10%, 매출 3000억 원 달성을 목표로 하고 있다. ▶ 네이버에서 [동아일보] 채널 구독하기▶ 집 볼 때 쓰는 메모장 '집보장'ⓒ 동아일보 & donga.com, 무단 전재 및 재배포 금지"
32,정책 때문에 천당지옥 오간 두산중공업[오늘과 내일/하임숙],2020.09.07,"기업을 죽이기도 살리기도 하는 정책정부 힘 발휘에 신중치 않으면 국민 피해두산중공업 경영진은 최근 주변에서 “주가가 이렇게 뜬다고 왜 이야기 안 해 줬나”라는 타박을 여러 차례 듣고 있다. 그럴 만도 하다. 올해 초만 해도 2500원 근처를 오르내리던 주가가 요새 1만5000원 선을 오가고 있기 때문이다. 이들은 이렇게 답한다. “난들 알았겠나. 우리 회사 주가가 이렇게 이상하게 많이 오를 줄.” 요새 인기 있는 기술주도 아닌데 이 회사 주가가 경영진이 예측도 못 한 새 급등한 건 정부 정책 덕분이다. 요새 한참 말이 많은 ‘그린 뉴딜’의 수혜주로 급부상한 것이다. 한국형 뉴딜 사업 중 말 많고 탈 많을 것으로 예상되는 뉴딜 펀드와 별개로, 정부가 그린 뉴딜 중 하나로 신재생에너지를 키우겠다며 꼽은 내용에 풍력발전이 들어 있다. 두산중공업은 현재 한국에서 거의 유일하게 풍력발전소를 지을 시공 능력이 있고, 기술력이 검증된 기자재를 납품할 수 있는 회사다. 특히 해상풍력발전 실적을 유일하게 갖고 있다. 두산은 2005년 이 시장에 뛰어들어 15년간 기술을 닦았다. 그간 대우조선, 현대중공업, 삼성중공업 등이 이 시장에 들어왔다가 포기했다. 투자 기간이 너무 긴 데 비해 시장은 늦게 열렸기 때문이다. 시장이 열렸다고 기존 업체들이 다시 들어오기엔 발전기 모델을 만들어 2년 정도에 걸쳐 입증을 해야 해서 진입장벽이 있다. 태양광처럼 누구나 논밭에 집적판 몇 개 설치한다고 사업자인 척할 수 없는 구조다. 그렇다고 한국 경제를 일으켜 보자는 뉴딜 사업에 해외 기업을 쓸 수도 없다. 정부 구상으론 2030년까지 서남해에 12기가와트까지 해상풍력발전소를 짓겠다는 건데, 이를 금액으로 환산하면 60조∼70조 원의 시장이 생기는 것이다. 물론 구상이 현실화되는 데는 난관이 많을 것이다. 어디에 지을지 장소를 물색해야 하고, 그 과정에서 지역민의 반대도 클 것이다. 하지만 지구에 그린에너지가 필요하다는 점은 정권을 뛰어넘는 명제라 서서히, 프로젝트별로 조금씩 진행은 될 것이다. 게다가 경영난이 가중되던 두산중공업이 골프장, 건물, 계열사 등을 팔아 채권단 빚을 갚(으려 하)고, 유상증자로 부채 비율을 줄이는 등 경영 정상화도 차근차근 진행되고 있다. 이 모든 내용이 급등한 주가에 집약돼 있다. 정부의 정책이 두산중공업을 살렸다는 점은 2017년부터 급작스레 진행된 탈원전 정책으로 두산의 경영난이 시작됐다는 점에서 아이러니다. 물론 그 전이라고 두산중공업이 빼어나게 좋은 회사는 아니었다. 두산그룹의 중간지주회사 역할을 했기 때문에 두산인프라코어 두산밥캣 같은 회사들의 실적이 나빠지면 일정 부분 이를 떠안기도 했지만 무엇보다 변화하는 글로벌 에너지 정책에 대한 대응이 그리 빠르지 않았던 면모도 있었다. 하지만 두산중공업은 변화의 바람을 감지하고 풍력, 가스터빈 등의 사업을 서서히 장착하던 중이었다. 경영 활동에서 가장 중요한 건 예측 가능성이다. 정부 정책과 관련 있는 에너지 기업들은 국가에너지기본계획을 바탕으로 움직인다. 향후 20년을 예상하며 5년마다 수립하는 최상위 국가에너지전략이 하루아침에 흔들릴 것이라고 누가 예측할 수 있었겠는가. 탈원전이라는 방향성이 옳다 하더라도 정책의 하단에서 목숨 걸고 애쓰고 있는 산업계가 대비할 시간을 줬어야 했다. 정부의 정책은 멀쩡한 기업을 쓰러뜨리기도, 죽어가던 기업을 살리기도 한다. 이번 뉴딜 정책으로 보여준 거지만 정부는 마음만 먹으면 5년간 170조 원을 기업에 투자하게 할 수도 있다. 정부는 이처럼 힘이 세다. 그러니 휘두를 땐 그만큼 신중하고 정치해야 한다. 진부한 표현이지만, 그렇지 않을 경우 그 피해는 고스란히 국민이 떠안는다. 하임숙 산업1부장 artemes@donga.com▶ 네이버에서 [동아일보] 채널 구독하기▶ 코로나는 이겼지만 주홍글씨에 울다▶ “말이 안 통해”… 극과 극이 만난다면?ⓒ 동아일보 & donga.com, 무단 전재 및 재배포 금지"
33,"[단독]채권단 “두산重, 자산 팔아 1조 자구안 마련하라”",2020.04.10,"갚아야할 차입금 올해만 2조 넘어… 두산솔루스 매각 나섰지만 역부족채권단 “자구안 규모 보고 지원”… 인프라코어-밥캣 활용 요구할 듯두산重 증자-핵심社 매각도 고려KDB산업은행과 수출입은행 등 두산중공업 채권단은 두산그룹이 자산 매각 등을 포함해 1조 원 이상의 자구안을 갖고 와야 승인할 수 있다는 방침을 세운 것으로 확인됐다. 두산그룹이 최근 두산솔루스 매각 협상을 진행하는 등 유동성 확보에 나선 것으로 알려졌지만 이것만으로 부족하다는 것이다. 채권단은 두산중공업이 그룹 내 핵심 계열사인 두산인프라코어와 두산밥캣의 지분을 내놓는 등의 내용이 담겨야 할 것으로 보고 있다. 9일 채권단 고위 관계자는 “두산이 마련해야 하는 자구안 규모는 최소 1조 원 이상이어야 할 것”이라며 “자구안의 실현 가능성과 규모에 따라 이미 약속한 1조 원 대출 외에 추가 자금 지원을 검토할 수 있을 것”이라고 했다.  ‘자구안 1조 원 이상’은 두산중공업의 차입금을 감안한 최소 가이드라인으로 보인다. 두산중공업 총 차입금은 4조9000억 원으로 올해 만기 도래하는 회사채 등 비은행 차입금만 2조 원을 웃돈다. 산은과 수은이 이미 1조 원 수혈을 약속했지만 차입금을 상환하는 데 턱없이 부족하다. 이 때문에 두산이 자체적으로 1조 원을 마련하면 ‘1조+1조’를 통해 일단 올해를 넘길 수 있을 것으로 본다는 것이다. 채권단은 계열사인 두산솔루스와 두산퓨얼셀 매각으로는 만족할 만한 유동성 규모를 채울 수 없을 것으로 보고 있다. ㈜두산은 사모펀드 등에 두산솔루스 경영권을 포함한 지분 51%를 5000억∼6000억 원 수준에 매각하는 협상을 진행 중인 것으로 알려졌다. 다만 두산중공업이 갚아야 할 총 차입금 규모를 감안하면 턱없이 부족하다. 또 매각이 거론되는 동대문 쇼핑몰 두타몰 역시 담보가치 5400억 원 중 4000억 원이 이미 담보로 잡혀 있다. 채권단의 다른 관계자는 “두산솔루스와 두산퓨얼셀 매각은 오너의 사채 출연이라는 의미는 있을 수 있지만 실질적인 유동성 확보 방안으로는 부족하다”고 했다.  채권단은 결국 그룹의 캐시카우(현금창출원)인 인프라코어와 밥캣을 활용한 유동성 확보 방안이 자구안에 담겨야 한다는 견해다. 이를 위해 ㈜두산→두산중공업→인프라코어→밥캣으로 이어지는 지배구조에서 인프라코어와 밥캣을 ㈜두산이 직접 지배하는 구조로 재편하는 방안을 유력하게 보고 있다. 인프라코어와 밥캣이 두산중공업에서 벗어나면 신용이 보강될 수 있어 자체 회사채 등을 발행함으로써 유동성을 확보할 수 있다는 것이다.   시장에선 두산중공업을 투자회사와 사업회사로 양분한 뒤 인프라코어와 밥캣을 투자회사에 넘기고 ㈜두산과 투자회사를 합병하는 시나리오가 나오고 있다. 이동헌 대신증권 연구원은 “이런 식의 지배구조 개편은 과거 두산엔진 매각 때 활용한 방식으로, 별도의 비용이 필요하지 않아 가장 현실적”이라고 했다.  채권단은 ㈜두산이 인프라코어 등 우량 자회사를 통해 현금을 확보한 뒤 두산중공업에 증자를 실시하는 방안도 고려해야 할 것으로 보고 있다. 더 나아가 최악의 경우를 대비해 밥캣의 매각까지 각오할 정도의 방안이 자구안에 담겨야 할 것으로 판단하고 있다.  채권단은 두산중공업의 경우 국내 화력발전소와 원자력발전소 유지·보수의 90%를 담당하고 있어 어떻게든 정상화시켜야 하는 숙제를 안고 있다. 채권단 고위 관계자는 “결국 최종 판단은 두산그룹이 내릴 것”이라며 “다만 국내 발전 산업에서 차지하는 두산중공업의 위상이 절대적이어서 채권단도 정상화 방안을 최대한 모색할 것”이라고 했다.김형민 kalssam35@donga.com·김자현 기자▶ 네이버에서 [동아일보] 채널 구독하기▶ 집 볼 때 쓰는 메모장 '집보장'ⓒ 동아일보 & donga.com, 무단 전재 및 재배포 금지"
34,두산 노조 “두산重 공기업화하라” 상경시위 예고,2020.05.14,"정부에 고용 보장 대책 요구두산, 14일 이사회 열고 자구안 논의두산그룹이 경영난에 빠진 두산중공업의 회생을 위해 자산 매각 등 다양한 대책을 세우고 있는 가운데 구조조정에 반대하는 두산 노동조합이 두산중공업을 공기업화하라고 주장하고 나섰다. 두산중공업 등 두산그룹의 계열사 노조로 구성된 ‘두산그룹 구조조정 저지 투쟁 대책위원회’는 13일 경남 창원시 경남도청 앞에서 기자회견을 열고 “경영 위기를 책임져야 할 경영진이 구조조정으로 권력을 지키려고 한다”며 정부에 고용보장 대책을 요구했다. 대책위는 또 “위기를 극복하기 위해 두산중공업의 공기업화를 요구한다”고 주장했다. 두산중공업이 국내 발전산업에서 차지하는 위상을 고려하면 정부 소유의 공기업으로 돌아가야 한다는 것이 이들의 주장이다. 두산중공업은 2001년 공기업이던 한국중공업을 두산그룹이 인수하며 출범한 기업이다. 대책위는 두산그룹 지주사인 ㈜두산 이사회가 열리는 14일에 맞춰 서울에서 구조조정 반대 및 항의 집회를 열 계획이다. 두산중공업은 현재 유휴인력 해소 등을 위해 구조조정을 진행 중이다. 앞서 2월에 650여 명이 명예퇴직으로 회사를 떠났고, 8일 만 45세 이상 직원 2000여 명을 대상으로 2차 명예퇴직 신청을 받기로 결정했다.  한편 두산그룹의 지주회사인 ㈜두산은 14일 이사회에서 그룹 차원의 자구안 실행 계획과 두산중공업 회생 방안 등에 대해 의견을 나눌 것으로 알려졌다. 두산이 KDB산업은행, 한국수출입은행 등 채권단에 지난달 27일 약속한 3조 원 규모 자구안의 구체적인 추진과 관련해 논의가 오갈 것으로 전망된다. 두산중공업 정상화를 위한 자구안 중에는 두산의 주요 자산 매각도 거론된다. 우선 그룹의 본사가 있는 두산타워를 7000억 원대에 부동산펀드로 넘기는 방안이 협의되고 있다. 두산퓨얼셀과 솔루스 등의 계열사는 물론 골프장 등 비주력 부동산 자산까지 매물로 거론된다. 일각에서는 두산인프라코어와 두산밥캣 등 소위 ‘알짜 계열사’까지 매각 대상에 오를 것이라는 관측도 있지만 이들 계열사의 그룹 내 위상과 현금 창출력 등을 감안했을 때 가능성은 크지 않은 것으로 업계는 보고 있다.서형석 기자 skytree08@donga.com▶ 네이버에서 [동아일보] 채널 구독하기▶ 집 볼 때 쓰는 메모장 '집보장'ⓒ 동아일보 & donga.com, 무단 전재 및 재배포 금지"
35,"두산그룹 계열사 노조, 구조조정 저지 대책위 출범…“공기업화 하라” 요구",2020.05.13,"두산그룹이 경영난에 빠진 두산중공업의 회생을 위해 자산 매각 등 다양한 대책을 세우고 있는 가운데 구조조정에 반대하는 두산 노동조합이 두산중공업을 공기업화하라고 주장하고 나섰다.  두산중공업 등 두산그룹의 계열사 노조로 구성된 ‘두산그룹 구조조정 저지 투쟁 대책위원회’는 13일 경남 창원시 경남도청 앞에서 기자회견을 열고 “경영 위기를 책임져야 할 경영진이 구조조정으로 권력을 지키려고 한다”며 정부에 고용보장 대책을 요구했다.  대책위는 또 “위기를 극복하기 위해 두산중공업의 공기업화를 요구한다”고 주장했다. 두산중공업이 국내 발전산업에서 차지하는 위상을 고려하면 정부 소유의 공기업으로 돌아가야 한다는 것이 이들의 주장이다. 두산중공업은 2001년 공기업이던 한국중공업을 두산그룹이 인수하며 출범한 기업이다. 대책위는 두산그룹 지주사인 ㈜두산 이사회가 열리는 14일에 맞춰 서울에서 구조조정 반대 및 항의 집회를 열 계획이다.  두산중공업은 현재 유휴인력 해소 등을 위해 구조조정을 진행 중이다. 앞서 2월에 650여 명이 명예퇴직으로 회사를 떠났고, 지난 8일 만 45세 이상 직원 2000여 명을 대상으로  2차 명예퇴직 신청을 받기로 결정했다.   한편 두산그룹의 지주회사인 ㈜두산은 14일 이사회에서 그룹 차원의 자구안 실행 계획과 두산중공업 회생 방안 등에 대해 의견을 나눌 것으로 알려졌다. 두산이 KDB산업은행, 한국수출입은행 등 채권단에 지난달 27일 약속한 3조 원 규모 자구안의 구체적인 추진과 관련해 논의가 오갈 전망이다.  두산중공업 정상화를 위한 자구안 중에서는 두산의 주요 자산 매각도 거론된다. 우선 그룹의 본사가 있는 두산타워를 7000억 원대에 부동산펀드로 넘기는 방안이 협의되고 있다. 두산퓨얼셀과 솔루스 등의 계열사는 물론 골프장 등 비주력 부동산 자산까지 매물로 거론된다. 일각에서는 두산인프라코어와 두산밥캣 등 소위 ‘알짜 계열사’까지 매각 대상에 오를 것이라는 관측도 있지만 이들 계열사의 그룹 내 위상과 현금 창출력 등을 감안했을 때 가능성은 크지 않은 것으로 업계는 보고 있다. 서형석 기자 skytree08@donga.com▶ 네이버에서 [동아일보] 채널 구독하기▶ 집 볼 때 쓰는 메모장 '집보장'ⓒ 동아일보 & donga.com, 무단 전재 및 재배포 금지"
36,"두산중 ""유동화 가능한 모든 자산 매각 검토",2020.04.14,"채권단에 두산重 자구안 제출… 계열사 지분-부동산 매각 등 담긴듯두산그룹이 13일 채권단에 두산중공업 재무구조 개선 계획을 전달했다. 두산그룹은 “책임경영을 이행하는 차원에서 뼈를 깎는 자세로 재무구조 개선 계획을 마련했다”며 “두산중공업의 경영 정상화와 신속한 재무구조 개선을 위해 매각 또는 유동화 가능한 모든 자산에 대해 검토를 진행하겠다”라고 밝혔다.  두산그룹은 이날 구체적인 재무구조 개선 계획을 밝히진 않았다. 업계는 이번 자구안에 그룹 계열사 지분 매각이 포함됐을 것으로 보고 있다. 특히 전자·바이오 소재 사업을 주력으로 하는 알짜 회사인 두산솔루스와 그룹 내 신성장동력으로 평가받는 연료전지 회사 두산퓨얼셀 등이 매각 대상으로 관측된다. 두 회사 모두 두산 대주주의 지분이 많은 데다 사업성도 유망해 유동성 확보에 유리하기 때문이다. 이와 함께 해외 법인 및 부동산 자산 매각과 두산중공업의 유상증자 및 인력 구조조정 가능성도 점쳐지고 있다. 채권단 내부에서는 두산중공업이 그룹 내 핵심 계열사인 두산인프라코어와 두산밥캣의 지분을 내놔야 한다는 의견도 있는 것으로 알려졌다. 채권단은 이미 두산그룹에 사주 일가 등 이해당사자의 고통 분담, 자구안에 대한 현실 가능성, 그룹의 지속가능성 등을 담도록 자구안 가이드라인을 제시했다. 채권단은 두산중공업에 대한 정밀 실사를 한 뒤 이달 중 자구안을 받아들일지 결정할 예정이다. 앞서 KDB산업은행과 한국수출입은행 등 두산중공업 채권단은 두산중공업 경영 정상화를 위해 1조 원을 지원하기로 했다. 올해 만기가 돌아오는 두산중공업의 총 차입금은 4조2000억 원이기 때문에 채권단은 자금 지원에 앞서 두산그룹이 자산 매각 등을 포함해 1조 원 이상의 자구안을 가져오도록 했다.변종국 기자 bjk@donga.com ▶ 네이버에서 [동아일보] 채널 구독하기▶ 집 볼 때 쓰는 메모장 '집보장'ⓒ 동아일보 & donga.com, 무단 전재 및 재배포 금지"
37,"현대중공업, 두산인프라코어 인수…건설기계 글로벌 7위 도약",2020.12.10,"우선협상대상자로 현대중공업지주 컨소시엄 선정두산그룹, 자구계획 ‘마지막 퍼즐’ 인프라코어 마무리현대중공업이 두산인프라코어의 새 주인으로 선정됐다. 두산그룹은 3조원 규모의 두산중공업 재무구조 개선계획(자구안) 이행을 거의 마무리하게 됐고, 현대건설기계는 글로벌 7위로 도약한다. 두산중공업은 10일 두산인프라코어 매각 우선협상대상자로 현대중공업지주㈜-한국산업은행인베스트먼트(KDBI) 컨소시엄이 선정됐다고 발표했다. 지난달 24일 본입찰(매각주관사 크레디트스위스)에 들어간 이후 16일만이다. 본입찰은 현대중공업그룹과 유진그룹의 2파전으로 진행됐다. 현대중공업그룹은 두산인프라코어 지분 36.07%를 인수하기 위해 입찰에서 8천억원가량을 써낸 것으로 전해졌다. 두산중공업은 두산인프라코어 지분 35.4%을 보유한 최대주주다. 두 회사는 “2~3주간 추가 협상을 마친 뒤 본계약 체결에 최선을 다하겠다”고 밝혔다. 인프라코어 자회사인 두산밥캣은 이번 매각·인수에서 제외된다. 굴착기 계열사인 현대건설기계는 두산인프라코어 인수로 국내 1위, 세계 7위(시장 점유율 기준) 업체로 뛰어오른다. 영국 중장비 전문지 케이에이치엘(KHL)의 최근 보고서를 보면, 두산인프라코어와 현대건설기계의 세계 시장점유율은 각각 3.3%(9위), 1.2%(22위)다. 두 기업이 합쳐지면 미국 캐터필러(16.2%), 일본 고마쓰(11.5%), 미국 존 디어(5.5%), 중국 XCMG(5.5%), 중국 사니(5.4%), 볼보(4.6%)에 이어 7위 업체가 된다. 이번 입찰에서는 두산인프라코어의 중국법인인 두산인프라코어차이나(DICC) 소송에 따른 ‘우발채무 책임’ 논의가 쟁점이었다. 인프라코어차이나는 재무적투자자(FI)들과 기업공개(IPO)와 동반매도청구권 행사 무산 등에 따른 주식 매매대금 지급 소송을 진행 중이다. 내년 초로 예상되는 대법원 판결에서 두산인프라코어가 패소하면 7000억~1조원으로 추산되는 우발채무를 떠안게 된다. 이에 인수 후보자들은 본입찰 이전에 두산 쪽에 소송 위험 관련 보증금 예치를 요구했고, 두산그룹은 보증금은 미리 내지 않되 인프라코어차이나와 관련한 책임을 이행하겠다는 입장을 밝힌 것으로 전해졌다. 현대중공업그룹이 이런 리스크에도 적극적인 인수 의지를 보여 결국 우선협상자로 낙점됐다는 분석이다. 국내 1·2위 업체가 합쳐 국내 굴삭기 시장점유율이 60%에 이르게 되는 만큼 공정거래위원회의 기업결합 심사도 통과해야 한다. 두산중공업 구조조정의 ‘마지막 퍼즐’인 두산인프라코어 매각으로 두산은 산업은행 등 채권단으로부터 긴급자금 3조6천억원을 지원받을 당시 약속한 자본확충(3조원) 계획 상당부분을 이행하게 됐다. 두산건설 매각만 남겨두고 있다.조계완 기자 kyewan@hani.co.kr▶더불어 행복한 세상을 만드는 언론, 한겨레 구독하세요!▶코로나19 기사 보기▶전세 대란 기사 보기[ⓒ한겨레신문 : 무단전재 및 재배포 금지]"
38,"두산, ‘알짜’ 인프라코어도 내놨지만…“헐값 매각은 없다”",2020.06.16,"[“모든 것이 매각 대상” 다급한 자구안]3조 규모 채무 상환 압력에다솔루스·퓨얼셀 매각 차질 빚자자금줄 인프라코어도 매물로매각 대금 6천억~8천억 예상인프라코어 자회사 밥캣은떼어내 두산중에 통합 추진실제 매각까진 시간 걸릴 듯두산그룹이 핵심 계열사 두산인프라코어도 매각을 추진한다. 두산과 채권단 모두 “헐값 매각은 피한다”는 공감대를 이루고 있어 실제 매각 성사에는 오랜 시일이 걸릴 것으로 보인다. 16일 금융권 등에 따르면, 두산그룹은 두산인프라코어를 매각하기로 하고 매각 주간사로 크레디트스위스(CS)를 선정했다. 매각대상은 두산중공업이 보유한 인프라코어 지분 36.27%다. 매각대금은 경영권 프리미엄까지 포함해 6천억~8천억원 수준으로 업계는 본다. 두산솔루스와 두산퓨얼셀 등 이미 거론되던 매물들이 매각 가격을 둘러싼 신경전으로 매각작업이 지지부진하자 결국 인프라코어를 시장에 내놓은 것으로 보인다. 인프라코어는 건설기계와 엔진 등을 생산하는 곳으로, 두산중공업과 함께 그룹의 양대 축이다. 지난해 연결기준 매출과 영업이익은 8조1858억원, 영업이익 8404억원으로 그룹의 자금줄 구실을 해왔다. 투자은행(IB) 업계에선 인프라코어를 투자회사와 사업회사로 인적분할한 뒤 투자회사는 중공업과 합병시키고 사업회사는 매각하는 방식에 무게를 두고 있다.  ※ 이미지를 누르면 크게 볼 수 있습니다.두산인프라코어의 자회사인 두산밥캣은 매물로 나오지 않은 것으로 알려졌다. 밥캣은 기업분할을 통해 인프라코어에서 떼어내 두산중공업에 통합하는 방식이 추진된다. 중공업이 인프라코어 지분 매각대금으로 인프라코어가 보유한 밥캣 지분(51.05%)을 되사는 구조이다. 이런 이유로 밥캣 없는 두산인프라코어가 제대로 매각될 지에 대한 의문이 시장에선 나온다. 정동익 케이비(KB)증권 연구원은 “지난해 건설기계부문 연결 영업이익의 62.9%를 차지했던 두산밥캣을 분리할 경우 인프라코어는 매물로서 매력이 떨어진다. 단시일 내 매각이 성사될 가능성은 매우 낮을 것으로 판단한다”고 말했다.두산그룹 쪽은 여러 계열사를 시장에 일단 내놓고 △받을 수 있는 인수가격(기업가치)이 얼마이고 △인수 희망자가 어느 정도 있는지 △제값을 받고 팔려면 분할매각 방식이 최선인지 등을 복잡한 셈법으로 타진해보는 중이다. ‘솔루스 매각 추진→차질→다른 계열사 매각 추진’ 식으로 자구안 이행 노력을 채권단에 보여준다는 의미도 있다. 이날 두산의 한 임원은 “(지난달 말에 채권단이 최종 수용한) 3조원 규모의 재무구조 개선계획에 모든 것이 (매각) 대상에 올라가 있는 것으로 안다”며 “두산중공업이 얼마나 빨리 각종 사업부문에서 수주를 늘릴 수 있을지가 관건”이라고 말했다.두산그룹은 산업은행·수출입은행 등 채권단으로부터 3조6000억원을 이미 지원받았다. 채권단의 역할은 완료됐고, 남은 건 여러 계열사 매각대금 등으로 3조원 규모의 자금을 마련해 채권단 대출금 등 채무를 상환해야 하는 ‘두산의 의무 이행’이다. 시한은 ‘3년 안팎’으로 꽤 긴 시간이 부여됐다. 두산의 재무구조개선 동향을 잘 아는 금융권 인사는 “단계별 매각 계획은 제시돼 있지만 시장 상황을 보며 탄력적으로 (매각 작업을 진행)해야 한다. 기업가치를 시장에서 높게 쳐줘야 하고, 무작정 빨리 팔라고 하면 헐값에 나가게 돼 대출금 회수에도 불리하다”고 말했다. 채권단과 두산 둘 다 헐값 매각은 피한다는 뜻이다. 그는 또 “1~2천억원짜리 작은 것들을 팔아서는 해결이 안 되고, 알짜 인프라코어를 팔아야 부채를 갚고 재무구조를 개선할 수 있는 터라 두산이 의지를 갖고 실행에 옮긴 것으로 보면 된다. 밥캣을 떼고 팔아도 상당한 현금을 확보할 수 있다”고 말했다. 두산프라코어 주가는 이날 상한가에 올랐다.조계완 이완 기자 kyewan@hani.co.kr▶더불어 행복한 세상을 만드는 언론, 한겨레 구독하세요!▶네이버 뉴스판 한겨레21 구독▶2005년 이전 <한겨레> 기사 보기[ⓒ한겨레신문 : 무단전재 및 재배포 금지]"
39,"삼성 라이온즈는 볼링장, 두산 베어스는 보험 사업",2020.07.14,"이코노미 인사이트 _ Economy insight야구단의 경영학박종오 <이데일리> 기자두산그룹 구조조정의 불똥이 야구 팬심으로 옮겨붙었다. 주식회사 두산이 지분 100%를 보유한 프로야구 구단인 두산 베어스가 매각될 수 있다는 얘기가 나와서다. 프로야구단도 재무제표를 작성하고 매년 회계감사를 받는 엄연한 기업이다. 다만 경영 실적만 보면 야구단이 썩 매력적인 매물은 아니다. 10개 구단 중 절반이 영업 적자역대 한국시리즈 6회 우승팀인 두산베어스의 2019년 영업이익은 33억원이다. 은행 이자 등을 제외하고 구단이 가져간 순이익은 10억원이었다. 기업을 사고파는 게 주업인 사모펀드 셈법대로면 두산베어스를 2천억원에 인수할 경우 투자금 회수까지 40여 년이 걸린다는 계산이 나온다. 두산 베어스는 그나마 나은 편이다. 2019년 두산 베어스 영업이익은 국내 10개 구단 중 키움 히어로즈(46억원) 다음으로 많은 2위였다. 전체 구단의 절반은 영업 적자를 냈다. 롯데 자이언츠(-29억원), SK 와이번스(-6억원), 한화 이글스(-3억원) 등 최대주주가 재벌그룹 계열사인 대형 구단도 적자에서 벗어나지 못했다. 롯데 자이언츠는 롯데지주가 지분 95%를, SK 와이번스는 SK텔레콤이 지분 100%를 보유하고 있다. 한화 이글스는 주식회사 한화와 한화케미칼 지분율이 각각 40%, 김승연 한화그룹 회장도 지분 10%를 갖고 있다. 대다수 구단은 모그룹 지원을 받아 살림을 꾸린다. 두산 베어스는 2019년 매출 580억원 중 32억원을 보험 판매 수수료로 올렸다. 최대주주인 두산이 2018년 회사 내 보험대리점 사업을 두산 베어스에 떼줘서다. 구단에 신규 현금을 지원하는 대신 두산그룹 직원에게 생명보험과 손해보험을 알선하고 보험사한테 판매 수수료를 받는 사업권을 넘겨준 것이다. 삼성 라이온즈는 2019년 매출액 634억원 가운데 176억원이 레포츠 시설 운영에서 생겼다. 골프장·볼링장·수영장·피트니스센터 등을 갖춘 서울 서초동 삼성레포츠센터 운영 수입이 구단 매출로 반영돼서다. 이 센터는 구단 전체 영업이익 40% 이상을 차지하는 알짜 사업이다. 2019년 영업 적자 3억원을 기록한 기아 타이거즈는 최대주주인 기아자동차에서 223억원을 지원받았다. 기아차가 구단 누적 적자를 전액 보전해주고, 구단은 기아차 광고를 담당하기로 약정한 데 따른 것이다. 모그룹 거래가 매출 절반… 5개 구단은 자본 잠식각 구단 매출에서 모그룹과의 거래가 차지하는 비중은 절대적이다. 두산 베어스가 두산인프라코어·두산밥캣·두산중공업 등 두산그룹 계열사 광고로 올린 매출액은 2019년 매출액의 28%를 차지한다. 1년 전보다 비중이 8%포인트 늘었다. KT 위즈와 기아 타이거즈는 모그룹 거래 비중이 각각 60%, 55%에 이른다. 삼성 라이온즈도 구단 매출 절반가량이 삼성전자·삼성생명·삼성화재 등 삼성그룹 16개 계열사와의 거래에서 발생했다. 한 구단 관계자는 “미국 메이저리그는 높은 입장료와 광고 수익 등 구단 수입이 한국보다 훨씬 많아 독자 운영이 가능하다”며 “우리도 그룹 지원을 받지 않고 독립적인 사업체로 구단을 운영하는 게 장기 목표지만 쉽지 않은 환경”이라고 말했다. 국내 상당수 야구단은 재무 상태가 나쁘다. 주식시장 상장사에 빗대면 상장 폐지를 걱정해야 하는 처지다. 두산 베어스의 2019년 말 기준 부채비율은 667%다. 구단 부채가 주주 몫의 자본보다 6배 넘게 많다는 뜻이다. 기아 타이거즈, 삼성 라이온즈, SK 와이번스, NC 다이노스, 한화 이글스 등 5개 구단은 자본이 아예 마이너스(-)인 자본 완전 잠식 상태다. 적자가 이어지며 주주의 투자 원금(자본금)을 다 까먹었다는 이야기다. 그나마 부채비율이 양호한 구단은 LG 트윈스(63%), 롯데 자이언츠(86%) 정도다. 롯데 자이언츠는 롯데그룹이 실질적인 최대주주인 BNK금융지주 산하 부산은행이 150억원 한도 마이너스통장을 제공하고 있다. 그래도 각 그룹은 야구단을 꾸려간다. 그룹 총수의 애착과 구단의 상징성, 기업 이미지 제고 때문이다. 구단 재무 상태가 나빠도 일반 기업처럼 부도나 도산 등을 걱정하지 않는 것도 모기업 지원이라는 믿는 구석이 있어서다. 외려 두산 베어스 사례처럼 모기업이 자금난을 겪을 때 소속 야구단으로 위기가 번질 가능성이 크다. 무관중 경기에 모기업 지원 가능성 커져국내 10개 구단 중 대기업이 최대주주가 아닌 야구팀은 키움 히어로즈가 유일하다. 키움 히어로즈는 야구단 운영 회사인 서울히어로즈의 이장석 전 대표 개인이 지분 67.6%를 가진 최대주주다. 키움증권은 히어로즈에 매년 100억원가량 광고비를 내고 구단 이름에만 키움을 붙였다. 다만 개인이 구단을 소유하는 히어로즈의 지배구조가 안정적이진 않다. 키움 히어로즈의 회계 감사인은 2017~2019년 3년 연속 감사의견 제시를 거절했다. 이 전 대표의 지분 분쟁 소송으로 구단 운영의 불확실성이 크고 소송 여파를 파악할 근거 자료도 부족하다는 이유에서다. 2020년 모기업이 구조조정 중인 두산 베어스뿐 아니라 다른 구단도 어느 때보다 심각한 경영난을 겪을 전망이다. 코로나19 확산 우려에 관중 없는 경기를 치르게 돼서다. 두산 베어스는 야구장 입장료 수입이 구단 매출의 4분의 1 정도를 차지한다. 야구장을 찾는 팬이 두산보다 적은 다른 구단도 입장료 매출 비중이 10%를 넘는다. 이 수입이 ‘0’이 되는 셈이다. 이 이례적인 사태로 각 구단의 독립경영이라는 꿈은 멀어지고 모기업이 또 팔을 걷어붙일 가능성이 커졌다. 재벌그룹이 적자를 감수하고 대중의 사랑을 받는 야구단을 적극적으로 지원하는 것을 기업의 사회공헌 활동으로 보는 시각이 있다. 다르게 생각할 수도 있다. 그룹 총수의 개인 취향과 애정 때문에 계열사 소수 주주와 직원도 그 비용을 함께 부담해야 해서다. 그래서 야구단 경영은 총수 중심 한국 기업문화의 축소판이기도 하다. 우리가 사랑하는 야구단의 홀로서기와 지속가능한 운영을 위해서는 회장님의 특별한 애착과 주주·직원의 희생에 기댈 것이 아니라 팬이 구단을 향한 애정만큼 비용을 더 부담하는 방안을 고민할 필요가 있다. pjo22@edaily.co.kr▶더불어 행복한 세상을 만드는 언론, 한겨레 구독하세요!▶네이버 뉴스판 한겨레21 구독▶2005년 이전 <한겨레> 기사 보기[ⓒ한겨레신문 : 무단전재 및 재배포 금지]"
40,두산 “자산매각 등 3조 자구안”…채권단은 8천억 지원,2020.04.27,"총수일가 사재 출연 등 최종안 제출 두산그룹 지배구조엔 변화 없을듯 가스터빈·신재생에너지를 두 축으로 채권단 “독자생존 가능성 제고” 평가극심한 자금난에 빠진 두산중공업이 독자생존을 모색한다. 두산그룹은 중공업 사업을 대대적으로 개편하고 박정원 두산그룹 회장을 포함한 총수일가 특수관계인 32명 및 대주주가 참여하는 유상증자와 자산매각 등을 통해 3조원의 유동성을 조달하기로 했다. 채권단은 이런 내용의 자구안을 수용하며 8천억원의 자금을 지원한다고 밝혔다. 지난 13일 산업은행·수출입은행 등 채권단에 두산중공업 재무구조개선계획(자구안)을 제출했던 두산그룹은 27일, 그동안 채권단과 수정·보완 논의를 거쳐 최종 자구안을 확정해 채권단에 제출했다. 두산 쪽은 “최종안에 자산매각, 제반 비용 축소 등 자구노력을 통해 3조원 이상을 확보해 두산중공업의 재무구조를 개선하고, 조기 경영 정상화를 꾀할 계획을 담았다”고 밝혔다. 두산중공업이 대규모 유상증자에 나서고 최대주주이자 모기업 ㈜두산(지분율 33.8%, 2019년 말 기준)이 이 증자에 참여한다. 여기에다 박정원·박용만 회장(각 0.1%) 등 두산중공업 지분을 보유한 총수 일가도 사재를 내어 증자에 참여한다. 또 대주주는 배당과 상여금을 받지 않고 급여를 대폭 반납하기로 했다. 다만 두산 쪽은 증자 규모에 대해선 언급하지 않았다. 두산 쪽은 “3조원 유동성 마련을 위해 매각 대상 자산의 세부 내역은 자구안에 넣었으나 증자·자산매각의 구체적인 내용은 향후 이사회를 거쳐 결정할 예정”이라고 밝혔다.그동안 채권단-두산 협상에서 이목이 쏠렸던 대목은 대주주 고통분담 및 재무구조 개선 외에도 두산(모회사)-두산중공업-두산인프라코어(자회사)-두산밥캣(손자회사)으로 이어지는 지배구조에 격변이 일어날 것인지 여부였다. 기업가치가 높은 ‘알짜’ 회사인 인프라코어와 밥캣을 떼어내 분리하고, 자연스럽게 두산중공업과 두산건설(중공업이 지분 100%를 가진 완전자회사)은 채권단을 거쳐 제3자에 매각하는 방안에 촉각이 쏠렸다. 하지만 채권단은 이날 “중공업의 독자생존 가능성을 제고하기 위한 사업개편 방향”이라고 최종 자구안을 평가했다. 중공업 매각이나 순환 출자구조에는 큰 변동이 없을 것임을 시사한 것으로 풀이된다.두산 쪽이 최종 자구안에서 독자생존 회생을 위한 두 주력사업 축으로 내건 분야는 대형 가스터빈 발전사업과 풍력·태양광 등 신재생에너지 사업 확대다. 두산은 “두산중공업은 미래 고부가가치 혁신기술 사업에 역량을 집중하기로 하고 가스터빈 발전사업과 신재생에너지 사업을 사업 재편의 큰 축으로 세웠다”고 밝혔다. 앞길이 녹록지만은 않다. 산업은행·수출입은행이 지난달 말부터 두산중공업에 이미 1조6천억원을 쏟아부었지만, 벌써 바닥을 드러낸 상태다. 두산이 최종 자구안을 제출한 이날 산업은행은 “5월 초 신주인수권부사채(BW·약 5천억원) 상환을 위한 추가자금 8천억원을 지원할 예정”이라고 말했다. 코로나19 사태로 글로벌 경기침체가 장기화하고 발전시장 회복이 지연되면 가스터빈 발전사업을 통한 회생도 불확실성에 빠져들고 극심한 자금난이 계속 이어질 공산도 크다. 당장 올해 만기가 돌아오는 두산중공업의 차입금 규모는 4조2천억원이다. 채권단은 “시장조달 기능 회복이 어려울 경우 추가 지원도 검토하겠다”고 말했다. 이날부터 채권단과 두산은 독자생존을 향한 험난한 여정에 들어섰다. 조계완 이완 기자 kyewan@hani.co.kr▶네이버 뉴스판에서 한겨레21을 구독하세요!▶신문 구독신청▶코로나19, 무엇이든 물어보세요[ⓒ한겨레신문 : 무단전재 및 재배포 금지]"
41,[유레카] 한국 최장수기업 두산의 위기 / 곽정수,2020.04.22,"한국의 최장수기업은 재계 15위 두산이다. 사람으로 치면 올해 124살이다. 국내 상장기업 평균수명(33년)의 4배에 달한다. 장수기업이 많은 일본은 100년 이상 된 기업이 3만3천개를 넘지만, 한국은 두산을 포함해 8곳에 불과하다.두산의 창업자는 ‘보부상’ 박승직이다. 1896년 8월 서울 종로4가 배오개에 국내 최초의 근대적 포목점인 ‘박승직 상점’을 세웠다. 국내 최초 화장품인 ‘박가분’을 만든 ‘박승직 상점’은 1946년 두산상회로 상호를 바꿔, 그룹 이름의 기원이 됐다. 두산은 곡물 측정 단위인 두(斗)와 산을 의미하는 산(山)을 합친 말이다. “한말 한말 쌓아 큰 산을 이룬다”는 뜻이 담겼다.두산의 역사는 명암이 교차해 왔다. 1993년 낙동강 페놀 오염사건 때는 국민의 지탄이 쏟아지며 박용곤 회장(박승직의 장손자)이 물러났다. 2005년에는 총수형제 간 골육상쟁과 비자금사건이 터져 박용오·용성 전 회장 등이 유죄선고를 받았다. 반면 외환위기 직후 기업구조조정 성공사례로 화려한 조명을 받았다. 식품·음료·주류 등의 주력업종을 과감히 버리고, 중공업 중심의 새로운 사업구조로 전환하는 ‘환골탈태’의 승부수를 던졌다. 당시 인수한 한국중공업(2001년·현 두산중공업), 대우종합기계(2005년·두산인프라코어), 밥캣(2007년·두산밥캣)은 그룹의 주력이 됐다.그로부터 20년. 두산중공업이 유동성 위기를 맞으면 그룹 전체가 흔들리고 있다. 최근 산업은행 등의 긴급 자금지원으로 겨우 고비를 넘겼지만, 올해 갚아야 할 빚이 4조원에 달해 추가지원이 절실하다. 채권단은 강도 높은 자구책을 포함한 경영정상화 계획을 요구한다. 박정원 회장 등 두산 4세 경영인들의 경영능력이 시험대에 올랐다. 부친세대가 과감한 구조조정으로 위기를 기회로 바꾼 저력을 다시 한번 보여줘야 할 시점이다.<조선일보> 등은 문재인 정부의 탈원전정책을 두중 부실의 주범으로 몰아간다. 하지만 명백한 ‘가짜뉴스’다. 두중의 실적이 고꾸라지기 시작한 시점은 현 정부 이전인 2013~2014년이다. 주력인 석탄화력발전 사업의 위축, 두산건설에 대한 2조원 규모의 과도한 지원 등이 원인이다.  피해 규모가 크든 작든, 두중이 정부의 갑작스런 탈원전 정책으로 타격을 받은 것도 ‘팩트’다. 기업으로서는 억울한 일이다. 더 큰 문제는 2천개에 달하는 중소 협력업체다. 원전 관련 노동자만 1만3천명이 넘는다. 방치하면 코로나로 인한 고용대란을 부추길 게 뻔하다. 탈원전 정책을 유지하면서도 원전업계의 타격을 최소화할 묘책이 필요하다. 정부가 단순한 자금지원 대신 중단된 ‘신한울 3·4호기’ 건설(총 사업비 8조원)을 재개하는 것도 한 방법이다. 업종전환 등을 위한 준비시간을 3년 정도 벌어줄 수 있다. 대신 노후원전을 조기 폐쇄해 탈원전은 차질없이 추진하면 된다. 곽정수 논설위원 jskwak@hani.co.kr▶네이버 뉴스판에서 한겨레21을 구독하세요!▶신문 구독신청▶코로나19, 무엇이든 물어보세요[ⓒ한겨레신문 : 무단전재 및 재배포 금지]"
42,7월 23일 인사,2020.07.22,"⊙ Sh수협은행 <승진> ◇부장(별급) △IT지원부 김혜곤 △IB사업본부 문기성 △중부기업금융본부 안종흠 △수내동금융센터 최영건 △연희로〃 박경민 ◇팀장(1급) △전략기획부 이필호 △자금부 이형주 △카드사업부 최남규 △방카펀드사업부 이승은 △디지털개발부 이은성 △IB사업본부 정명섭 △강남기업금융본부 이정남 ◇지점장(1급) △김포한강 마자룡 △안산 이종운 △주안 유성호 △나주혁신도시 안병찬 △명지 최기영 <전보> ◇부서장 △지속경영추진부장 김민홍 △전남지역금융본부장 박양수 △동탄금융센터장 진상섭 △학동역〃 이정재 △응암동〃 이요섭 ◇지점장 △교육(금융연수원) 신동수 한준우 남궁영 문정호 박광일 이재문 최병용 △뚝섬역 김수미 △종로5가역 권홍업 △사당역 박경철 △안양 권세은 △대림동 홍기정 △양평동 윤재섭 △인천논현 이명규 △학익동 김창석 △대구 박수식 △서대구 김완석 △울산 정성문 △해운대신도시 박병권 △다산신도시 양제열 △미사역 이은경 △위례 윤진태 △금천 허진 △나주혁신도시 조은희 △화명동 진기영 <센터장> △반월당금융 김경배 △여신관리 안배영 ◇팀장 △개인금융부 이광우 권미희 △수산해양금융부 안병찬 △여신관리부 전철수 △IT지원부 넥스트로시스템 노후화 대응 이행 TF 한상우 △금융소비자보호부 이명호 △전략기획부 김강태 △IT지원부 박상환 연제운 △심사부 김두현 △IT개발부 권동혁 △감사부 김명준 ◇RM지점장 △강남기업금융본부 조한백 △본점영업부 신민수 △서울중앙금융센터 정명옥 △부산지역금융본부 정영남 △강남기업금융본부 JRM 구동우 권혁주 송인준 △중부기업금융본부 JRM 김민수 <파견> △농림수산업자신용보증기금 수산보증팀장 이용호⊙ 동아대 ◇처장 △교학부 이동대 △교무 김채수 △학생·취업지원 전미라 △입학관리 신상문 △기획 이정규 △재무 이상원 △대외협력·다우미디어센터장 김대경 △국제교류 오민홍 △산학협력단장 김점수 △법무·감사실장 송강직 △비서실장 정무섭 △정보전산원장 박병권 △교육혁신원장 김형빈 △대학원장 허성우 △경영대학원장·경영대학장 김현준 △산업정보대학원장·공과대학장 강상모 △문화예술대학원장·예술체육대학장·스포츠단장 우진희 ◇학장 △인문과학대 박수천 △생명자원과학대 이선우 △디자인환경대 이성호 △건강과학대 박현태 △의과대 박환태 △기초교양대·언어교육원장 강기수 ◇학부장 △석당인재 조동제 △간호 강지연 △평생교육원장 정형일⊙ 두산그룹 <승진> 두산밥캣 △상무 김동혁▶더불어 행복한 세상을 만드는 언론, 한겨레 구독하세요!▶네이버 채널 한겨레21 구독▶2005년 이전 <한겨레> 기사 보기[ⓒ한겨레신문 : 무단전재 및 재배포 금지]"
43,"[속보]두산인프라코어, 현대중공업 품에 안긴다",2020.12.10,"두산인프라코어가 현대중공업 품에 안긴다. 현대중공업그룹은 두산인프라코어 인수 우선협상대상자로 선정됐다고 10일 공시했다.현대중공업은 KDB인베스트먼트와 컨소시엄을 구성해 두산인프라코어 매각 본입찰에 참여했다. 유진기업도 본입찰에 참여했지만, 우선협상대상자엔 현대중공업 컨소시엄이 선정됐다. 현대중공업은 매각금액으로 유진기업보다 다소 높은 8000억원대를 제시한 것으로 알려졌다.이번 매각 대상은 두산중공업이 보유한 두산인프라코어 지분 35.41%다. 두산밥캣 지분은 매각에서 제외됐다.재계에선 두산인프라코어 매각이 마무리되면 두산그룹의 구조조정이 사실상 마무리 수순에 접어들 것으로 보고 있다. 두산은 두산중공업 경영난에 산업은행, 수출입은행 등 채권단으로부터 3조6000억원을 지원받은 뒤 클럽모우CC(1850억원), 두산솔루스(6986억원), 모트롤BG(4530억원), 네오플럭스(730억원), 두산타워(8000억원) 등을 매각했다. 두산인프라코어의 경우 두산중공업의 자회사이기 때문에 매각 대금이 고스란히 두산중공업에 꽂히게 된다. 두산중공업은 지난 7일 1조2000억원 규모의 유상증자에도 성공했다.현대건설기계를 계열사로 두고 있는 현대중공업그룹은 두산인프라코어 인수를 통해 단숨에 세계 톱10 건설기계 기업으로 도약할 수 있게 된다. 현대중공업은 “최종 인수를 위한 남은 절차에 성실히 임해, 좋은 결과를 얻을 수 있도록 최선을 다하겠다”고 밝혔다.[석남준 기자 namjun@chosun.com] 		▶ 네이버에서 조선일보 받아보기		▶ 당신의 맞춤뉴스 '뉴스레터' 신청하세요 		▶ 조선일보 로그인하고 영화 공짜로 보자!"
44,두산인프라코어 인수 협상대상자 현대중공업 선정,2020.12.11,"현대중공업그룹이 두산인프라코어 인수 우선협상대상자로 선정됐다고 10일 공시했다. 현대중공업은 KDB인베스트먼트와 컨소시엄을 구성해 두산인프라코어 매각 본입찰에 참여했다. 유진기업도 본입찰에 참여했지만, 8000억여원을 제시한 현대중공업 컨소시엄에 밀렸다. 이번 매각 대상은 두산중공업이 보유한 두산인프라코어 지분 35.41%다. 두산중공업이 갖고 있는 두산밥캣 지분은 매각에서 제외됐다.두산인프라코어 매각이 마무리되면 두산그룹의 구조조정은 사실상 마무리 수순에 접어들게 된다. 두산은 두산중공업 경영난에 산업은행·수출입은행 등 채권단으로부터 3조6000억원을 지원받은 뒤 클럽모우CC(1850억원), 두산솔루스(6986억원), 모트롤BG(4530억원) 등을 매각했다. 두산중공업은 지난 7일 1조2000억원 규모의 유상증자에도 성공했다. 현대건설기계를 계열사로 두고 있는 현대중공업그룹은 두산인프라코어 인수에 성공하면 세계 톱 10 건설기계 기업으로 도약하게 된다.[석남준 기자 namjun@chosun.com] 		▶ 네이버에서 조선일보 받아보기		▶ 당신의 맞춤뉴스 '뉴스레터' 신청하세요 		▶ 조선일보 로그인하고 영화 공짜로 보자!"
45,[경제계 인사] 두산밥캣 상무 김동혁,2020.07.23,"▲두산밥캣▷상무 김동혁 		▶ 유용원 군사전문기자의 밀리터리시크릿 '밀톡' 		▶ 과학이 이렇게 재밌을수가~ '사이언스카페' 		▶ 네이버에서 조선일보 받아보기	- Copyrights ⓒ 조선일보 & chosun.com, 무단 전재 및 재배포 금지 -"
46,두산重 1분기 3012억 적자,2020.05.16,"탈원전 정책의 직격탄 맞아 적자 폭 작년의 10배 가까이 ""명예퇴직 비용만 1400억원"" 탈(脫)원전 정책의 직격탄을 맞은 국내 대표 원전기업 두산중공업이 지난 1분기 3000억원(별도 기준)대 당기순손실을 기록했다. 지난해 같은 기간 355억원 당기순손실에 비하면 적자 폭이 10배 가까이로 늘어난 것이다.두산중공업은 15일 ""지난 1분기 9249억원 매출과 592억원 영업손실, 3012억원 당기순손실을 냈다""고 밝혔다. 지난해 1분기 473억원이었던 영업이익도 올 1분기엔 적자 전환했다.두산중공업 측은 ""명예퇴직 비용 약 1400억원 등이 영업손실에 큰 영향을 끼쳤다""고 밝혔다. 신한울 3·4호기 건설 중단 등으로 경영 환경이 악화되자, 두산중공업은 지난 2월 말부터 3월 초까지 만 45세 이상 직원을 대상으로 명예퇴직 신청을 받았다. 약 650명이 회사를 떠났지만, 인력 구조 조정이 더 필요하다는 판단에 지난 11일부터 15일까지 2차 명예퇴직을 받고 있다. 또 21일부터 임금피크제를 시행 중인 기술직을 대상으로 연말까지 휴업을 실시할 것으로 알려졌다. 이 기간 휴업 직원들에게는 평균 임금의 70%를 지급할 계획이다.영업적자보다 당기순손실이 대폭 늘어난 것은 ""두산 밥캣 PRS(주가수익스와프) 영향""이라고 두산중공업은 밝혔다. 주가수익스와프는 정산 시점에 기초 자산인 주식 가치가 계약 당시보다 높으면 그 차액을 자금 조달 기업이 가져가고, 그 반대면 기업이 손실 금액을 투자자에게 보전하기로 약속한 파생상품이다.두산중공업은 2018년 두산엔진을 매각하면서, 두산밥캣 지분 약 10.6%를 두고 증권사들과 PRS 계약을 맺었다. PRS 계약 당시 기준가는 3만5650원이었는데 밥캣 주가가 이보다 낮으면 두산중공업은 그 차익만큼 손실을 보전해야 한다.지난 3월 말 두산밥캣 주가는 1만7950원으로 기준가의 절반 수준에 그쳤다. 두산중공업 측은 ""3월 말보다 현재 두산밥캣 주가가 30% 가까이 올랐기 때문에 2분기 파생평가순손익은 어느 정도 회복될 것""이라고 밝혔다.[신은진 기자 momof@chosun.com] 		▶ 바뀐 우리집 공시가 확인하기 		▶ 네이버에서 조선일보 받아보기		▶ 조선일보 구독 신청하기 	- Copyrights ⓒ 조선일보 & chosun.com, 무단 전재 및 재배포 금지 -"
47,두산그룹 구조조정 지지부진… 두산重 공기업화 얘기까지 나와,2020.06.04,"두산重 매각땐 그룹 사실상 해체				두산중공업 부실로 두산그룹 전체가 흔들리면서 시중에서는 두산그룹이 두산중공업을 포기할 수밖에 없을 것이란 얘기까지 나오고 있다. 두산그룹은 이런 설(說)에 대해 펄쩍 뛴다. 두산중공업은 두산그룹의 중간지주사로, 우량 핵심 계열사인 두산인프라코어와 두산밥캣을 각각 자회사와 손자회사로 거느리고 있기 때문이다. 두산중공업을 포기하면 이 두 핵심 계열사까지 날아가게 되고, 그룹은 사실상 해체되는 꼴이 된다.산업은행 등 두산그룹에 거액의 자금 지원을 한 국책은행들은 최소 3조원 규모의 자구안을 마련하라고 요구하고 있다. 두산그룹 측은 ""두산중공업 유상증자, 오너가(家) 사재 출연을 비롯해 팔 수 있는 건 다 팔겠다""고 하고는 있지만 시중에서는 '현재 진행되고 있는 매각 작업으로는 3조원 마련이 어려울 것'이라는 반응이 나온다. 그래서 일각에서는 '두산중공업 공기업화 설'까지 나오고 있다. 그러나 두산그룹 지배구조상 두산중공업이 공기업이 되면 두산그룹 전체가 사실상 국유화되는 것과 마찬가지이기 때문에 상당한 파장이 일 수밖에 없다.두산중공업을 사업 회사와 투자 회사로 나눠 투자 회사를 지주사인 ㈜두산에 합병하는 방안이 검토되고 있다는 분석도 있다. 이렇게 되면 두산중공업 자회사인 두산인프라코어, 손자회사인 두산밥캣은 모두 투자 회사 소속으로 되고, 원전과 신재생에너지 사업 등을 담당하는 사업 회사는 산업은행이 대주주가 되는 회사로 분리가 가능하다. 두산그룹 입장에서는 부실 회사만 버리는 '최고의 방안'일 수 있지만, 국가가 빚을 안고 있는 회사를 떠안게 되는 셈이라, 가능성은 높지 않다는 게 업계의 중론이다.[신은진 기자 momof@chosun.com] 		▶ 복잡한 경제뉴스 '5Q경제'로 완벽 정리 		▶ 네이버에서 조선일보 받아보기		▶ 중고생 위한 대입필수 독서노트 받으러 가기 	- Copyrights ⓒ 조선일보 & chosun.com, 무단 전재 및 재배포 금지 -"
48,두산 임원 급여 30% 반납… 중공업은 최대 50%까지,2020.04.03,"극심한 자금난으로 산업은행과 수출입은행으로부터 1조원 규모의 긴급 자금을 지원받는 두산중공업이 임원들의 급여를 최고 50%까지 반납하기로 했다.두산중공업은 2일, ""회사 정상화에 힘을 모으기 위해 박지원 회장 등 부사장급 이상은 급여의 50%, 전무는 40%, 상무는 30%를 반납하기로 했다""고 밝혔다. 두산그룹 다른 계열사들도 4월 지급분부터 임원 급여의 30%를 모두 반납하기로 했다. 두산그룹은 임원 급여 반납에 더해 임직원들의 복리후생 성격의 지출도 억제하기로 했다.한편, 두산중공업은 손자 회사로 캐시카우(수익 창출원) 역할을 하고 있는 두산밥캣의 미국 공장이 가동 중단되는 설상가상의 상황을 맞게 됐다. 두산밥캣은 6일부터 19일까지 미국 노스다코타주와 미네소타주 공장을 닫고, 노스캐롤라이나 공장은 4일부터 19일까지 가동 중단한다. 두산밥캣 관계자는 ""현재 주문과 시장 수요에 대응할 정도의 재고는 확보하고 있다""고 말했다.[석남준 기자 namjun@chosun.com] 		▶ 4·15 국회의원 선거 누가 이길까 		▶ 네이버에서 조선일보 구독하기		▶ 조선일보 구독 신청하기 	- Copyrights ⓒ 조선일보 & chosun.com, 무단 전재 및 재배포 금지 -"
49,두산중공업 1.3조 유상증자...(주)두산은 솔루스.모트롤 매각,2020.09.04,"두산그룹이 두산중공업 경영정상화를 위한 자구안 이행에 속도를 내고 있다.두산중공업은 4일 이사회를 열고 1조3000억원 규모의 유상증자를 의결했다. 두산중공업의 최대 주주인 ㈜두산도 같은 날 이사회를 열고 두산솔루스, 모트롤사업부 등을 매각하기로 의결했다. 또 박정원 두산그룹 회장 등 대주주들은 책임 경영 차원에서 5700억원에 달하는 두산퓨얼셀 지분을 두산중공업에 무상증여하기로 했다.										두산중공업은 이날 “이사회를 열고 12월에 1조3000억원 규모의 유상증자를 실시하기로 했다”고 공시했다. 주주배정 후 일반공모 방식이며 실권이 발생할 경우엔 주관증권사가 총액을 인수한다. 앞서 산업은행과 수출입은행은 지난 3~6월 세 차례에 걸쳐 경영난을 겪고 있는 두산중공업에 총 3조원을 지원했고, 두산그룹은 3조원 규모의 자구안 마련을 약속했다. 두산은 당시 ‘올해 안에 1조원 이상의 자구안을 마련하겠다‘고 했는데, 이번에 두산중공업 유상증자를 의결하면서 이 약속을 지킨 것이다. 두산중공업은 유상증자로 마련하는 자금을 차입금 상환 등에 사용할 계획이다. 앞서 두산중공업은 지난달 초 골프장 클럽모우CC를 1850억원에 매각해 그중 1200억원을 차입금 상환에 쓴 것으로 알려졌다.㈜두산도 이날 이사회를 열고 자회사인 두산솔루스 지분 52.93%를 매각하기로 의결했다. 매각 지분에는 박정원 회장 등 특수관계인의 지분도 포함돼 있다. 매수자는 진대제 전 정보통신부 장관이 이끄는 국내 사모펀드 ‘스카이레이크인베스트먼트‘이고 매각 대금은 6986억원이다. 두산솔루스는 전기차 배터리용 동박을 제조하는 업체로 그동안 그룹의 신성장 동력으로 꼽히던 회사였다.㈜두산은 유압기기 제조부문인 모트롤사업부도 국내 사모펀드인 ‘소시어스-웰투시' 컨소시엄에 매각하기로 의결했다. 매각대금은 4530억원이다. 매각에 앞서 모트롤사업부는 물적분할을 거치게 된다. 두산그룹 관계자는 “두산솔루스와 모트롤사업부를 매각해 마련한 돈으로 두산중공업 유상증자에 참여할 계획”이라고 말했다. ㈜두산은 지난달 투자회사 네오플럭스 지분 96.77%를 730억원에 팔았고, 두산타워 매각도 추진하고 있다.이와 함께 박정원 회장 등 ㈜두산 대주주들은 두산퓨얼셀 지분 23%를 두산중공업에 무상증여하기로 결정했다. 책임경영 차원에서 사재출연을 결정한 것이다. 지분가치는 3일 종가 기준 약 5740억원이다. 두산중공업은 유상증자와 함께 두산퓨얼셀 지분까지 확보하면서 재무구조가 크게 개선될 전망이다.두산퓨얼셀은 발전용 수소연료전지 제조업체로 두산그룹의 신성장 동력이다. 두산중공업도 국내 최초 액화수소플랜트 사업에 참여하고 있고 재생에너지로 수소를 만드는 그린수소 생산, 수소터빈 사업 등을 추진하고 있다. 두산 관계자는 “수소경제라는 공통 분모 위에서 양사 간 사업적 시너지가 크게 일어날 것으로 기대된다”면서 “특히 두산퓨얼셀의 경우 투자 확대 등 여러 측면에서 지금보다 여건이 좋아진다”고 설명했다.두산은 이와 함께 그룹 내 핵심 자산인 두산인프라코어 매각 절차도 밟고 있다. 금융업계에 따르면 두산인프라코어의 매각주간사인 크레디트스위스(CS)는 22일 두산인프라코어 예비입찰을 마감할 계획인 것으로 알려졌다. 매각 대상은 두산중공업이 보유한 두산인프라코어 지분 36.27%다. CS는 지난달 초 인수의향을 밝힌 후보자들에게 최근 투자자설명서를 배포했다고 한다. 다만 두산인프라코어가 보유한 두산밥캣 지분은 이번 매각에서는 제외된다.두산인프라코어의 시가총액은 약1조6500억원 수준인데 두산중공업 보유 지분의 시가는 약6000억원으로 추산된다. 경영권 프리미엄을 합해 7000억원 선에서 매각될 것으로 전망된다. 다만 현대중공업·한화 등 대기업들이 그동안 “인수 의사가 없다”고 밝히면서 아직까지 매각이 흥행하기는 어려운 것으로 업계는 분석하고 있다.[김강한 기자 kimstrong@chosun.com] 		▶ 집 있어도 없어도 스트레스, 혼돈의 부동산		▶ 유용원 군사전문기자의 밀리터리시크릿 '밀톡' 		▶ 과학이 이렇게 재밌을수가~ '사이언스카페'"
50,"주가 폭등 두산퓨얼셀, 두산重 자구안 포함되나",2020.06.15,"두산그룹에서 가장 비싼 회사는 두산밥캣(시가총액 2조6867억원)이다. 2위는 어디일까. 두산퓨얼셀이 시가총액 1조3735억원으로 두산인프라코어·두산중공업 등 주력 계열사들을 앞질렀다.두산퓨얼셀 주가는 11일 종가 기준 2만4750원이다. 주가 급등으로 12일엔 주식 매매 거래가 정지됐다. 한 달 전만 해도 주가가 1만원도 되지 않았고, 3월엔 4000원대도 기록했는데 석 달 만에 6배가 된 것이다. 최근 5거래일엔 상승 폭이 77%에 달했다.재계에서는 두산퓨얼셀이 수소 관련 테마주로 분류돼 최근 주가가 급등했다고 분석했다. 두산퓨얼셀은 ㈜두산이 2014년 PAFC(인산형 연료전지) 원천 기술을 보유하고 있는 미국 연료전지 업체 클리어에지파워(CEP)를 인수한 뒤 지난해 분할 상장한 기업이다.일각에선 두산중공업 경영 정상화를 위한 자구안에 포함될 것이란 기대가 주가 급등 배경이란 해석도 나온다. 최근 박정원 두산그룹 회장은 두산중공업이 연내 1조원 규모 유상증자와 자본 확충을 할 계획이라고 밝힌 바 있다. 한 재계 인사는 ""현재 두산솔루스 지분과 두산타워, 골프장 클럽모우 등의 매각 작업이 진행 중인 것으로 안다""며 ""이들에 대한 매각 협상이 원활하게 진행되지 않으면 두산퓨얼셀 등도 매각 대상이 될 수 있다""고 관측했다. 두산그룹은 자구안을 낼 때 ""매각 또는 유동화가 가능한 모든 자산을 대상으로 검토하고 있다""고 했다.[신은진 기자 momof@chosun.com] 		▶ 유용원 군사전문기자가 풀어내는 軍의 비밀  '밀톡' 		▶ 과학이 이렇게 재밌을수가~ '사이언스 카페' 		▶ 조선일보 뉴스를 네이버에서 확인하세요	- Copyrights ⓒ 조선일보 & chosun.com, 무단 전재 및 재배포 금지 -"
51,두산베어스까지... 채권단 매각 요구,2020.05.19,"일각 ""두산 매각 원치 않고, 인수자 찾기도 쉽지 않아""				프로야구 두산베어스가 두산의 품을 떠날 수 있다는 이야기가 나오고 있다. 금융권에 따르면 산업은행, 수출입은행 등 두산중공업 채권단은 두산그룹과 두산베어스 매각을 요구한 것으로 알려졌다.두산그룹은 두산중공업을 정상화하기 위해 구조조정 작업을 하고 있다. 자산 매각과 유상 증자, 오너가(家)의 사재 출연 등을 통해 3조원을 마련한다는 게 두산그룹의 계획이다. 이중 핵심은 자산 매각이다. 두산은 그룹 사옥인 서울 동대문 두산타워를 비롯해 전자·바이오소재 사업체 두산솔루스, 유압기기를 생산하는 모트롤BG(사업부문) 등을 매각 테이블에 올려놓았다. 이에 더해 채권단은 두산베어스 매각도 두산그룹 측에 요구한 것으로 알려졌다.두산베어스는 한국시리즈에서 6차례 우승한 명문구단이다. 서울을 연고지로 하고 있어 충성도 높은 팬들도 대거 보유하고 있다. 2009년부터 2018년까지 10시즌 연속 평균 100만 관중을 넘겼다. 두산그룹 박정원 회장이 두산베어스의 구단주이기도 하다. 박 회장은 지난해 한국시리즈에서 두산베어스가 SK와이번스를 꺾고 우승을 차지하자 선수들의 헹가래를 받기도 했다.두산그룹 안팎에선 두산베어스가 두산의 매각 리스트에서 후순위가 될 것으로 보고 있다. 재계 관계자는 “두산 입장에선 두산베어스는 실제 돈을 벌어주진 않지만 상징성이 워낙 커서 알짜 회사인 두산인프라코어나 두산밥캣과 마찬가지로 매각 리스트의 마지막 페이지에 들어갈 것”이라고 말했다. 시장에서도 인수자를 찾기 쉽지 않을 것이란 분석이 나온다. 투자은행 업계 관계자는 “한국에서 프로구단을 운영하는 건 마케팅 효과가 분명하지만, 사실상 사회 환원적인 성격이 크다”며 “코로나 사태로 기업들이 현금 확보에 혈안이 된 상황이라 인수자를 찾기가 쉽지 않을 것”이라고 말했다.[석남준 기자 namjun@chosun.com] 		▶ 바뀐 우리집 공시가 확인하기 		▶ 네이버에서 조선일보 받아보기		▶ 조선일보 구독 신청하기 	- Copyrights ⓒ 조선일보 & chosun.com, 무단 전재 및 재배포 금지 -"
52,"두산타워, 솔루스, 모트롤BG… 팔 수 있는 건 다 판다",2020.05.14,"[속도내는 두산그룹 구조조정]회계법인이 실사 결과 통보하면 채권단, 추가 자금지원 여부 결정지난 2월 이어 명예퇴직 추가접수노조는 ""구조조정 저지 투쟁"" 두산그룹이 극심한 자금난에 빠진 두산중공업을 정상화하기 위한 구조 조정 작업에 속도를 내고 있다. 두산그룹의 지주회사 격인 ㈜두산은 14일 이사회를 열고, 자회사인 두산중공업 관련 대책 등을 논의한다. 두산 측은 전자·바이오소재 사업체 두산솔루스를 비롯, 유압기기를 생산하는 모트롤BG(사업부문), 골프장 클럽모우 등을 매각하기 위해 물밑 작업을 벌이고 있는 것으로 13일 전해졌다. 두산그룹 사옥인 서울 동대문 두산타워까지 내놨다. 두산중공업의 우량 자회사인 두산인프라코어·두산밥캣 등은 매각 우선순위에 포함돼 있지 않은 것으로 알려졌다.				두산그룹이 제출한 자구안 등에 대해 실사를 벌이고 있는 삼일회계법인은 이르면 다음 주 산업은행·수출입은행 등 채권단에 결과를 통보할 것으로 알려졌다. 두산중공업에 지금까지 2조4000억원을 지원한 채권단은 실사 결과를 토대로 추가 지원 규모를 결정할 예정이다.두산 ""팔 수 있는 건 다 판다""두산그룹은 지난달 27일 팔 수 있는 건 다 팔고, 두산중공업 유상증자, 오너가(家) 사재 출연 등을 통해 3조원 이상을 확보하겠다는 자구안을 채권단에 제출했다. 이후 이렇다 할 발표는 없지만 물밑에선 활발하게 매각 작업을 벌이고 있다. 두산은 부동산 전문 자산운용사인 마스턴투자운용과 두산그룹의 상징인 두산타워에 대한 매각 협상을 벌이고 있다. 두산은 두산타워가 동대문의 랜드마크인 동시에 면세점을 비롯한 각종 상업시설이 입점해 있어 8000억원 이상 가치가 있다고 보고 있다. 두산타워를 8000억 안팎에 매각하면 2018년 담보로 잡았던 4000억원가량의 차입금 감축효과와 함께 세금 등을 제외한 2000억원 규모의 현금을 확보하게 된다. 업계 관계자는 ""두산이 채권단과 협의 과정에서 매각을 통해 부채를 줄이는 것도 자구책에 포함하기로 한 것으로 안다""고 말했다. 두산의 대부분 계열사는 올해 말 경기 성남에 완공되는 신사옥에 입주할 예정이다.앞서 사모펀드 운용사와의 매각 협상이 결렬된 두산솔루스, ㈜두산에 속한 모트롤BG도 매물 목록에 들어 있다. 투자은행 업계는 모트롤BG의 시장가격을 5000억원 안팎으로 보고 있다. 두산중공업은 자회사인 에너지 플랜트 회사 두산메카텍을 매각할 것으로 알려졌다. 강원도 홍천에 있는 골프장 클럽모우도 매물 목록에 올라 있다. 클럽모우는 두산중공업이 지난 2013년 시행사에서 공사비를 받을 수 없게 되자 채무 인수 형태로 떠안았다. 투자은행 업계 관계자는 ""두산은 거론되고 있는 매물을 모두 매각하고 유상증자, 오너가 사재 출연을 원활히 진행해야만 채권단에 밝힌 3조원을 채울 수 있을 것""이라고 말했다.두산중공업 2차 명예퇴직 접수 중… 노조 ""구조 조정 저지 투쟁""두산중공업의 인적 구조 조정도 속도가 붙고 있다. 지난 2월 기술직 및 사무직을 포함한 만 45세 이상 직원을 대상으로 명예퇴직 신청을 받은 데 이어 지난 11일부터 추가 명예퇴직 신청을 받고 있다. 1차 신청 당시 전체 직원(6700여 명) 가운데 10% 정도인 650여 명이 명예퇴직을 신청했다. 업계에선 두산중공업이 고정비용을 줄이겠다는 목표를 달성하기 위해선 총 1000명 정도의 명예퇴직이 필요한 것으로 보고 있다. 두산중공업은 명예퇴직 신청 규모가 미미할 경우 휴업이 불가피하다는 입장인 것으로 전해졌다.두산의 구조 조정에 노조는 반발하고 나섰다. 금속노조 경남지부 두산중공업지회, 두산모트롤지회, 두산메카텍지회, 두산인프라코어지회(군산분회) 등은 13일 '두산그룹 구조조정 저지 투쟁대책위원회' 출범 기자회견을 열었다. 이들은 ""두산그룹 전체 노동자의 총고용 보장, 두산중공업의 공기업화, 두산그룹 일가의 이익 환수 및 경영권 반납 등을 통한 책임과 처벌을 요구할 것""이라고 밝혔다.[석남준 기자] [윤진호 기자] 		▶ 바뀐 우리집 공시가 확인하기 		▶ 네이버에서 조선일보 받아보기		▶ 조선일보 구독 신청하기 	- Copyrights ⓒ 조선일보 & chosun.com, 무단 전재 및 재배포 금지 -"
53,"두산인프라코어, 코로나로 영업이익 28% 감소",2020.04.29,"두산인프라코어가 1분기 영업이익이 작년 동기 대비 27.8% 감소한 1810억원을 기록했다고 29일 공시했다. 매출은 2조93억원으로 전년 동기 대비 7.9% 감소했다.중대형 건설기계 매출은 8265억원으로 전년 동기보다 17% 감소했고 영업이익은 739억원으로 37% 줄었다. 중국 건설기계 1분기 매출은 3115억원으로 33% 감소했다.두산인프라코어 관계자는 “중국에서 1∼2월 코로나 바이러스 감염증이 확산하며 타격을 입었으나 3월에는 'V'자로 반등해 작년 수준을 회복했다”고 말했다.두산인프라코어는 중국의 인프라 투자 확대에 따라 4~5월에는 실적이 개선될 것이라고 전망했다.자회사인 두산밥캣의 1분기 매출은 1조538억원으로 전년 동기 대비 소폭(-0.2%) 하락했고 영업이익은 868억원으로 23% 감소했다.[김강한 기자 kimstrong@chosun.com] 		▶ 바뀐 우리집 공시가 확인하기 		▶ 네이버에서 조선일보 받아보기		▶ 조선일보 구독 신청하기 	- Copyrights ⓒ 조선일보 & chosun.com, 무단 전재 및 재배포 금지 -"
54,채권단이 나서 두산중공업 수술 돌입,2020.04.04,"경영자문역 2명 긴급 파견오너 사재 출연 압박할 듯지난달 27일 산업은행과 수출입은행으로부터 1조원 자금 지원을 받기로 한 두산중공업에 대해 채권단이 강도 높은 관리에 들어갔다. 산은과 수은은 3일 ""1조원 자금을 투입하면서 두산중공업에 각 1명씩 경영자문역을 투입한다""고 밝혔다.재계에선 두산중공업의 위기가 국내 재계 순위 15위인 두산그룹 전체로 확산할 수 있다는 우려와 함께 두산그룹 전체가 강력한 구조조정에 돌입할 것이라는 전망이 나온다. 두산중공업은 두산그룹의 중간지주사로서 계열사들을 지탱하는 중추 역할을 해왔다. 하지만 이번엔 두산중공업의 위기가 우량 자회사인 두산인프라코어와 두산밥캣에까지 악영향을 주는 상황이 될 수 있다는 경고가 나오고 있다.두산그룹의 지배구조는 ㈜두산이 두산중공업 지분 44.9%를 갖고, 두산중공업은 그룹 내 '알짜 회사'로 통하는 두산인프라코어 지분 36.3%를 보유하는 수직 구조다. 한국신용평가는 지난달 24일 ""두산중공업의 재무 리스크가 지주회사인 ㈜두산뿐 아니라 자회사인 인프라코어나 손자회사인 밥캣으로 전이될 경우 이들 계열사의 신용도도 하락할 것""이라고 분석했다.금융권과 재계에선 ""채권단이 두산중공업에 대해 사실상 기업구조조정 돌입 전 단계로 보고 대응에 들어갔다""는 분석이 나온다. 수은은 최근 두산중공업 태스크포스(TF)를 꾸리면서 팀장을 기업구조조정 담당자에게 맡겼다. 산은 역시 구조조정본부 산하에 기업경쟁력제고지원단을 신설하면서 기업금융실에 있던 두산 담당자를 모두 불러들였다.채권단은 두산중공업에 1조원을 지원하면서 자구안을 요청했다. 두산은 우선 전체 계열사 임원의 임금 30% 반납 계획을 밝혔지만, 채권단은 오너의 사재 출연을 포함한 더 강력한 대응을 요구 중인 것으로 알려졌다. 채권단은 이달 말이나 5월 초에 두산중공업이 자구안을 제출하면 정밀 실사를 한 뒤 적정성을 판단해 자율협약(채권단 공동관리) 개시 여부를 결정할 것으로 보인다.두산중공업은 핵심 수익원이던 원전 사업이 탈(脫)원전 정책으로 붕괴되면서 경영 상황이 급격히 악화됐다. 지난해 당기순손실 4952억원을 기록했다. 계열사 지원도 두산중공업의 재무를 악화시킨 요인이었다. 2013년 자회사 두산건설이 '일산 두산위브더제니스' 미분양 사태 등으로 자금난에 빠지자, 두산중공업은 지금까지 1조7000억원을 쏟아부었다. 하지만 두산건설은 지난해 12월 결국 상장폐지됐다.현재로선 두산중공업의 자금난이 해소될 가능성도 크지 않다. 정부의 탈원전 정책으로 10조원 규모의 미래 매출이 사라진 것으로 업계는 보고 있다. 작년 말 기준 두산중공업의 차입금은 4조9000억원에 달한다.투자은행 등에선 유상증자와 두산건설 매각 등의 이야기가 나오고 있다. 최진명 NH투자증권 연구원은 ""두산중공업은 탈원전 정책이 바뀌지 않는 한 반등하기 쉽지 않다""며 ""채권단 입장에선 지원금을 최대한 회수하기 위해 오너의 사재 출연 등 더 강도 높은 압박을 가할 가능성이 크다""고 말했다.[석남준 기자 namjun@chosun.com] [윤진호 기자] 		▶ 4·15 국회의원 선거 누가 이길까 		▶ 네이버에서 조선일보 구독하기		▶ 조선일보 구독 신청하기 	- Copyrights ⓒ 조선일보 & chosun.com, 무단 전재 및 재배포 금지 -"
55,"탈원전 3년, 두산重 대규모 감원",2020.02.19,"45세 이상 2600명이 명퇴 대상 원전 엔지니어 대거 떠날 듯… 협력사 감원도미노 우려 문재인 정부 '탈(脫)원전' 정책의 직격탄을 맞은 국내 대표 원전 기업인 두산중공업이 강도 높은 인력 구조조정 작업에 돌입했다.지난 연말 대규모 임원 감축을 비롯해 사업 조정, 유급 휴직, 계열사 전출 등 강도 높은 자구 노력을 펼쳐왔지만, 경영 실적이 갈수록 악화되자 결국 '45세 이상 명예퇴직'이라는 초고강도 카드까지 꺼낸 것이다. 업계에서는 적어도 명예퇴직자 1000명 이상이 쏟아져 나올 것이라며, 탈원전 정책이 낳은 한국 원전산업 생태계 붕괴의 신호탄이라고 우려하고 있다. '탈원전으로 2030년까지 원전 산업 인력 약 1만명이 일자리를 잃을 것'이라는 정부 용역 보고서(2018년·딜로이트와 에너지경제연구원)의 예언이 현실화되고 있는 것이다.두산중공업은 18일 사내 공지를 통해 만 45세 이상 직원들을 대상으로 20일부터 2주 동안 명예퇴직 신청을 받는다고 밝혔다. 두산중공업 직원 6700명 중 45세 이상 직원은 2600여명(39%)이다.두산중공업이 강도 높은 인력 구조조정 작업에 나서는 것은 핵심 수익원이던 원전 사업이 탈원전으로 붕괴됐기 때문이다. 현 정부는 2018년 탈원전을 선언하면서 신한울 3·4호기를 포함한 신규 원전 6기 건설을 백지화했다. 원전 핵심 설비인 원자로와 증기발생기를 만드는 두산중공업의 원전 1기당 매출이 1조2000억원 이상인 점을 감안하면, 탈원전으로 매출 7조~8조원이 사라진 것이다. 원전 부문 공장 가동률은 곤두박질쳐 2017년까지 100% 가동하던 공장이 올해는 60% 수준으로 떨어질 것으로 예상된다. 올해를 끝으로 원전 일감이 끊기는 수주 절벽이 현실화하면서 공장 가동 자체가 어려워질 것이라는 판단을 한 것으로 분석된다.회사 경영 상황은 악화됐다. 두산중공업은 2018년 4200억원, 지난해엔 1000억원의 당기순손실(연결기준)을 냈다. 그나마 두산인프라코어, 두산밥캣 등 자회사들이 좋은 실적을 내준 덕분에 손실 규모가 줄었지만 적자를 면치 못했다. 두산중공업 단독 기준 영업이익 등은 아직 공개되지 않았지만, 매출은 2012년 7조7000억원에서 지난해 3조7000억원으로 반 토막이 났다.앞서 두산중공업은 지난 연말 대대적인 자구 노력을 벌였다. 전체 임원 65명 중 13명에게 퇴사를 통보해, 임원 규모를 3년 만에 절반 이하로 줄였다. 사업 조정, 유급 휴직, 계열사 전출 등도 단행했다. 두산중공업 측은 ""수년간 세계 발전 시장 침체와 국내시장 불확실성이 심화하면서 사업 운영에 어려움을 겪고 있다""며 ""글로벌 에너지 시장의 변화 추세에 맞춰 가스터빈으로의 사업 전환 등을 꾀했지만 불가피하게 명예퇴직을 실시하게 됐다""고 밝혔다.두산중공업의 문제는 한국 원전 산업 전체에 큰 파장을 미친다. 주한규 서울대 교수는 ""대기업인 두산중공업의 희망퇴직을 기점으로, 마치 댐이 무너지듯 협력 업체 수백 곳이 감원과 줄도산하는 사태가 나오지 않을까 우려된다""며 ""대통령 한 사람의 고집 때문에 원전 산업을 일으켜 세운 핵심 인력과 그 가족들이 무고하게 고통을 받게 됐다""고 했다.2009년 아랍에미리트(UAE) 바라카 원전 이후 끊긴 원전 수출도 더 어려워질 전망이다. 정용훈 카이스트 교수는 ""이번 희망퇴직으로 원전 엔지니어들부터 회사를 떠나게 될 것""이라며 ""원자로 등 원전 핵심 장비를 적기에 납품하는 게 우리 원전 산업의 경쟁력이었는데, 중추 인력들이 대거 빠져나가면 앞으로 해외 원전 추가 수주는 더더욱 힘들어질 것""이라고 했다. 정 교수는 ""두산중공업에서 빠져나간 베테랑 원전 기술자들이 중국 등 해외로 이직할 경우, 기술 유출 우려도 높다""며 ""정부가 지금이라도 무리한 탈원전 정책을 되돌려야 한다""고 했다. [최현묵 기자] [신은진 기자 momof@chosun.com] 	[네이버 메인에서 조선일보 받아보기]	[조선닷컴 바로가기]	[조선일보 구독신청하기] 	- Copyrights ⓒ 조선일보 & chosun.com, 무단 전재 및 재배포 금지 -"
56,드론으로 최고혁신상 받은 두산,2020.01.10,"CES 첫 참가 박정원 회장, 수소연료전지 드론 북미 출시두산그룹이 드론과 협동로봇 등을 앞세워 CES에 처음 참가했다. 두산은 8일(현지 시각) 미국 라스베이거스에서 열리고 있는 세계 최대 IT 전시회인 CES 2020에서 CES 최고혁신상을 받은 수소연료전지 드론 등을 전시했다.이날 두산 부스에 온 박정원 두산그룹 회장은 ""이번 CES를 통해 수소연료전지 드론을 북미 시장에 출시했다""며 ""하반기에는 보다 본격적으로 시장을 공략할 것""이라고 밝혔다.두산은 5G 기술을 기반으로 무인 굴착기를 조종하는 건설 현장 종합 관제 설루션 '콘셉트 엑스(Concept-X)', 두산밥캣 장비에 탑승해 직접 체험해 볼 수 있는 증강현실(AR) 작업 프로그램 등을 선보였다. 두산로보틱스의 협동로봇이 DJ와 함께 화려한 공연을 펼쳐 관람객의 이목을 끌었고, 협동로봇 바리스타는 관람객에게 드립커피를 만들어 주기도 했다. 박 회장은 두산 경영진에게 ""올해 CES에서 우리가 제시한 미래 모습을 앞당기는 데 힘 기울여 나가자""고 했다.박 회장은 특히 AI(인공지능), 드론, 협동로봇, IoT(사물인터넷) 등 두산 사업과 연관된 기술을 중심으로 최신 트렌드를 꼼꼼히 살폈다. 박 회장은 CES 참가 소감에 대해 ""앞으로 해야 할 일이 더 많다고 생각한다""며 ""내년에도 CES에 참가하겠다""고 말했다.[신은진 기자 momof@chosun.com] 	[네이버 메인에서 조선일보 받아보기]	[조선닷컴 바로가기]	[조선일보 구독신청하기] 	- Copyrights ⓒ 조선일보 & chosun.com, 무단 전재 및 재배포 금지 -"
57,초알짜 30-30클럽 가입한 기업을 아시나요,2020.06.30,"영업이익률, 당기순이익률 30% 넘는 기업들부채비율도 100% 미만이어야 포함매출 1조 이상 대기업 중에선 KT&G가 유일				국내 2000대 상장사 중 작년에 부채비율이 100% 미만이고 영업이익률과 당기순이익률이 동시에 30%가 넘는 ‘초알짜 30-30 클럽’에 가입한 기업은 16개로 조사됐다. 30일 기업분석 전문 한국CXO연구소가 조사·발표한 결과다. 조사 대상은 국내 매출 기준 상장사 2000곳이고, 금융 및 지주사격에 있는 회사들은 제외했다. 영업이익 등은 별도(개별) 재무제표 기준이다.국내 상장사 중 부채비율 100% 미만이면서 영업이익률과 순이익률이 동시에 30% 넘는 초알짜 기업은 유가증권 기업 3곳, 코스닥 업체 13곳을 포함해 모두 16개였다. 이 중 매출액이 1조 원 넘는 대기업 중에는 ‘KT&G’가 유일했다. 이 회사의 작년 매출은 2조 9426억 원인데 영업이익은 1조 1345억 원으로 영업이익률은 38.6%에 달했다. 같은 기간 순익은 8913억 원으로 순이익률 30.3%를 기록했다. 부채비율은 17.1%였다. 연구소는 “통상적으로 제조 및 서비스 업체 등에서 부채비율이 200% 이하이면 재무구조가 우량한 기업군으로 본다”고 설명했다.매출액이 1000억원 넘는 기업 중에서는 4개가 이름을 올렸다. 게임업체 ‘펄어비스’와 ‘더블유게임즈’를 비롯해 코스닥 업체 ‘리노공업’과 신세계그룹 계열사인 ‘광주신세계’가 그 주인공이다. 펄어비스의 작년 매출은 4556억원인데 영업이익과 순이익은 각각 1596억원, 1407억원으로 영업이익률과 순이익률은 각각 35%, 30.9%인 것으로 나타났다. 부채비율은 29.6%로 파악됐다. 더블유게임즈는 매출 2002억원에 영업이익 783억원, 순이익 1102억원으로 영업이익률과 순이익률은 각각 39.1%, 55.1%였다. 리노공업은 매출 1703억원을 올릴 때 영업이익은 641억원으로 영업이익률 37.7%, 순이익 527억원으로 순이익률 31%를 보였다. 부채비율도 8.5%로 매우 안정적이었다. 광주신세계 역시 매출 1548억원에 영업이익과 순이익은 각각 551억원, 476억원으로 영업이익률과 순이익률은 35.6%, 30.8%인 것으로 조사됐다. 이 회사의 부채비율도 13.8%로 낮았다.초알짜 기업 16곳 중 영업이익률 50%를 넘어선 곳은 세 곳으로 조사됐다. 코스닥 업체이면서 온라인광고회사인 ‘에코마케팅’이 57.9%로 가장 높았다. 이 회사는 매출 407억원에 영업이익은 235억원이었다. 화장품 등을 생산 판매하는 ‘케어젠’도 매출 645억원에 영업이익 356억원으로 영업이익률만 55.2%였다. 의료용 기기 제조사인 ‘클래시스’ 도 매출 800억원 중 영업이익이 416억원이어서 영업이익률은 52%나 됐다.30대 그룹 계열사 중에서는 KT&G, 광주신세계와 함께 두산그룹 계열사인 ‘두산솔루스’도 포함됐다. 두산솔루스는 작년 한 해 매출 448억원에 영업이익 209억원, 순이익 153억원으로 영업이익률과 순이익률은 각각 46.6%, 34.2%로 파악됐다. 부채비율도 69.9%로 재무건전성이 양호했다. 두산그룹 계열사 중 알짜기업인 셈이다. 두산그룹 계열사 중 두산밥캣도 작년 한 해 영업이익률과 순이익률이 30% 이상인 초알짜 기업인 것으로 파악됐다. 1731억원의 매출액에 영업이익과 순이익은 각각 1371억원, 1106억원이었다.작년 매출 100대 기업(금융 및 지주사 포함) 중 순이익률 30% 넘는 기업으로는 KT&G를 비롯해 네이버(35.7%), SK(45.6%), SK이노베이션(43%)이 포함됐다. 삼성전자의 작년 순이익률은 9.1%로 파악됐다. 이번 조사와 관련해 오일선 소장은 “국내 상장사 2000대 기업의 평균 영업이익률은 5%, 순이익률은 3% 수준인 것을 감안할 때 두 항목 모두 30%를 넘는다는 것은 그만큼 고부가가치를 창출한다는 의미가 크다”며 “국내 기업들도 고부가가치를 창출할 수 있는 새로운 먹거리 산업을 발굴하는 것이 노력이 절실하다”고 말했다.[석남준 기자 namjun@chosun.com] 		▶ 유용원 군사전문기자의 밀리터리시크릿 '밀톡' 		▶ 과학이 이렇게 재밌을수가~ '사이언스카페' 		▶ 조선일보 뉴스를 네이버에서 확인하세요	- Copyrights ⓒ 조선일보 & chosun.com, 무단 전재 및 재배포 금지 -"
58,"[마감시황]코스피, 8거래일 연속 상승",2020.06.09,"9일 코스피 지수는 8거래일 연속 상승세로 마감했다.이날 코스피 지수는 전거래일보다 4.63포인트(0.21%) 오른 2188.92에, 코스닥 지수는 전날보다 0.78포인트(0.1%) 오른 753.82에 거래를 마감했다코스피 지수는 장 시작과 함께 2200선을 돌파했다. 전일에 이어 이틀 연속 장중 2200선을 넘었으나, 기관과 외국인이 동반 매도에 나서면서 상승폭을 반납했다. 이날 기관과 외국인은 각각 3956억원, 210억원을 순매도하며 차익 실현을 했다. 반면 개인은 4104억원을 순매수 했다.업종별로는 의약품업(+3.19%), 섬유의복업(+0.88%), 전기전자업(+0.76%)이 상승했으며, 기계업(-1.32%), 철강금속업(-1.27%), 운수장비업(-1.21%) 등은 하락세로 장을 마감했다.종목별로는 신풍제약우가 29.95% 오른 4만8600원을 기록했고, SK네트웍스우(+29.95%), KG동부제철우(+29.95%)등이 상승세를 보였다. 반면 금강공업우(-6.43%), 유진투자증권(-6.09%), 두산밥캣(-5.81%) 등은 하락했다.삼성전자는 전날보다 1.09% 오른 5만5500원을 기록했으며, 시가총액 상위 20개 종목 중 7개 종목이 주가가 올랐다. 셀트리온은 2.93% 오른 26만3500원에 장을 마감했으며, 삼성SDI(+2.13%), 삼성바이오로직스(+1.81%)등이 상승세를 보였다. 반면 기아차(-2.00%), POSCO(-1.98%), 현대모비스(-1.38%)는 주가가 하락했다..이날 코스닥은 기관이 722억원을 순매도했으며, 외국인과 개인이 각각 881억원, 114억원을 순매수했다. 업종별로는 제약(+1.35%)과 컴퓨터서비스(+1.11%) 등이 강세였다. 반면 섬유·의류(-2.34%)와 금속(-1.17%) 등이 하락 마감했다.[이준우 기자 rainracer@chosun.com] 		▶ 유용원 군사전문기자가 풀어내는 軍의 비밀  '밀톡' 		▶ 과학이 이렇게 재밌을수가~ '사이언스 카페' 		▶ 조선일보 뉴스를 네이버에서 확인하세요	- Copyrights ⓒ 조선일보 & chosun.com, 무단 전재 및 재배포 금지 -"
59,"500대 기업, 2분기에 갚을 빚 15조... 한전 1조4000억 최다",2020.04.08,"국내 500대 기업의 회사채 가운데 2분기 만기가 도래하는 규모가 15조에 달하는 것으로 조사됐다. 회사채를 1차 만기 도래 후 24시간 안에 갚지 못하면 부도처리 된다.기업 평가 사이트 CEO스코어가 500대 기업 중 지난해 사업보고서를 제출한 기업 334곳 중 회사채 내역을 알 수 있는 234개 기업을 조사한 결과 올해 남은 기간 만기 도래하는 회사채 규모가 37조4600억원에 달하는 것으로 나타났다고 7일 밝혔다. 이 중 약40%에 달하는 14조7545억원을 2분기(4~6월)에 상환해야 한다. 3분기에는 12조3146억원을, 4분기에는 10조3916억원을 갚아야 한다. 전체 회사채 규모는 300조7444억원이었다.업종별로는 2분기 중 만기 도래하는 회사채 규모가 가장 큰 곳은 공기업으로 3조5262억 원이었다. 석유화학(1조2930억 원)과 조선‧기계‧설비(1조2570억 원), 여신금융(1조2300억 원) 등이 1조 원을 넘었다.기업별로는 한국전력공사가 2분기 중 1조4400억 원이 만기 도래해 조사 대상 중 유일하게 1조 원이 넘었고, 한국동서발전(6789억 원), 두산중공업(6720억 원), 하나카드(4700억 원), 한국남동발전(4273억 원), 삼성카드(4100억 원), NH투자증권(4000억 원), 롯데캐피탈(3500억 원), 호텔롯데(3019억 원)이 톱10에 들었다.다만 초우량채로 분류되는 공사채와 사업 특수성에 따라 자금조달 규모가 큰 여신금융 등 금융채를 제외한 일반 회사채 만기도래 규모로는 두산중공업(6720억 원), 호텔롯데(3019억 원), SK네트웍스(2800억 원), 현대제철(2700억 원), LG디스플레이(2600억 원), 기아자동차‧호텔신라(각 2500억 원), 롯데쇼핑‧대한항공(각 2400억 원), 롯데렌탈‧LG CNS(각 2300억 원) 등의 순으로 만기 회사채 규모가 컸다.한편 500대 기업 중 올해 갚아야 할 회사채가 없는 기업은 총 130곳이었다. 회사채 발행 내역이 없는 기업은 현대모비스와 현대글로비스, 한국조선해양, 네이버, 두산밥캣, KT&G, 효성티앤씨, 농심, 넷마블, 한샘, 종근당 등 80개사였다.[김강한 기자 kimstrong@chosun.com] 		▶ 4·15 국회의원 선거 누가 이길까 		▶ 네이버에서 조선일보 구독하기		▶ 조선일보 구독 신청하기 	- Copyrights ⓒ 조선일보 & chosun.com, 무단 전재 및 재배포 금지 -"
60,시총 '10조원 클럽' 명단에 이 기업들이 안보이네,2020.04.07,"코로나 사태로 시총 순위 요동코로나 사태로 국내 상장사 시가총액 순위가 요동치고 있다. 7일 기업분석 전문 한국 CXO연구소의 ‘국내 상장사 올 1분기 시가총액 순위 변동 분석’에 따르면 지난 1월 초 시가총액 100대 기업에 포함된 곳 중 절반이 넘는 52곳이 3월 말에 순위가 하락한 것으로 나타났다. 같은 기간 시가총액이 1조원 넘게 증가한 곳도 7곳 있었다. CXO연구소는 국내 상장사 주식종목(우선주 포함) 2300여개를 대상으로 1월 2일 대비 3월 31일 기준 주가 등락률과 주식 수에 종가(終價)를 곱한 시가총액 순위 변동 등을 분석했다.시가총액 ‘10조원 클럽’도 1월 초 31곳에서 3월 말 25곳으로 축소됐다. 삼성생명은 1월 초 시가총액이 14조 6000억원 수준이었지만 3월 말에는 8조 6000억원으로 41% 넘게 쪼그라들었다. 같은 기간 시총 순위도 21위에서 27위로 밀려났다. 10조원 클럽 멤버였던 SK이노베이션(8조 445억원), 아모레퍼시픽(9조 8502억원), LG전자(7조 8878억원), 삼성화재(7조 2957억원), 하나금융지주(6조 9355억원), 에쓰오일(6조 4284억원) 등도 올 3월 말 기준 시총 10조원 클럽에서 빠졌다.상위 100대 기업의 시가총액은 1월 초 1218조원에서 3월 말 1011조원으로 17%(207조원) 감소했다. 올 1월 초 시총 100대 기업 중 3월 말 순위가 떨어진 52곳 가운데 대우조선해양의 순위가 가장 많이 떨어졌다. 1월 초 시총 83위에서 3월 말 117위로 34계단이나 후퇴했다. 삼성엔지니어링도 1월 초 시총 62위에서 3월 말 91위로 29계단 내려앉았다. 이외 롯데쇼핑(61위→86위), 두산밥캣(73위→97위), 휠라홀딩스(77위→100위) 등도 시총 순위가 20계단 이상 하락했다.반면 시총 순위가 크게 올라간 곳도 있었다. 바이오 기업 씨젠은 1월 초만 해도 시가총액이 8119억원으로 223위였지만, 코로나 사태가 발생한 이후 3월 말 시가총액이 2조 9145억원으로 점프했다. 시총 순위도 160계단이나 뛴 63위에 자리했다. 3월 말 기준 이마트(62위)와 맞먹는 수준까지 뛰어오른 것이다. 씨젠은 같은 기간 주가가 가장 많이 오른 곳 순위에서도 1위를 차지했다. 1월 초 3만950원이었던 주가가 3월 말 11만1100원으로 259% 수직 상승했다. CXO연구소는 “올 1분기 시총 순위 최대 파란”이라고 설명했다. 셀트리온제약도 1월 초 151위에서 3월 말 66위로 85계단이나 상승했다. 한진칼은 98위에서 44위로 54계단 뛰어올랐다.올 1분기에만 시가총액이 1조원 넘게 증가한 곳도 7곳 있었다. 셀트리온은 올 1분기 시가총액이 6조 2906억원(1월 초 23조 1008억원→3월 말 29조 3914억원)이나 증가했다. 같은 기간 주가가 27% 넘게 오르면서 시총 순위도 8위에서 5위로 움직였다. 이외에 셀트리온헬스케어(5조 3414억원), 삼성바이오로직스(3조 5398억원), 엔씨소프트(2조 4369억원), 씨젠(2조 1027억원), 한진칼(2조 325억원), 셀트리온제약(1조 3706억원) 등도 시가총액이 1조원 이상 불어난 것으로 파악됐다. 셀트리온 3형제 기업이 올 1분기에 시가총액 1조원 이상 늘어나는 저력을 보여줬다.시총 순위가 요동치는 와중에서도 1위는 삼성전자로 변함이 없었다. 다만 시가총액은 329조원에서 285조원으로 13.5%(44조원) 감소했다. 오일선 한국CXO연구소장은 “올 1분기 시총 순위는 코로나19가 큰 변수로 작용하는 상황 속에서 식품·바이오·게임 및 정보통신 등 이른바 ‘FBI’ 업종에 있는 업체들이 크게 선전했다”며 “국내 코로나 불안감이 어느 정도 해소될 경우 우리나라 제조업체들의 상황이 다소 호전돼 2분기 시총 순위가 크게 바뀔 가능성이 높다”고 말했다.[석남준 기자 namjun@chosun.com] 		▶ 4·15 국회의원 선거 누가 이길까 		▶ 네이버에서 조선일보 구독하기		▶ 조선일보 구독 신청하기 	- Copyrights ⓒ 조선일보 & chosun.com, 무단 전재 및 재배포 금지 -"
61,"두산, 수소·드론·로봇 등 신기술로 ‘CES 2022 혁신상’ 7개 수상",2021.11.11,"두산이 수소, 드론, 로봇 등 친환경 미래기술의 경쟁력을 세계무대에서 인정받았다. 두산은 11일 발표된 ‘CES 2022 혁신상’에서 총 7개의 제품과 기술(사진)이 혁신상에 선정됐다고 밝혔다.두산은 수소활용 기술 분야에서 특히 주목 받았다. 수소, 전기, 열 3가지 에너지를 필요한 만큼 동시에 생산할 수 있는 두산퓨얼셀의 ‘트라이젠(Tri-gen)’과 두산중공업이 선보인 폐플라스틱 수소화 기술이 대표적이다. 두산모빌리티이노베이션(DMI)은 수소드론 제품으로 2관왕에 올랐다.두산밥캣이 내놓은 완전 전동식 콤팩트트랙로더 ‘T7X’는 에너지 효율을 극대화한 친환경 제품이다. ㈜두산 전자BG가 선보인 PFC(Patterned Flat Cable)는 구리전선과 연성인쇄회로기판의 장점을 묶어 만든 연결 소재다. 두 제품 모두 두산이 세계 최초로 개발해 기술력을 인정받았다."
62,"구조조정 모범생 두산그룹, 채권단 체제 조기졸업 보인다",2021.07.16,"연내 긴급자금 대부분 상환할 듯친환경에너지 기업 전환 가속도‘구조조정 모범생’으로 불리는 두산그룹의 자구안이 마무리 수순에 접어들면서 채권단 관리 체제 조기졸업 전망이 나오고 있다. 두산은 친환경 에너지 기업으로의 전환에 더욱 속도를 낼 수 있게 될 것으로 보인다.15일 재계에 따르면 두산은 두산중공업의 단기 유동성 조달을 위해 지난해 6월 산업은행에서 빌린 긴급자금 3조원 중 절반 가량을 상환했다. 지난해 8월 클럽모우CC 매각을 시작으로 두산타워, 두산솔루스 등 친환경 에너지 분야와 연관성이 낮은 사업들을 연이어 매각하고, 유상증자를 진행해 빠르게 자금을 확보한 덕이다. 올해 3분기 안으로 두산인프라코어의 매각 작업이 마무리되면 두산그룹은 약 8500억원의 자금을 확보해 긴급자금 3조원의 대부분을 연내에 상환할 가능성이 높아진다.두산은 재무구조 개선 및 사업구조 재편을 위해 지난해부터 주요 계열사 등을 매각하며 새로운 미래를 위한 작업을 진행하고 있다. 지난 1일 ㈜두산은 산업차량BG 사업부를 분할해 두산산업차량으로 독립시켰고, 지난 5일 두산밥캣이 두산산업차량을 인수하면서 두산밥캣의 경쟁력을 강화했다. 두산밥캣은 두산중공업이 사업적·재무적으로 회복할 때까지 두산그룹의 캐시카우 역할을 도맡게 될 전망이다.두산이 구조조정에 속도를 내면서 채권단인 산은도 두산을 긍정적으로 바라보고 있다. 이동걸 산은 회장은 지난달 “두산그룹은 2022년 내에 긴급자금을 전부 상환할 예정”이라며 “두산그룹은 자산매각과 유상증자 실시 등 재무구조 계선계획을 성실히 이행해 채권단 긴급자금 3조원 중 1조3000억원을 상환하는 등 시장의 신뢰를 회복하고 있다”고 평가했다.증권업계 역시 두산의 빠른 부활을 전망하고 있다. 김동양 NH투자증권 연구원은 최근 “두산중공업은 8월 두산인프라코어 매각, 추가적인 자산처분 등을 통해 9월 말 만기인 재무구조개선 약정을 종료할 가능성이 있다”며 “이에 따라 두산이 제공한 담보(두산중공업 지분)도 해지 또는 규모 조정이 예상된다”고 내다봤다. 업계 안팎의 예상대로 채권단 체제를 조기졸업하면 두산의 변화에도 속도가 붙게 될 전망이다.두산은 핵심 계열사인 두산중공업이 정부의 탈원전 정책 여파를 그대로 맞으면서 유동성 위기에 빠졌던 만큼 기존 사업인 화력발전에 대한 의존도를 낮추고 풍력 등 신재생에너지, 수소, 가스터빈, 소형모듈원자로(SMR)를 중심으로 한 친환경 에너지 기업으로의 체질 개선에 힘을 쏟아왔다.최근 한미정상회담을 통해 해외원전시장 공동진출이 합의되면서 두산그룹의 부활 전망은 더욱 밝아졌다. 두산중공업이 탈원전 여파에도 차세대 원전인 SMR에 대한 투자를 꾸준히 이어왔기 때문이다. 일례로 두산중공업은 2019년 미국 원자력발전 전문회사인 뉴스케일파워와 SMR 협력을 위한 양해각서를 체결하기도 했다."
63,"‘구조조정 모범생’ 두산, 채권단 체제 조기졸업하고 부활할까",2021.07.15,"‘구조조정 모범생’으로 불리는 두산그룹의 자구안이 마무리 수순에 접어들면서 채권단 관리 체제 조기졸업 전망이 나오고 있다. 이렇게 되면 두산은 친환경 에너지 기업으로의 전환에 더욱 속도를 낼 수 있게 될 것으로 보인다.14일 재계에 따르면 두산이 두산중공업의 단기 유동성 조달을 위해 지난해 6월 산업은행에서 빌린 긴급자금 3조원 중 절반 가량을 상환했다. 지난해 8월 클럽모우CC 매각을 시작으로 두산타워, 두산솔루스 등 친환경 에너지 분야와 연관성이 낮은 사업들을 연이어 매각하고, 유상증자를 진행해 빠르게 자금을 확보한 덕이다. 올해 3분기 안으로 두산인프라코어의 매각 작업이 마무리되면 두산그룹은 약 8500억원의 자금을 확보해 긴급자금 3조원의 대부분을 연내에 상환할 가능성이 높아진다.두산은 재무구조 개선 및 사업구조 재편을 위해 지난해부터 주요 계열사 등을 매각하며 두산의 새로운 미래를 위한 작업을 진행하고 있다. 지난 1일 ㈜두산은 산업차량BG 사업부를 분할해 두산산업차량으로 독립시켰고, 지난 5일 두산밥캣이 두산산업차량을 인수하면서 두산밥캣의 경쟁력을 강화했다. 두산밥캣은 두산중공업이 사업적·재무적으로 회복할 때까지 두산그룹의 캐시카우 역할을 도맡게 될 전망이다.두산이 구조조정에 속도를 내면서 채권단인 산은도 두산을 긍정적으로 바라보고 있다. 이동걸 산은 회장은 지난달 “두산그룹은 2022년 내에 긴급자금을 전부 상환할 예정”이라며 “두산그룹은 자산매각과 유상증자 실시 등 재무구조 계선계획을 성실히 이행해 채권단 긴급자금 3조원 중 1조3000억원을 상환하는 등 시장의 신뢰를 회복하고 있다”고 평가했다.증권업계 역시 두산의 빠른 부활을 전망하고 있다. 김동양 NH투자증권 연구원은 최근 “두산중공업은 8월 두산인프라코어 매각, 추가적인 자산처분 등을 통해 9월 말 만기인 재무구조개선 약정을 종료할 가능성이 있다”며 “이에 따라 두산이 제공한 담보(두산중공업 지분)도 해지 또는 규모 조정이 예상된다”고 내다봤다. 업계 안팎의 예상대로 채권단 체제를 조기졸업하면 두산의 변화에도 속도가 붙게 될 전망이다.두산은 핵심 계열사인 두산중공업이 정부의 탈원전 정책 여파를 그대로 맞으면서 유동성 위기에 빠졌던 만큼 기존 사업인 화력발전에 대한 의존도를 낮추고 풍력 등 신재생에너지, 수소, 가스터빈, 소형모듈원자로(SMR)를 중심으로 한 친환경 에너지 기업으로의 체질 개선에 힘을 쏟아왔다.이런 상황에서 최근 우리나라와 미국이 한미정상회담을 통해 해외원전시장 공동진출을 합의하면서 두산그룹의 부활 전망은 더욱 밝아졌다. 두산중공업이 탈원전 여파에도 차세대 원전인 SMR에 대한 투자를 꾸준히 이어왔기 때문이다. 일례로 두산중공업은 2019년 미국 원자력발전 전문회사인 뉴스케일파워와 SMR 협력을 위한 양해각서를 체결했다. 그런데다 앞서 이 회장이 “두산중공업이 계획에 따라 약속을 이행하는 한 우리는 열심히 도와줄 예정”이란 의사를 밝힌 만큼 산은도 두산의 변화와 도약을 지원할 것으로 보인다."
64,"팔 것은 다 판 두산, 신재생 에너지 기업으로 재도약할까",2021.01.23,"3조6000억원 자구안 마무리 단계두산인프라코어 매각으로 두산그룹의 ‘3조원 자구안’이 마무리 단계에 접어들면서 향후 그룹의 재건 방향 및 성공 여부에 관심이 쏠린다. 두산은 연료전지, 드론, 협동로봇, 풍력발전터빈 등 그간 준비해온 신사업을 발판으로 신재생에너지 기업으로 화려하게 부활한다는 구상을 내놓는다. 다만 두산인프라코어, 두산솔루스 등 주요 계열사를 매각한 두산이 역설적으로 성장동력을 잃을 수 있다는 우려도 적지 않다.22일 업계에 따르면 두산그룹이 이달 말 현대중공업과 두산인프라코어 매각 본계약을 체결하면 10개월여간 쉬지 않고 추진한 자구안이 어느 정도 마무리된다. 앞서 국내 화력발전, 원전 시장의 절대 강자였던 두산그룹은 정부의 탈석탄·원전 기조와 세계적인 환경규제 분위기 등으로 경영난에 빠진 후 지난해 3월 산업은행 등 채권단으로부터 3조6000억원을 지원받았다. 이후 자구안 마련을 약속하고 두산인프라코어, 두산솔루스, 두산타워 등 굵직한 사업 및 자산을 정리했다.두산 퀀텀점프 해 될까박정원 두산그룹 회장은 최근 신년사에서 “어려운 과거를 뒤로하고 올해 친환경 에너지 기업으로 전환하는 데 주력하겠다”고 선언했다. 두산이 내놓은 미래 먹거리는 정부가 본격적으로 추진하고 있는 ‘수소경제’를 동력으로 한다. 수소경제는 수소를 석유, 석탄 등 화석연료를 대체할 에너지원으로 개발하기 위해 관련 산업을 육성하는 정책이다.그룹 부활의 선두에 연료전지 개발 기업인 두산퓨얼셀이 있다. 수소와 산소의 전기화학반응을 통해 전기와 열을 생산하는 연료전지는 배기가스가 전혀 없는 친환경 발전 시스템이다.2018년 세계 최대 부생수소 발전소를 수주해 연료전지 시장에 진입한 두산퓨얼셀은 수소경제의 가장 큰 수혜자로 꼽힌다. 정부의 수소경제 활성화 로드맵에 따라 2040년까지 관련 시장이 연평균 20% 이상 성장할 것으로 전망되기 때문이다.정부는 발전공기업 등 발전사업자가 총 발전량의 일정 비율 이상을 신재생에너지로 이용하도록 의무화한 ‘신재생에너지 공급의무화제도’를 내놓았다. 이에 따라 공급의무비율은 매년 올라 지난해 7%에서 2022년 10%까지 상향될 예정이다. 2019년 수주 1조원을 달성한 두산퓨얼셀은 2023년 매출 1조5000억원을 목표로 한다.또 다른 주력 계열사 두산모빌리티이노베이션(DMI)은 두산퓨얼셀의 연료전지 개발 기술을 응용해 드론을 개발한다. 2016년 설립된 DMI는 최대 5㎏ 화물을 탑재해 2시간 비행이 가능한 드론용 수소 연료전지팩과 수소 드론을 개발하고 2019년부터 본격 판매에 나섰다. 수소 연료전지를 활용해 드론 비행시간을 늘리고 사업화한 건 DMI가 세계 최초인 만큼 시장경쟁력이 충분하다고 두산은 기대한다.DMI는 앞으로 장거리 비행 시장이 활성화된다고 보고 물류 사업을 포함한 비가시권 비행 플랫폼 사업으로 확장한다는 방침이다.두산로보틱스는 산업 현장에서 작업자 곁에서 함께 일하는 ‘협동로봇’을 개발하고 판매한다. 2017년 협동로봇 4개 모델 양산에 성공한 두산로보틱스는 현재 상품 모델을 10개로 늘려 국내 협동로봇 시장 점유율 1위를 차지하고 있다. 유럽 일본 미국 중국 등 24개국에 대리점 36개를 내는 등 해외 영업 네트워크도 활발히 확장하고 있다. 두산로보틱스는 앞으로 AI 등을 활용한 로봇의 지능화를 추진해 산업 현장뿐만 아니라 의료용, 서비스용 등 다양한 시장에 진출한다는 방침이다.기존 주요 계열사 두산중공업도 가스터빈 사업과 해상풍력 사업을 양축으로 친환경 사업으로의 포트폴리오 전환에 속도를 높이고 있다. 두산중공업은 해상풍력 사업을 2025년 연 매출 1조원 이상의 사업으로 육성한다는 계획이다. 세계 다섯 번째로 270㎿ 발전용 대형 가스터빈 개발에 성공한 두산중공업은 2019년 서부발전과 김포열병합발전소 공급 계약을 체결하면서 사업을 추진 중이다.경쟁력 저하 우려 여전다만 신사업 역량이 기존 산업을 대체하지 못할 수 있다는 우려는 여전하다. 특히 업계에선 그룹의 ‘캐시카우’ 역할을 했던 두산인프라코어가 두산에서 빠지면서 경쟁력 저하가 불가피하다고 본다. 지난해 3분기 누적 기준 두산인프라코어의 매출은 5조9133억원으로 두산중공업 매출의 52% 이상을 차지한다. 매각 대상이 아닌 자회사 두산밥캣분을 고려해도 매출이 큰 폭으로 줄어들 수밖에 없다. 미래 먹거리인 배터리 개발 기업 두산솔루스를 판 것도 경쟁력에 치명적이라는 평가다.이병태 카이스트 경영학과 교수는 “두산이 주요 계열사를 팔고 주력했던 원전사업의 비중을 줄이면서 외형적 축소는 불가피”라고 봤다. 이 교수는 “자구안 이행으로 급한 재무 문제를 해결했으니 이제 기존 사업의 원가를 절감하는 동시에 기술개발 등을 통해 신사업 시장의 경쟁력을 빠르게 갖추는 게 중요하다”며 “다만 이미 신재생에너지 시장은 선진국 기업들이 선점했기 때문에 점유율을 늘리는 게 쉽지 않을 것”이라고 분석했다.업계 관계자는 “두산그룹은 과거 IMF 외환위기 직전 소비재 기업에서 중장비 기업으로 포트폴리오 전환에 성공한 바 있다”며 “이 같은 경험을 살린다면 이번에도 ‘제3의 부활’에 성공할 수 있을 것”이라고 말했다.안규영 기자 kyu@kmib.co.kr▶ 네이버에서 국민일보를 구독하세요(클릭)▶ 국민일보 홈페이지 바로가기GoodNews paper ⓒ 국민일보(www.kmib.co.kr), 무단전재 및 수집, 재배포금지"
65,두산밥캣 “786억원 들여 美스테이츠빌 공장 증설”,2021.05.05,"두산밥캣은 7000만 달러(약 786억 원)를 들여 미국 노스캐롤라이나주 스테이츠빌 공장을 증설한다고 4일 밝혔다.  꾸준히 늘고 있는 농업·조경용 장비(GME) 수요에 대응하기 위해 두산밥캣은 이번 증설을 결정했다. 증설 작업은 7월에 시작해 내년 5월쯤 마무리될 예정이다. 두산밥캣은 지난달에도 2600만 달러를 투입해 미국 미네소타주 리치필드 공장 증설을 마무리했다. 두산밥캣은 이번 증설을 계기로 콤팩트 트랙터, 제로턴모어(탑승식 제초장비) 등 GME 제품 영업망을 강화할 방침이다. 이 제품군은 신종 코로나바이러스 감염증(코로나19) 여파로 집에 머무는 시간이 늘어나면서 지난해 매출이 3억2700만 달러로 전년 대비 98% 증가했다.변종국 기자 bjk@donga.com▶ 네이버에서 [동아일보] 채널 구독하기▶ 당신의 소중한 순간을 신문으로 만들어 드립니다▶ 멀티미디어 스토리텔링 ‘The Original’ⓒ 동아일보 & donga.com, 무단 전재 및 재배포 금지"
66,"두산밥캣, 10년래 최대 실적… 1분기 영업익 1713억",2021.04.29,"두산그룹 계열사인 두산밥캣이 올 1분기(1∼3월)에 10년 만에 최대 실적을 냈다. 두산그룹이 자산 매각 등 경영 정상화를 추진하면서도 끝내 팔지 않았던 두산밥캣이 효자 노릇을 하고 있다는 평가가 나온다. 28일 두산그룹에 따르면 두산밥캣은 1분기 매출 1조2244억 원, 영업이익 1713억 원으로 지난해 같은 기간보다 각각 15.1%, 97.3% 올랐다. 10년 내 최대 분기 실적이다. 글로벌 경기 회복과 경기부양책에 따른 콤팩트 로머, 미니 굴착기 등 기계 판매 증가가 호실적을 이끌었다.  두산밥캣은 2007년 박용만 두산인프라코어 회장 지휘로 49억 달러(약 5조 원)에 인수했다. 당시 국내 기업 사상 최대 규모의 글로벌 인수합병(M&A)이었다.  박 회장은 최근 저서에서 “밥캣을 인수하며 느낀 중압감과 두려움이 지금도 생생하다”고 털어놨다. 박 회장은 당시 밥캣 직원들에게 2000년대 중반 벌어진 형제의 난에 대해서까지 털어놓은 일화를 소개하며 “부끄럽다고 그냥 넘어갔다면 신뢰를 얻기 힘들었을 것이다. 단상에서 이 얘기를 털어놓으니 직원들이 큰 박수를 쳐 줬다”고 밝혔다. 두산밥캣은 인수 초반 실적이 좋지 않아 고전했지만, 2010년 이후 연간 영업이익 4000억 원 안팎을 유지하며 캐시카우 역할을 하고 있다. 변종국 기자 bjk@donga.com▶ 네이버에서 [동아일보] 채널 구독하기▶ 당신의 소중한 순간을 신문으로 만들어 드립니다▶ 멀티미디어 스토리텔링 ‘The Original’ⓒ 동아일보 & donga.com, 무단 전재 및 재배포 금지"
67,"‘농업·조경용 장비’ 두산밥캣, 780억 투자해 美공장 증설",2021.05.04,"두산밥캣은 7000만 달러(약 784억 원)를 투자해 미국 노스캐롤라이나 공장의 생산능력을 확대한다고 4일 밝혔다.  이번 투자는 연구개발(R&D) 투자를 포함해 미국 노스캐롤라이나 주의 스테이츠빌 공장 증설 등으로 구성돼있다. 이 공장에서는 콤팩트 트랙터가 조립되는 등 소형 건설기계가 생산되고 있다. 증설은 7월 시작해 내년 5월 중 마무리된다. 미국 미네소타 주 리치필드 공장에 2600만 달러를 투자해 진행하던 생산설비 증설은 최근 마무리됐다.  두 공장은 농업·조경용 장비(GME)를 주로 생산한다. 두산밥캣은 GME 제품 수요가 꾸준히 늘고 있어 이번 증설이 모두 마무리되면 관련 시장에서의 경쟁력이 강화될 것으로 기대하고 있다. 두산밥캣은 2019년 1억6500만 달러였던 GME 제품 매출이 지난해 3억2700만 달러로 2배 가까이 늘기도 했다.서형석 기자 skytree08@donga.com▶ 네이버에서 [동아일보] 채널 구독하기▶ 당신의 소중한 순간을 신문으로 만들어 드립니다▶ 멀티미디어 스토리텔링 ‘The Original’ⓒ 동아일보 & donga.com, 무단 전재 및 재배포 금지"
68,두산그룹 ‘분당타워’ 18일부터 입주,2021.01.18,"두산그룹은 경기 성남시 분당구 ‘분당두산타워’(사진) 준공을 마치고 본격적으로 입주를 시작한다고 17일 밝혔다. 두산중공업, 두산인프라코어의 일부 부서가 18일부터 분당두산타워로 첫 출근을 하고 ㈜두산, 두산밥캣, 두산큐벡스 등도 순차적으로 입주를 한다. 분당두산타워는 부지면적 8943m², 연면적 12만8550m², 높이 119m. 지상 27층, 지하 7층 규모로 건설됐다. 사우스(South)와 노스(North) 2개동으로 나뉘었고 상단부가 스카이브리지로 연결된 것이 특징이다. 어린이집, 피트니스센터, 직원식당, 대강당 등 직원용 편의시설과 리모트오피스, 비즈니스센터 등 협업 공간을 갖췄다. 사우스 4층에는 두산의 역사를 소개하는 역사관이 자리 잡았다. 두산 관계자는 “주요 계열사가 한 공간에 모여 소통이 확대되고 업무효율이 높아질 것으로 기대한다”고 말했다. 변종국 기자 bjk@donga.com▶ 네이버에서 [동아일보] 채널 구독하기▶ 증발에 운다…그렇게 부모가 되지 못했다▶ “말이 안 통해”… 극과 극이 만난다면?ⓒ 동아일보 & donga.com, 무단 전재 및 재배포 금지"
69,시총 ‘1조 클럽’ 1분기 중 11곳 증가,2021.04.12,"CXO연구소 분석···시총 1조 클럽 242곳삼성전자 9조↓네이버 13조↑올 1분기 국내 주식시장 시가총액은 83조원 가량 늘고, 시총 1조 클럽에 가입한 곳은 11곳 많아진 것으로 나타났다. 올초 대비 3월말까지 네이버의 시총은 13조원 넘게 증가했다. 삼성전자는 9조원 가량 하락했다. 기업분석 전문 기관인 한국씨엑스오(CXO)연구소(소장 오일선)가 12일 내놓은 ‘1분기 국내 주식시장 시가총액 변동 현황 분석’ 결과를 보면, 우선주를 제외한 2385곳의 시총은 올해 초 2327조3517억원에서 3월말 2411조 2178억원으로 83조6661억원(3.6%) 증가했다. 조사 대상 중 시총 증가 기업은 1431곳으로 조사 대상 주식종목의 60%에 이르렀다. 시총 1조원을 넘는 기업은 1월 초 231곳에서 3월말 242곳으로 많아졌다. 덩치가 가장 많이 불어난 곳은 네이버였다. 올 초 48조 1291억원에서 3월 말 61조 9272억 원으로 13조7981억원이나 증가했다. 카카오(9조1749억원), 기아(7조6613억원, 케이비(KB)금융(5조7173억원) 시총도 5조원 넘게 불었다.삼성전자는 연초 495조4919억원에서 3월말에는 485조9402억 원으로 9조 5516억원 줄었다. 엘지(LG)화학(-5조9297억원), 삼성바이오로직스(-5조 3593억원), 에스케이(SK)바이오팜(-4조331억원), 삼성물산(-3조 6442억원), 셀트리온(-3조952억원)도 1분기에 시총이 3조원 넘게 줄었다.1분기에 시총 상위 100대 중 순위가 가장 많이 오른 곳은 건설기계 장비 업체인 두산밥캣이었다. 1월 초 103위에서 3월말 70위로 33계단 뛰었다. 두산밥캣의 시총은 올 초 2조9473억원에서 3월말 4조 2204억 원으로 32.2%(1조 2731억원) 증가했다. 한국항공우주도 113위에서 82위로 31계단 전진했다. 에이치엘비는 1월 초 시총 59위에서 3월 말에는 150위로 91계단이나 밀렸다. 알테오젠(61위→122위), 대웅(97위→154위), 에스케이케미칼(64위→106위), 제넥신(99위→132위), 케이엠더블유(90위→120위), 더존비즈온(94위→105위), 에스원(92위→101위) 종목도 1분기 시총 100위 명단에서 빠졌다.3월 말 기준 시총 1조 클럽에 가입한 곳 중 주가 상승으로 시총 증가율이 가장 크게 오른 곳은 게임업체인 ‘데브시스터즈’인 것으로 나타났다. 올 1분기 시총 증가율이 673%에 달했다. 1669억원이던 시총이 3개월 새 1조 2908억 원으로 불었다. 김영배 선임기자 kimyb@hani.co.kr▶더불어 행복한 세상을 만드는 언론, 한겨레 구독하세요!▶esc 기사 보기▶4.7 재·보궐선거 기사 보기[ⓒ한겨레신문 : 무단전재 및 재배포 금지]"
