,date,title,content,refine_content,Senti_Score
0,2020-01-30,메리츠금융지주 주당 550원 현금 배당 결정,"메리츠금융지주는 보통주 1주당 550원을 현금으로 균등 배당한다고 30일 공시했다.이번 배당은 결산배당으로 보통주 외 다른 주식에 대해서는 배당을 하지 않으며, 총배당금은 741억원이다.배당기준일은 2019년 12월 31일이며, 주주총회를 통해서 확정할 예정이다.한편, 메리츠금융지주는 장 마감 이후 해당 기업공시를 발표했으며 오늘 종가가 10,250원, 거래량은 96,862주로, 직전 거래일 대비 100원(-0.97%) 하락했다.공시 전문으로 이동스톡봇 기자※ 이 기사는 국민일보와 엠로보가 개발한 증권뉴스 전용 인공지능 로봇 ‘스톡봇’이 금융감독원 전자공시시스템(DART)과 한국거래소(KRX) 데이터를 토대로 작성한 것입니다. 지속적인 업그레이드를 통해 더욱 풍부하고 정확한 내용을 담아 가겠습니다.[국민일보 채널 구독하기][취향저격 뉴스는 여기] [의뢰하세요 취재대행소 왱]GoodNews paper ⓒ 국민일보(www.kmib.co.kr), 무단전재 및 재배포금지",메리츠금융지주는 보통주 1주당 550원을 현금으로 균등 배당한다고 30일 공시했다.이번 배당은 결산배당으로 보통주 외 다른 주식에 대해서는 배당을 하지 않으며  총배당금은 741억원이다.배당기준일은 2019년 12월 31일이며  주주총회를 통해서 확정할 예정이다.한편  메리츠금융지주는 장 마감 이후 해당 기업공시를 발표했으며 오늘 종가가 10 250원  거래량은 96 862주로  직전 거래일 대비 100원  0.97   하락했다.공시 전문으로 이동스톡봇 기자  이 기사는 국민일보와 엠로보가 개발한 증권뉴스 전용 인공지능 로봇  스톡봇 이 금융감독원 전자공시시스템 DART 과 한국거래소 KRX  데이터를 토대로 작성한 것입니다. 지속적인 업그레이드를 통해 더욱 풍부하고 정확한 내용을 담아 가겠습니다.GoodNews paper   국민일보 www.kmib.co.kr    및 금지,0.3000000119209289
1,2020-06-03,메리츠증권  특별관계자 지분변동,"메리츠증권은 (주)메리츠금융지주 및 특별관계자의 지분율이 43.29%에서 48.05%로 변동했다고 3일 공시했다. 한편, 메리츠증권은 장 마감 이후 해당 기업공시를 발표했으며 오늘 종가가 3,700원, 거래량은 8,613,269주로, 직전 거래일 대비 130원(+3.64%) 상승했다.공시 전문으로 이동* 주식등의 대량보유상황보고서는 특수관계인을 포함한 개인이나 법인이 상장회사 지분을 5%이상 보유하게 될 경우에 5일 이내 발표하는 지분공시다. 일명 ""5%룰""이라고도 불리며, 주식을 추가로 매입하거나, 매각해 1% 이상의 지분변동이 생겨도 5일 이내에 공시해야 한다.스톡봇 기자※ 이 기사는 국민일보와 엠로보가 개발한 증권뉴스 전용 인공지능 로봇 ‘스톡봇’이 금융감독원 전자공시시스템(DART)과 한국거래소(KRX) 데이터를 토대로 작성한 것입니다. 지속적인 업그레이드를 통해 더욱 풍부하고 정확한 내용을 담아 가겠습니다.▶ 네이버에서 국민일보를 구독하세요(클릭)▶ 국민일보 홈페이지 바로가기GoodNews paper ⓒ 국민일보(www.kmib.co.kr), 무단전재 및 재배포금지",메리츠증권은  주 메리츠금융지주 및 특별관계자의 지분율이 43.29 에서 48.05 로 변동했다고 3일 공시했다. 한편  메리츠증권은 장 마감 이후 해당 기업공시를 발표했으며 오늘 종가가 3 700원  거래량은 8 613 269주로  직전 거래일 대비 130원  3.64   상승했다.공시 전문으로 이동  주식등의 대량보유상황보고서는 특수관계인을 포함한 개인이나 법인이 상장회사 지분을 5 이상 보유하게 될 경우에 5일 이내 발표하는 지분공시다. 일명  5 룰 이라고도 불리며  주식을 추가로 매입하거나  매각해 1  이상의 지분변동이 생겨도 5일 이내에 공시해야 한다.스톡봇 기자  이 기사는 국민일보와 엠로보가 개발한 증권뉴스 전용 인공지능 로봇  스톡봇 이 금융감독원 전자공시시스템 DART 과 한국거래소 KRX  데이터를 토대로 작성한 것입니다. 지속적인 업그레이드를 통해 더욱 풍부하고 정확한 내용을 담아 가겠습니다.  네이버에서 국민일보를 구독하세요 클릭   국민일보 홈페이지 GoodNews paper   국민일보 www.kmib.co.kr    및 금지,0.1000000014901161
2,2020-03-13,메리츠종금증권  특별관계자 지분변동,"메리츠종금증권은 (주)메리츠금융지주 및 특별관계자의 지분율이 44.09%에서 43.29%로 변동했다고 13일 공시했다. 한편, 메리츠종금증권은 장 마감 이후 해당 기업공시를 발표했으며 오늘 종가가 3,040원, 거래량은 4,137,041주로, 직전 거래일 대비 215원(-6.61%) 하락했다.공시 전문으로 이동* 주식등의 대량보유상황보고서는 특수관계인을 포함한 개인이나 법인이 상장회사 지분을 5%이상 보유하게 될 경우에 5일 이내 발표하는 지분공시다. 일명 ""5%룰""이라고도 불리며, 주식을 추가로 매입하거나, 매각해 1% 이상의 지분변동이 생겨도 5일 이내에 공시해야 한다.스톡봇 기자※ 이 기사는 국민일보와 엠로보가 개발한 증권뉴스 전용 인공지능 로봇 ‘스톡봇’이 금융감독원 전자공시시스템(DART)과 한국거래소(KRX) 데이터를 토대로 작성한 것입니다. 지속적인 업그레이드를 통해 더욱 풍부하고 정확한 내용을 담아 가겠습니다.▶ 네이버에서 국민일보를 구독하세요(클릭)▶ 국민일보 홈페이지 바로가기GoodNews paper ⓒ 국민일보(www.kmib.co.kr), 무단전재 및 재배포금지",메리츠종금증권은  주 메리츠금융지주 및 특별관계자의 지분율이 44.09 에서 43.29 로 변동했다고 13일 공시했다. 한편  메리츠종금증권은 장 마감 이후 해당 기업공시를 발표했으며 오늘 종가가 3 040원  거래량은 4 137 041주로  직전 거래일 대비 215원  6.61   하락했다.공시 전문으로 이동  주식등의 대량보유상황보고서는 특수관계인을 포함한 개인이나 법인이 상장회사 지분을 5 이상 보유하게 될 경우에 5일 이내 발표하는 지분공시다. 일명  5 룰 이라고도 불리며  주식을 추가로 매입하거나  매각해 1  이상의 지분변동이 생겨도 5일 이내에 공시해야 한다.스톡봇 기자  이 기사는 국민일보와 엠로보가 개발한 증권뉴스 전용 인공지능 로봇  스톡봇 이 금융감독원 전자공시시스템 DART 과 한국거래소 KRX  데이터를 토대로 작성한 것입니다. 지속적인 업그레이드를 통해 더욱 풍부하고 정확한 내용을 담아 가겠습니다.  네이버에서 국민일보를 구독하세요 클릭   국민일보 홈페이지 GoodNews paper   국민일보 www.kmib.co.kr    및 금지,0.1000000014901161
3,2020-01-03,행방 묘연  스위스 비밀계좌 5000만 달러  한진  흘러갔나,"국세청, 돈 행방 ‘2세들’ 의심 	국세청은 범 한진가 2세들이 ‘스위스 은행 비밀계좌’의 존재를 이미 알고 있었다는 것을 전제로 상속세를 부과했다. 가장 주목되는 부분은 한진가 창업주 조중훈 전 명예회장이 사망하기 4개월 전에 이 계좌에서 인출된 5000만 달러(약 580억원)의 흐름이지만, 이에 대한 추가 조사가 이뤄질지는 미지수다. 문제의 5000만 달러는 조 전 명예회장이 2002년 11월 사망하기 수개월 전 인출됐다. 다만 누가 이 돈을 빼냈으며, 어디로 송금했는지 등은 밝혀지지 않았다. 한진가 측 공식 입장은 스위스 비밀계좌의 존재를 뒤늦게 알게 됐다는 것이다. 한진그룹은 2018년 5월 보도자료를 내고 “범 한진가 5남매는 2016년 4월 그동안 인지하지 못했던 해외 상속분이 추가 존재한다는 사실을 확인했다”고 밝혔다. 그러면서 “국세청이 부과한 상속·가산세 852억원 중 1차로 192억원을 납부했다. 나머지는 5년간 분납할 것”이라고 발표했다. 한진가 측은 당시 과세에 응하는 입장을 밝혔다가 두 달 뒤 이에 불복하는 심판을 조세심판원에 청구했다. 하지만 한진가 측이 스위스 비밀계좌의 존재를 2016년 이전에 파악한 것으로 추정되는 여러 정황이 포착됐다. 한진가 상속인 중 일부는 검찰 조사에서 공식 입장과 달리 2016년 이전부터 스위스 비밀계좌의 존재를 알고 있었다고 진술한 것으로 알려졌다. 한진가 상속 문제와 관련한 법원 판결문에도 ‘2016년 이전 스위스 계좌의 존재를 충분히 인식했다’는 내용이 적시된 것으로 확인됐다. 앞서 국세청은 2018년 4월 조양호 전 회장, 조남호 한진중공업 회장과 조정호 메리츠금융지주 회장을 조세 포탈 혐의로 고발했다. 검찰은 이들이 스위스 비밀계좌 예금 채권을 상속받고도 2014년 6월~2017년 6월 각자 상속분을 미신고한 것으로 보고 국제조세조정에 관한 법률 위반(해외계좌 미신고) 혐의로 기소했다. 다만 상속세 포탈 혐의에 대해선 2014년 3월 공소시효가 만료됐다는 이유로 ‘공소권 없음’으로 결론 내렸다. 서울남부지검 형사6부(당시 부장검사 김종오)는 2018년 6월쯤 조남호·조정호 회장을 조사하면서 스위스 비밀계좌의 존재를 언제 알았는지 추궁했던 것으로 전해졌다. 이들은 조 전 명예회장 사망 직후인 2003년 무렵 스위스 비밀계좌의 존재를 알았다고 실토했다고 한다. “2016년 4월 스위스 계좌 존재를 알게 됐다”는 한진그룹 입장과 모순되는 진술을 내놓은 것이다. 조남호 회장 등은 뒤늦게 이를 밝힌 이유에 대해 “(2017~2018년 국세청 조사 당시) 2003년부터 알았다고 하면 가중 처벌될 것이 두려웠다”고 말한 것으로 알려졌다. 조남호 회장 등은 2002년 스위스 비밀계좌에서 5000만 달러가 인출된 데 대해서도 진술했다. 이들은 “인출 시점에는 스위스 계좌의 존재를 몰랐다”며 “인출자가 누군지는 모른다”고 했다. 다만 해당 계좌 담당자를 통해 확인한 결과 인출 권한이 있는 사람은 조양호 전 회장 아니면 조수호 전 한진해운 회장으로 추정된다고 말한 것으로 전해졌다. 	 조남호 회장 등의 판결문에도 ‘스위스 계좌의 존재가 이미 알려져 있었다’는 대목이 등장한다. 서울남부지법 형사12단독 김유정 판사는 지난해 6월 해외계좌 미신고 혐의로 조남호·조정호 회장에게 각각 벌금 20억원을 선고했다. 김 판사는 “피고인들은 선친 사망 이후 5년간 해외 보유 계좌 신고 의무를 이행하지 않았다”며 “해외 보유 계좌의 존재를 충분히 인식하고 있었음에도 수년간 신고 의무를 회피해 죄질이 가볍지 않다”고 판시했다. 추가 조사는 순탄치 않을 전망이다. 인출금 5000만 달러의 행방을 알고 있을 가능성이 큰 조양호 전 회장은 지난해 4월, 조수호 전 회장은 2006년 11월 사망했다. 나머지 상속인들이 입을 열지 않는 한 이 돈의 행방을 파악하기는 어려운 상태다. 한 사정 당국 관계자는 “계좌 인출 권한자들이 서로 나누어 가졌거나 제3의 장소로 빼돌렸을 가능성이 있다”고 말했다. 한진가 측은 조세심판원에 5000만 달러에 대한 상속세 부과 처분은 부당하다는 심판을 청구해 국세청과 다투고 있다. 사건을 심리 중인 조세심판원 심판1부는 지난해 6월과 12월 두 차례 내부 회의를 진행했다. 한진가 측 주장을 받아들이는 방안도 검토됐던 것으로 전해졌다.구자창 손재호 기자 critic@kmib.co.kr[국민일보 채널 구독하기][취향저격 뉴스는 여기] [의뢰하세요 취재대행소 왱]GoodNews paper ⓒ 국민일보(www.kmib.co.kr), 무단전재 및 재배포금지",국세청  돈 행방  2세들  의심  국세청은 범 한진가 2세들이  스위스 은행 비밀계좌 의 존재를 이미 알고 있었다는 것을 전제로 상속세를 부과했다. 가장 주목되는 부분은 한진가 창업주 조중훈 전 명예회장이 사망하기 4개월 전에 이 계좌에서 인출된 5000만 달러 약 580억원 의 흐름이지만  이에 대한 추가 조사가 이뤄질지는 미지수다. 문제의 5000만 달러는 조 전 명예회장이 2002년 11월 사망하기 수개월 전 인출됐다. 다만 누가 이 돈을 빼냈으며  어디로 송금했는지 등은 밝혀지지 않았다. 한진가 측 공식 입장은 스위스 비밀계좌의 존재를 뒤늦게 알게 됐다는 것이다. 한진그룹은 2018년 5월 보도자료를 내고  범 한진가 5남매는 2016년 4월 그동안 인지하지 못했던 해외 상속분이 추가 존재한다는 사실을 확인했다 고 밝혔다. 그러면서  국세청이 부과한 상속 가산세 852억원 중 1차로 192억원을 납부했다. 나머지는 5년간 분납할 것 이라고 발표했다. 한진가 측은 당시 과세에 응하는 입장을 밝혔다가 두 달 뒤 이에 불복하는 심판을 조세심판원에 청구했다. 하지만 한진가 측이 스위스 비밀계좌의 존재를 2016년 이전에 파악한 것으로 추정되는 여러 정황이 포착됐다. 한진가 상속인 중 일부는 검찰 조사에서 공식 입장과 달리 2016년 이전부터 스위스 비밀계좌의 존재를 알고 있었다고 진술한 것으로 알려졌다. 한진가 상속 문제와 관련한 법원 판결문에도  2016년 이전 스위스 계좌의 존재를 충분히 인식했다 는 내용이 적시된 것으로 확인됐다. 앞서 국세청은 2018년 4월 조양호 전 회장  조남호 한진중공업 회장과 조정호 메리츠금융지주 회장을 조세 포탈 혐의로 고발했다. 검찰은 이들이 스위스 비밀계좌 예금 채권을 상속받고도 2014년 6월 2017년 6월 각자 상속분을 미신고한 것으로 보고 국제조세조정에 관한 법률 위반 해외계좌 미신고  혐의로 기소했다. 다만 상속세 포탈 혐의에 대해선 2014년 3월 공소시효가 만료됐다는 이유로  공소권 없음 으로 결론 내렸다. 서울남부지검 형사6부 당시 부장검사 김종오 는 2018년 6월쯤 조남호 조정호 회장을 조사하면서 스위스 비밀계좌의 존재를 언제 알았는지 추궁했던 것으로 전해졌다. 이들은 조 전 명예회장 사망 직후인 2003년 무렵 스위스 비밀계좌의 존재를 알았다고 실토했다고 한다.  2016년 4월 스위스 계좌 존재를 알게 됐다 는 한진그룹 입장과 모순되는 진술을 내놓은 것이다. 조남호 회장 등은 뒤늦게 이를 밝힌 이유에 대해   2017 2018년 국세청 조사 당시  2003년부터 알았다고 하면 가중 처벌될 것이 두려웠다 고 말한 것으로 알려졌다. 조남호 회장 등은 2002년 스위스 비밀계좌에서 5000만 달러가 인출된 데 대해서도 진술했다. 이들은  인출 시점에는 스위스 계좌의 존재를 몰랐다 며  인출자가 누군지는 모른다 고 했다. 다만 해당 계좌 담당자를 통해 확인한 결과 인출 권한이 있는 사람은 조양호 전 회장 아니면 조수호 전 한진해운 회장으로 추정된다고 말한 것으로 전해졌다.   조남호 회장 등의 판결문에도  스위스 계좌의 존재가 이미 알려져 있었다 는 대목이 등장한다. 서울남부지법 형사12단독 김유정 판사는 지난해 6월 해외계좌 미신고 혐의로 조남호 조정호 회장에게 각각 벌금 20억원을 선고했다. 김 판사는  피고인들은 선친 사망 이후 5년간 해외 보유 계좌 신고 의무를 이행하지 않았다 며  해외 보유 계좌의 존재를 충분히 인식하고 있었음에도 수년간 신고 의무를 회피해 죄질이 가볍지 않다 고 판시했다. 추가 조사는 순탄치 않을 전망이다. 인출금 5000만 달러의 행방을 알고 있을 가능성이 큰 조양호 전 회장은 지난해 4월  조수호 전 회장은 2006년 11월 사망했다. 나머지 상속인들이 입을 열지 않는 한 이 돈의 행방을 파악하기는 어려운 상태다. 한 사정 당국 관계자는  계좌 인출 권한자들이 서로 나누어 가졌거나 제3의 장소로 빼돌렸을 가능성이 있다 고 말했다. 한진가 측은 조세심판원에 5000만 달러에 대한 상속세 부과 처분은 부당하다는 심판을 청구해 국세청과 다투고 있다. 사건을 심리 중인 조세심판원 심판1부는 지난해 6월과 12월 두 차례 내부 회의를 진행했다. 한진가 측 주장을 받아들이는 방안도 검토됐던 것으로 전해졌다.구자창 손재호 기자 critic kmib.co.krGoodNews paper   국민일보 www.kmib.co.kr    및 금지,0.0
4,2020-12-11,메리츠화재,"◇메리츠화재 ＜승진＞ ▽전무 이광수 ▽상무 이훈표 전계룡 신용남 ＜선임＞ ▽상무보 △리스크진단파트장 김진철 △전략영업마케팅〃 황두희 △소비자보호팀장 홍성진 △IT〃 김근영 △장기고객〃 함승희 △자산운용기획파트장 명재열 ＜전보＞ ▽부사장 △기업보험총괄 이범진 △경영지원실장 류재준 ▽상무 △기업보험지원팀장 이오성 △다이렉트사업부문장 한효범 △리스크관리팀장(겸 메리츠금융지주 리스크관리본부장) 오종원 ▽상무보 △정보보안팀장 장진우◇메리츠증권 ＜승진＞ ▽전무 노영진 ▽상무 권동찬 오종원 윤형철 ＜선임＞ ▽부사장 △Sales&Trading총괄 장원재 ▽상무보 △프로젝트금융3팀장 문영관 △프로젝트금융4〃 원용연 △유동화금융1〃 윤영구 △Alternative Investment〃 문성복 ◇메리츠캐피탈 ＜승진＞ ▽상무 홍석원 김정섭▶ 네이버에서 [동아일보] 채널 구독하기▶ 증발에 운다…그렇게 부모가 되지 못했다▶ “말이 안 통해”… 극과 극이 만난다면?ⓒ 동아일보 & donga.com, 무단 전재 및 재배포 금지",메리츠화재  승진   전무 이광수  상무 이훈표 전계룡 신용남  선임   상무보  리스크진단파트장 김진철  전략영업마케팅  황두희  소비자보호팀장 홍성진  IT  김근영  장기고객  함승희  자산운용기획파트장 명재열  전보   부사장  기업보험총괄 이범진  경영지원실장 류재준  상무  기업보험지원팀장 이오성  다이렉트사업부문장 한효범  리스크관리팀장 겸 메리츠금융지주 리스크관리본부장  오종원  상무보  정보보안팀장 장진우 메리츠증권  승진   전무 노영진  상무 권동찬 오종원 윤형철  선임   부사장  Sales Trading총괄 장원재  상무보  프로젝트금융3팀장 문영관  프로젝트금융4  원용연  유동화금융1  윤영구  Alternative Investment  문성복  메리츠캐피탈  승진   상무 홍석원 김정섭  네이버에서  채널   증발에 운다 그렇게 부모가 되지 못했다   말이 안 통해   극과 극이 만난다면      donga.com  무단 전재 및  금지,-0.4000000059604645
5,2020-12-11,12월 12일 인사,"⊙ 환경부 ◇실·국장급 전보 △국가기후환경회의 사무처장 정복영 △4대강 조사·평가단장 박미자 △물환경정책국장 박재현 △안세창 △기후변화정책관 금한승⊙ 행정안전부 ◇국장급 전보 △정부혁신기획관 고기동 △지역경제지원관 구본근 △생활안전정책관 김기영⊙ 건강보험심사평가원 △기획처장(감사실장 겸) 최형익 △SW역량강화센터장 류승택 △AI빅데이터〃 조창석 △공공인재학부장 이석민 △글로벌피스연구원장 한근식⊙ 국토안전관리원 <선임>△건설안전평가실장 직무대리 박준배 △비서〃 문종섭 ◇지사장 △수도권 김기영 △강원 안양환 △호남 직무대리 서영운 <전보> △부원장(생활시설본부장 겸) 강부순 △경영본부장 황인백 △기반시설〃 김동희 △중부지사장 류호상 △영남〃 공성철 △특수시설관리단장 유덕용 <실장> △시설안전관리 오종식 △건설안전관리 권철환 △교량 직무대리 홍성수 △건축물관리지원센터장 석인호 △기업성장응답〃 직무대리 성주현⊙ 공감신문 △부사장(편집국장 겸) 김영섭⊙ 서강대 △기획처장 이종진⊙ KT <임원> ◇부사장 △미래가치TF장 김형욱 △나스미디어 대표이사 정기호 ◇전무 △지니뮤직 대표이사 조훈 <본부장> △커스터머부문 커스터머전략 박현진 △〃 영업 안치용 △기업부문 기업서비스 이진우 △네트워크부문 네트워크운용 지정용 △부산/경남광역 정정수 <실장> △경영기획부문 전략기획 김영진 △경영지원부문 경영지원 임종택 △홍보 양율모 ◇상무 △kt AMC 대표이사 류길현 <본부장> △기업부문 공공고객 김준호 △충남/충북광역본부 충남/충북NW운용 김성일 △비씨카드 경영기획총괄 재무 임표 △kt 스카이라이프 경영기획 양춘식 <담당> △커스터머부문 영업본부 유통기획 권희근 △AI/DX융합사업부문 AI/빅데이터사업본부 AI/빅데이터기획 최준기 △IT부문 플랫폼IT서비스단 플랫폼기술혁신 김승운 △네트워크부문 네트워크전략본부 코어망구축 권혜진 △융합기술원 플랫폼연구소 IoT플랫폼기술 임장미 △경영기획부문 전략기획실 전략투자 백승윤 △〃 SCM전략실 SCM전략 윤경모 △경영지원부문 그룹인재개발실 1등워크숍 정인용 △부산/경남광역본부 부산/경남법인고객본부 경남법인고객 이준성 △전남/전북〃 전남/전북〃 영업기획 박성열 △기업부문 C레벨컨설팅단장 황태현 △네트워크부문 OSP운용혁신실장 이상일 <마스터피엠> △경영지원부문 CR2실 금융정책P-TF 권선무 △미래가치〃 기업이미지제고분과 신훈주 △〃 인재육성분과 진영심 △CEO지원담당 2팀장 임승혁 △〃 비서〃 정재욱 △대구/경북광역본부 대구/경북고객본부 동대구지사장 최성욱 ◇상무보급 △강경원 공유식 김대현 김명훈 김범민 김병석 김병진 김유태 김장수 김종 김종만 박석진 박우식 박정수 박진호 서승교 서원철 서호영 성주원 손정현 신세범 신승용 신현장 연병환 온남석 유현중 윤영균 이성대 이용규 이원열 이은수 이정수 이정우 이종성 이종헌 이차형 이태성 임종길 임효열 정영훈 정철순 조노제 최옥진 최창환 하우열 현이찬 황하욱 △시니어마이스터 강영익 박정석 이동준⊙ 메리츠금융그룹 <임원> 메리츠화재 △전무 이광수 △상무 이훈표 전계룡 신용남 ◇상무보 △리스크진단파트장 김진철 △전략영업마케팅파트장 황두희 △자산운용기획파트장 명재열 △정보보안팀장 장진우 <팀장> △소비자보호 홍성진 △아이티 김근영 △장기고객 함승희 ◇부사장 △기업보험총괄 이범진 △경영지원실장 류재준 ◇상무 △다이렉트사업부문장 한효범 △기업보험지원팀장 이오성 △리스크관리〃 오종원(메리츠금융지주 리스크관리본부장 겸) 메리츠증권 △전무 노영진 △상무 권동찬 오종원 윤형철 ◇상무보 <팀장> △프로젝트금융3 문영관 △〃4 원용연 △유동화금융1 윤영구 △대체투자 문성복 ◇부사장 △세일즈앤트레이딩총괄 장원재 메리츠캐피탈 △상무 홍석원 김정섭⊙ 교보생명 <승진> ◇전무 △법무지원실장 조기룡 ◇상무 △다이렉트사업부장 김혜옥 △리스크관리지원팀장 박종길 <본부장> △호남FP 손영대 △방카슈랑스 문광수 △법인2 조길홍 △투자사업 조휘성 <담당> △신사업(신사업 추진팀장 겸) 정홍민 △계리·경리 김경배 △IT지원(IT전략팀장 겸) 정봉현 △정보보안 조성근 △디지털테크놀로지(AI활용팀장 겸) 문성진 △소비자보호실장(소비자보호센터장 겸) 유홍 <전보> △강북FP 본부장 최백규 △대체투자사업〃 이종태 ◇실장 △보험서비스지원 박재동 △지속가능경영〃 박진호 △디지털전환〃 권창기 △DT지원담당 이철 ◇팀장 △경영감사 민욱 △평생든든고객지원 이효영 △CPC기획 성시현 △상품〃 이창무 △〃개발2 서경종 △〃IT 김지영 △가입심사 이진우 △지급심사 김경륭 △자산포트폴리오관리 이동모 △국내투자 백종혁 △해외〃 양영직 △변액자산운영 김지우 △가정관리 김지현 △오픈이노베이션 정규식 △정보보안 김보경 <지원> △유지고객 강호식 △보험리스크관리 한성년 △관계사 최종섭 △빅데이터 이태동⊙ KB손해보험 <선임> ◇부서장 <단장> △청주 김미선 △익산 이희태 △창원 정부용 △대구 정이섭 △순천 양회선 △제주 임광설 △부산GA2사업 이동근 <부장> △제휴영업 이경복 △방카슈랑스영업3 김경옥 △장기수도권보상 전익준 △수도권3〃 강영신 △SIU 김중구 △장기보상지원파트장 백윤희 △소비자보호〃 박미라 △중국법인장 하동우 <전보> ◇부서장 <단장> △강북 김길현 △강남서초 진상수 △강동송파 우천근 △구미 강명주 <부장> △방카슈랑스영업4 배주식 △장기전문조사 박재용 △충청보상 이강식 △보험수리파트장 이병채 △장기심사〃 전인숙⊙ 에셋플러스자산운용 <승진> ◇본부장 △알티해외운용 이승우 △〃국내〃 고태훈 ◇이사 △디지털혁신본부장 이수현 <전보> ◇본부장급 △알티 비엠알 센터장 정석훈 △파트너본부장 최태석 △연금〃 강창구 △준법감시인 이관우⊙ 두산 <승진> △상무 박성범 정근욱⊙ SM그룹 <승진> SM상선 ◇전무 △경인터미널 정승호 △상무 이윤재 △이사 정부영 김호윤 문상필 최광국 신현섭 전상련 ◇부장 △건설부문 전상인 최태훈 이동금 △권혁민 이호욱 김강수 김대규 최성훈 오암철 유진호 이우성 김재용 △경인터미널 윤재준 우방산업 ◇전무 정광열 △이사 이홍노 △부장 김학이 KLCSM △전무 김문옥 △이사 권오길 주순열 송인욱 △부장 최대훈 박창희 전승택 SM하이플러스 △전무 권태형 △부장 이준형 장수익 김은정 김승훈 경남기업 △상무 김진영 △이사 이상진 이창근 △부장 박진환 이춘기 김영택 삼환기업 △상무 이종서 △이사 유서열 손현우 홍무갑 △부장 이상원 이동익 김영훈 강환석 박우진 TK케미칼 △상무 이상숙 △이사 정세구 김종필 이태우 정근 김정년 △부장 김양수 최인권 김돈기 어진석 남선알미늄 △자동차사업부문 상무 여환춘 △이사 이동하 손석락 △부장 김태홍 서효식 박순경 배재원 SM인더스트리 ◇상무 △오토모티브 고현웅 ◇이사 △케이티세라믹 이희두 △GMB 김용진 △오토모티브 엄태화 △케미칼 이대의 ◇부장 △오토모티브 남경종 △서림하이팩 변용준 삼라 △이사 김효연 SM중공업 △이사 이윤섭 동아건설산업 △이사 류상원 △부장 박형섭 대한해운 △이사 우기채 장봉구 △부장 이의경 이철진 김명익 김해용 한정헌 허광 대한상선 △이사 조해진 SM정밀기술 △이사 민경석 김춘후 벡셀 △이사 김준철 △부장 정병호 서동탁 SM스틸 △이사 강영신 우방 △부장 차상혁 설문철 성재덕 한국선박금융 △부장 이지학 SM레저산업 △부장 이형국 한덕철광산업 △부장 황태원 김대현 SM신용정보 △부장 이정용 박기홍⊙ 한미글로벌 <승진> △전무 김상동 △상무 박상혁 송경호 정일균 조진곤 △상무보 김경태 김착한 노치욱 류진하 정희석 최상민▶더불어 행복한 세상을 만드는 언론, 한겨레 구독하세요!▶코로나19 기사 보기▶전세 대란 기사 보기[ⓒ한겨레신문 : 무단전재 및 재배포 금지]",환경부  실 국장급 전보  국가기후환경회의 사무처장 정복영  4대강 조사 평가단장 박미자  물환경정책국장 박재현  안세창  기후변화정책관 금한승  행정안전부  국장급 전보  정부혁신기획관 고기동  지역경제지원관 구본근  생활안전정책관 김기영  건강보험심사평가원  기획처장 감사실장 겸  최형익  SW역량강화센터장 류승택  AI빅데이터  조창석  공공인재학부장 이석민  글로벌피스연구원장 한근식  국토안전관리원  선임  건설안전평가실장 직무대리 박준배  비서  문종섭  지사장  수도권 김기영  강원 안양환  호남 직무대리 서영운  전보   부원장 생활시설본부장 겸  강부순  경영본부장 황인백  기반시설  김동희  중부지사장 류호상  영남  공성철  특수시설관리단장 유덕용  실장   시설안전관리 오종식  건설안전관리 권철환  교량 직무대리 홍성수  건축물관리지원센터장 석인호  기업성장응답  직무대리 성주현  공감신문  부사장 편집국장 겸  김영섭  서강대  기획처장 이종진  KT  임원   부사장  미래가치TF장 김형욱  나스미디어 대표이사 정기호  전무  지니뮤직 대표이사 조훈  본부장   커스터머부문 커스터머전략 박현진    영업 안치용  기업부문 기업서비스 이진우  네트워크부문 네트워크운용 지정용  부산 경남광역 정정수  실장   경영기획부문 전략기획 김영진  경영지원부문 경영지원 임종택  홍보 양율모  상무  kt AMC 대표이사 류길현  본부장   기업부문 공공고객 김준호  충남 충북광역본부 충남 충북NW운용 김성일  비씨카드 경영기획총괄 재무 임표  kt 스카이라이프 경영기획 양춘식  담당   커스터머부문 영업본부 유통기획 권희근  AI DX융합사업부문 AI 빅데이터사업본부 AI 빅데이터기획 최준기  IT부문 플랫폼IT서비스단 플랫폼기술혁신 김승운  네트워크부문 네트워크전략본부 코어망구축 권혜진  융합기술원 플랫폼연구소 IoT플랫폼기술 임장미  경영기획부문 전략기획실 전략투자 백승윤    SCM전략실 SCM전략 윤경모  경영지원부문 그룹인재개발실 1등워크숍 정인용  부산 경남광역본부 부산 경남법인고객본부 경남법인고객 이준성  전남 전북  전남 전북  영업기획 박성열  기업부문 C레벨컨설팅단장 황태현  네트워크부문 OSP운용혁신실장 이상일  마스터피엠   경영지원부문 CR2실 금융정책P TF 권선무  미래가치  기업이미지제고분과 신훈주    인재육성분과 진영심  CEO지원담당 2팀장 임승혁    비서  정재욱  대구 경북광역본부 대구 경북고객본부 동대구지사장 최성욱  상무보급  강경원 공유식 김대현 김명훈 김범민 김병석 김병진 김유태 김장수 김종 김종만 박석진 박우식 박정수 박진호 서승교 서원철 서호영 성주원 손정현 신세범 신승용 신현장 연병환 온남석 유현중 윤영균 이성대 이용규 이원열 이은수 이정수 이정우 이종성 이종헌 이차형 이태성 임종길 임효열 정영훈 정철순 조노제 최옥진 최창환 하우열 현이찬 황하욱  시니어마이스터 강영익 박정석 이동준  메리츠금융그룹  임원  메리츠화재  전무 이광수  상무 이훈표 전계룡 신용남  상무보  리스크진단파트장 김진철  전략영업마케팅파트장 황두희  자산운용기획파트장 명재열  정보보안팀장 장진우  팀장   소비자보호 홍성진  아이티 김근영  장기고객 함승희  부사장  기업보험총괄 이범진  경영지원실장 류재준  상무  다이렉트사업부문장 한효범  기업보험지원팀장 이오성  리스크관리  오종원 메리츠금융지주 리스크관리본부장 겸  메리츠증권  전무 노영진  상무 권동찬 오종원 윤형철  상무보  팀장   프로젝트금융3 문영관   4 원용연  유동화금융1 윤영구  대체투자 문성복  부사장  세일즈앤트레이딩총괄 장원재 메리츠캐피탈  상무 홍석원 김정섭  교보생명  승진   전무  법무지원실장 조기룡  상무  다이렉트사업부장 김혜옥  리스크관리지원팀장 박종길  본부장   호남FP 손영대  방카슈랑스 문광수  법인2 조길홍  투자사업 조휘성  담당   신사업 신사업 추진팀장 겸  정홍민  계리 경리 김경배  IT지원 IT전략팀장 겸  정봉현  정보보안 조성근  디지털테크놀로지 AI활용팀장 겸  문성진  소비자보호실장 소비자보호센터장 겸  유홍  전보   강북FP 본부장 최백규  대체투자사업  이종태  실장  보험서비스지원 박재동  지속가능경영  박진호  디지털전환  권창기  DT지원담당 이철  팀장  경영감사 민욱  평생든든고객지원 이효영  CPC기획 성시현  상품  이창무   개발2 서경종   IT 김지영  가입심사 이진우  지급심사 김경륭  자산포트폴리오관리 이동모  국내투자 백종혁  해외  양영직  변액자산운영 김지우  가정관리 김지현  오픈이노베이션 정규식  정보보안 김보경  지원   유지고객 강호식  보험리스크관리 한성년  관계사 최종섭  빅데이터 이태동  KB손해보험  선임   부서장  단장   청주 김미선  익산 이희태  창원 정부용  대구 정이섭  순천 양회선  제주 임광설  부산GA2사업 이동근  부장   제휴영업 이경복  방카슈랑스영업3 김경옥  장기수도권보상 전익준  수도권3  강영신  SIU 김중구  장기보상지원파트장 백윤희  소비자보호  박미라  중국법인장 하동우  전보   부서장  단장   강북 김길현  강남서초 진상수  강동송파 우천근  구미 강명주  부장   방카슈랑스영업4 배주식  장기전문조사 박재용  충청보상 이강식  보험수리파트장 이병채  장기심사  전인숙  에셋플러스자산운용  승진   본부장  알티해외운용 이승우   국내  고태훈  이사  디지털혁신본부장 이수현  전보   본부장급  알티 비엠알 센터장 정석훈  파트너본부장 최태석  연금  강창구  준법감시인 이관우  두산  승진   상무 박성범 정근욱  SM그룹  승진  SM상선  전무  경인터미널 정승호  상무 이윤재  이사 정부영 김호윤 문상필 최광국 신현섭 전상련  부장  건설부문 전상인 최태훈 이동금  권혁민 이호욱 김강수 김대규 최성훈 오암철 유진호 이우성 김재용  경인터미널 윤재준 우방산업  전무 정광열  이사 이홍노  부장 김학이 KLCSM  전무 김문옥  이사 권오길 주순열 송인욱  부장 최대훈 박창희 전승택 SM하이플러스  전무 권태형  부장 이준형 장수익 김은정 김승훈 경남기업  상무 김진영  이사 이상진 이창근  부장 박진환 이춘기 김영택 삼환기업  상무 이종서  이사 유서열 손현우 홍무갑  부장 이상원 이동익 김영훈 강환석 박우진 TK케미칼  상무 이상숙  이사 정세구 김종필 이태우 정근 김정년  부장 김양수 최인권 김돈기 어진석 남선알미늄  자동차사업부문 상무 여환춘  이사 이동하 손석락  부장 김태홍 서효식 박순경 배재원 SM인더스트리  상무  오토모티브 고현웅  이사  케이티세라믹 이희두  GMB 김용진  오토모티브 엄태화  케미칼 이대의  부장  오토모티브 남경종  서림하이팩 변용준 삼라  이사 김효연 SM중공업  이사 이윤섭 동아건설산업  이사 류상원  부장 박형섭 대한해운  이사 우기채 장봉구  부장 이의경 이철진 김명익 김해용 한정헌 허광 대한상선  이사 조해진 SM정밀기술  이사 민경석 김춘후 벡셀  이사 김준철  부장 정병호 서동탁 SM스틸  이사 강영신 우방  부장 차상혁 설문철 성재덕 한국선박금융  부장 이지학 SM레저산업  부장 이형국 한덕철광산업  부장 황태원 김대현 SM신용정보  부장 이정용 박기홍  한미글로벌  승진   전무 김상동  상무 박상혁 송경호 정일균 조진곤  상무보 김경태 김착한 노치욱 류진하 정희석 최상민 더불어 행복한 세상을 만드는 언론   구독하세요  코로나19 기사 보기 전세 대란 기사 보기,0.0
6,2020-01-06,한진  스위스 계좌 852억원 상속세 부당  불복소송  왜,"국세청, 2년 전 조중훈 전 명예회장 스위스 계좌 등 해외재산조양호 전 회장 등 다섯 남매가 고의로 숨겼다고 판단해 과세당사자들 “단순 신고 누락” 주장 조세심판원에 불복 절차지난해 법원은 “계좌 존재 알고도 수년간 신고 회피” 판단범 한진그룹의 2세 경영진 다섯 남매가 2년 전 부과된 852억원의 상속세가 부당하다며 불복 절차를 밟고 있는 것으로 뒤늦게 알려졌다. 당시 한진그룹은 국세청이 부과한 상속세 852억원을 향후 5년간 분납하겠다고 발표했다가 두 달 뒤 조세심판원에 “과세가 정당한지 따져달라”며 심판 청구를 낸 것으로 나타났다. 쟁점은 다섯 남매가 선친인 조중훈 전 한진그룹 명예회장에게 물려받은 스위스 은행 계좌 예치금 등 해외 자산 존재를 알고도 고의로 신고하지 않았는지 여부다. 국세청은 이들이 납세 회피 목적으로 선친의 해외 재산을 신고하지 않았다고 판단했지만, 당사자들은 뒤늦게 발견하게 됐고 이미 납세 기간이 지나 세금을 내지 않아도 된다고 주장한다.6일 <한겨레> 취재를 종합하면, 지난해 별세한 조양호 전 한진그룹 회장과 조현숙 씨, 조남호 한진중공업 회장, 조정호 메리츠금융지주 회장은 2018년 7월 조중훈 전 명예회장의 스위스 유비에스(UBS) 은행 계좌 등 국외 재산 상속분에 매긴 상속세가 부당하다며 국무조정실 산하 조세심판원에 심판을 청구했다. 셋째아들인 고 조수호 전 한진해운 회장(2006년 11월 사망)의 아내 최은영 씨도 같은 내용의 심판을 청구해, 한진가 2세가 모두 과세 불복했다.사건의 발단은 최은영 씨가 2017년 8월 시아버지의 스위스 계좌에 관한 상속재산을 국세청에 수정 신고하면서 시작됐다. 이후 국세청은 세무조사에 나서 조 전 명예회장의 스위스 계좌 예치금과 프랑스 파리 부동산 등에 상속 신고가 제대로 이뤄지지 않은 사실을 파악했다. 또 조 전 명예회장 사망 4개월 전인 2002년 7월 스위스 계좌에서 5천만 달러(약 580억원)가 인출된 사실도 확인했다. 2018년 4월 국세청은 이 돈의 목적지를 정확히 파악하지 못했지만 ‘상속 개시일 전 처분 재산의 용도가 객관적으로 명백하지 않은 경우’ 상속받은 것으로 추정하는 상속·증여세법에 따라 이 돈까지 포함해 총 852억원의 상속세를 부과했다.이에 한진그룹은 5월 보도참고자료를 내어 “상속인들은 2002년 조중훈 창업주 별세 이후 상속세 신고 납부를 마쳤으나, 2016년 4월 그간 인지하지 못했던 해외 상속분이 추가로 존재한다는 사실을 확인했고, 남매간 협의를 거쳐 2018년 1월 국세청에 상속세 수정신고를 했다”며 “1차로 국세청에 192억원을 납부했으며 나머지 금액은 향후 5년간 나눠서 납입할 예정”이라고 밝혔다. 하지만 다섯 남매는 두 달 뒤인 그해 7월 조세심판원에 이의를 제기했다. 이들은 스위스 계좌 등 해외 자산 존재를 몰랐기 때문에 고의로 탈세를 한 것이 아니고, 단순 신고 누락 경우는 세금 부과 기간이 10년이라 이미 지났기 때문에 국세청의 과세 처분이 부당하다고 했다. 상속세 납부 의무는 조 전 명예회장 사망 6개월 뒤인 2003년 5월부터 발생해, 이미 과세할 수 있는 기한인 2013년 5월을 넘겼다는 것이다.하지만 국세청은 특히 조 전 명예회장 사망 직전 스위스 계좌에서 5000만 달러가 인출됐고 이 사실을 조양호 전 한진그룹 회장이 알았다고 보고 이들이 고의로 신고를 누락한 것으로 판단했다. 이 경우 세금 부과 기간은 15년으로 늘어나 2018년 5월까지 과세할 수 있다. 국세청은 과세 시한 직전인 2018년 4월 상속세를 부과했다.한진그룹 2세들이 이 계좌 존재를 알았다는 사법기관의 판단도 있다. 국세청은 상속세 부과 당시 조양호 전 회장, 조남호 한진중공업 회장, 조정호 메리츠금융지주 회장을 해외계좌 미신고 혐의(국제조세조정에 관한 법률 위반)로 고발했고, 검찰은 이들을 같은 혐의로 기소했다. 지난해 6월 서울남부지법 형사12단독 김유정 판사는 해외계좌 미신고 혐의로 조남호·조정호 회장에게 각각 벌금 20억원을 선고했다. 김 판사는 두 사람이 부친 조중훈이 개설한 스위스 유비에스(UBS) 은행 계좌 2곳의 예금채권(합계 약 450억원)을 법정 상속지분비율에 따라 상속받았고, 해외금융계좌 신고제도에 따라 관할 세무서에 신고해야 하지만 그렇게 하지 않았다고 했다. 김 판사는 그러면서 “선친 사망 이후 5년간 해외 보유계좌 신고의무를 이행하지 않았는데, 이 계좌의 존재를 충분히 인식하고 있었음에도 수년간 신고의무를 회피했다”고 지적했다. 한편 국무조정실 관계자는 “조세심판원이 해당 사건을 신청받고 절차에 따라 심리 중”이라고 밝혔다. 조세심판원이 한진그룹의 청구를 기각할 경우 한진그룹은 행정소송을 통해 다시 불복 절차를 진행할 가능성이 있다. 만약 조세심판원이 한진 손을 들어줄 경우 이들은 852억원을 내지 않아도 된다. 이경미 기자 kmlee@hani.co.kr▶네이버에서 한겨레 구독하기▶신문 보는 당신은 핵인싸!▶조금 삐딱한 뉴스 B딱![ⓒ한겨레신문 : 무단전재 및 재배포 금지]",국세청  2년 전 조중훈 전 명예회장 스위스 계좌 등 해외재산조양호 전 회장 등 다섯 남매가 고의로 숨겼다고 판단해 과세당사자들  단순 신고 누락  주장 조세심판원에 불복 절차지난해 법원은  계좌 존재 알고도 수년간 신고 회피  판단범 한진그룹의 2세 경영진 다섯 남매가 2년 전 부과된 852억원의 상속세가 부당하다며 불복 절차를 밟고 있는 것으로 뒤늦게 알려졌다. 당시 한진그룹은 국세청이 부과한 상속세 852억원을 향후 5년간 분납하겠다고 발표했다가 두 달 뒤 조세심판원에  과세가 정당한지 따져달라 며 심판 청구를 낸 것으로 나타났다. 쟁점은 다섯 남매가 선친인 조중훈 전 한진그룹 명예회장에게 물려받은 스위스 은행 계좌 예치금 등 해외 자산 존재를 알고도 고의로 신고하지 않았는지 여부다. 국세청은 이들이 납세 회피 목적으로 선친의 해외 재산을 신고하지 않았다고 판단했지만  당사자들은 뒤늦게 발견하게 됐고 이미 납세 기간이 지나 세금을 내지 않아도 된다고 주장한다.6일    취재를 종합하면  지난해 별세한 조양호 전 한진그룹 회장과 조현숙 씨  조남호 한진중공업 회장  조정호 메리츠금융지주 회장은 2018년 7월 조중훈 전 명예회장의 스위스 유비에스 UBS  은행 계좌 등 국외 재산 상속분에 매긴 상속세가 부당하다며 국무조정실 산하 조세심판원에 심판을 청구했다. 셋째아들인 고 조수호 전 한진해운 회장 2006년 11월 사망 의 아내 최은영 씨도 같은 내용의 심판을 청구해  한진가 2세가 모두 과세 불복했다.사건의 발단은 최은영 씨가 2017년 8월 시아버지의 스위스 계좌에 관한 상속재산을 국세청에 수정 신고하면서 시작됐다. 이후 국세청은 세무조사에 나서 조 전 명예회장의 스위스 계좌 예치금과 프랑스 파리 부동산 등에 상속 신고가 제대로 이뤄지지 않은 사실을 파악했다. 또 조 전 명예회장 사망 4개월 전인 2002년 7월 스위스 계좌에서 5천만 달러 약 580억원 가 인출된 사실도 확인했다. 2018년 4월 국세청은 이 돈의 목적지를 정확히 파악하지 못했지만  상속 개시일 전 처분 재산의 용도가 객관적으로 명백하지 않은 경우  상속받은 것으로 추정하는 상속 증여세법에 따라 이 돈까지 포함해 총 852억원의 상속세를 부과했다.이에 한진그룹은 5월 보도참고자료를 내어  상속인들은 2002년 조중훈 창업주 별세 이후 상속세 신고 납부를 마쳤으나  2016년 4월 그간 인지하지 못했던 해외 상속분이 추가로 존재한다는 사실을 확인했고  남매간 협의를 거쳐 2018년 1월 국세청에 상속세 수정신고를 했다 며  1차로 국세청에 192억원을 납부했으며 나머지 금액은 향후 5년간 나눠서 납입할 예정 이라고 밝혔다. 하지만 다섯 남매는 두 달 뒤인 그해 7월 조세심판원에 이의를 제기했다. 이들은 스위스 계좌 등 해외 자산 존재를 몰랐기 때문에 고의로 탈세를 한 것이 아니고  단순 신고 누락 경우는 세금 부과 기간이 10년이라 이미 지났기 때문에 국세청의 과세 처분이 부당하다고 했다. 상속세 납부 의무는 조 전 명예회장 사망 6개월 뒤인 2003년 5월부터 발생해  이미 과세할 수 있는 기한인 2013년 5월을 넘겼다는 것이다.하지만 국세청은 특히 조 전 명예회장 사망 직전 스위스 계좌에서 5000만 달러가 인출됐고 이 사실을 조양호 전 한진그룹 회장이 알았다고 보고 이들이 고의로 신고를 누락한 것으로 판단했다. 이 경우 세금 부과 기간은 15년으로 늘어나 2018년 5월까지 과세할 수 있다. 국세청은 과세 시한 직전인 2018년 4월 상속세를 부과했다.한진그룹 2세들이 이 계좌 존재를 알았다는 사법기관의 판단도 있다. 국세청은 상속세 부과 당시 조양호 전 회장  조남호 한진중공업 회장  조정호 메리츠금융지주 회장을 해외계좌 미신고 혐의 국제조세조정에 관한 법률 위반 로 고발했고  검찰은 이들을 같은 혐의로 기소했다. 지난해 6월 서울남부지법 형사12단독 김유정 판사는 해외계좌 미신고 혐의로 조남호 조정호 회장에게 각각 벌금 20억원을 선고했다. 김 판사는 두 사람이 부친 조중훈이 개설한 스위스 유비에스 UBS  은행 계좌 2곳의 예금채권 합계 약 450억원 을 법정 상속지분비율에 따라 상속받았고  해외금융계좌 신고제도에 따라 관할 세무서에 신고해야 하지만 그렇게 하지 않았다고 했다. 김 판사는 그러면서  선친 사망 이후 5년간 해외 보유계좌 신고의무를 이행하지 않았는데  이 계좌의 존재를 충분히 인식하고 있었음에도 수년간 신고의무를 회피했다 고 지적했다. 한편 국무조정실 관계자는  조세심판원이 해당 사건을 신청받고 절차에 따라 심리 중 이라고 밝혔다. 조세심판원이 한진그룹의 청구를 기각할 경우 한진그룹은 행정소송을 통해 다시 불복 절차를 진행할 가능성이 있다. 만약 조세심판원이 한진 손을 들어줄 경우 이들은 852억원을 내지 않아도 된다.  네이버에서   신문 보는 당신은 핵인싸  조금 삐딱한 뉴스 B딱,0.0
7,2020-02-26,삼성 주주친화경영 영향 이건희 배당금 4747억  11년째 1위,"삼성전자 배당성향 전년의 2배순이익 반토막에도 배당액 유지이재용 1426억·정몽구 933억 순5위까지 삼성가 사람 3명 포함톱10 가운데 순위 변동은 1명 뿐“역동성 떨어지는 경제 구조 지속”삼성전자 이건희 회장과 이재용 부회장이 2019년 회계연도 기준 올해 개인 배당금 액수에서 1위와 2위를 차지했다. 이 회장이 올해 받게 될 삼성전자 등 4개 계열사의 배당금은 4747억원으로, 2009년 배당금액 1위에 오른 뒤 11년 연속 1위다. 삼성전자 등 이 회장 부자가 지분을 보유한 그룹 계열사 주가 오름폭이 크고 배당도 적극적으로 하는 데 힘입은 것이다. 기업평가사이트 시이오(CEO)스코어가 26일 내놓은 자료를 보면, 이건희 회장은 삼성전자, 삼성생명 등으로부터 총 4747억원의 배당금을 받게 돼 개인 배당금 순위 1위를, 이재용 부회장은 삼성물산 등으로부터 1426억원을 받게 돼 2위를 차지했다. 3위는 933억원의 정몽구 현대차 회장, 4위는 777억원의 정몽준 아산재단 이사장이었다. 5위는 홍라희 전 리움미술관 관장(767억원)이었다. ‘탑5’에 삼성가 일가만 3명이 포함됐다. 조사 대상은 2355개 상장사 중 지난 21일까지 배당 계획을 내놓은 658개사다.  ※ 이미지를 누르면 크게 볼 수 있습니다.이후 순위는 최태원 에스케이(SK) 회장(649억원), 정의선 현대차 수석부회장(608억원), 구광모 엘지(LG) 회장(569억원), 조정호 메리츠금융지주 회장(545억원), 구본준 엘지그룹 고문(293억원)으로 이어졌다. 개인 배당액 상위 10명 가운데 지난해 대비 순위가 바뀐 인물은 10위 구본준 고문뿐이었다. 13위에서 10위로 올랐다. 지난해 공동 10위였던 이부진 호텔신라 사장과 이서현 삼성복지재단 이사장은 올해 각각 282억원의 배당을 받아 공동 11위로 순위가 떨어졌다.이 회장이 삼성전자 등 4개 회사에서 받은 배당금은 2014년 1758억원에서 지난해와 올해 각각 4747억원으로 크게 늘었다. 이는 다른 상장사에 견줘 삼성전자의 주가 오름폭이 큰 데다 배당 정책이 수년 사이 ‘주주친화’로 바뀌었기 때문이다. 삼성전자는 보통주 1주당 1416원을 배당해 올해 배당성향은 44.24%였다. 이는 전년(21.92%) 대비 2배 늘어난 수준이다. 삼성전자의 순이익은 2018년 대비 지난해 50.98% 감소했지만 보통주 1주당 배당액은 1416원을 유지했다. 이 회장은 삼성전자 보통주 2억4927만3200주를 갖고 있다.삼성전자는 2017년 10월 이사회에서 2018~2020년 매년 9조6000억원 규모의 배당금을 지급하는 내용의 주주환원정책을 발표한 바 있다. 삼성전자는 당시 “주가가 2015년 초 대비 두배 이상 상승한 상황에서 주주환원 정책의 중심을 배당에 두는 것이 주주가치 제고에 가장 효과적이라고 판단했다”고 강조했다.박주근 시이오스코어 대표는 “국민연금 등 기관들의 요구와 맞물려 삼성전자 등 기업들이 최근 주주친화정책을 유지하고 있는 것은 긍정적”이라고 말했다. 다만 그는 “개인 배당금 ‘톱10’의 순위는 수년간 변화가 크지 않고 삼성을 비롯해 특정 일가에서 상위권 다수를 유지하고 있다”고 짚으며 “역동성이 떨어지는 경제 구조가 지속되고 있다는 방증”이라고 덧붙였다.송경화 기자 freehwa@hani.co.kr▶네이버에서 한겨레 구독하기▶신문 보는 당신은 핵인싸!▶조금 삐딱한 뉴스 B딱![ⓒ한겨레신문 : 무단전재 및 재배포 금지]",삼성전자 배당성향 전년의 2배순이익 반토막에도 배당액 유지이재용 1426억 정몽구 933억 순5위까지 삼성가 사람 3명 포함톱10 가운데 순위 변동은 1명 뿐 역동성 떨어지는 경제 구조 지속 삼성전자 이건희 회장과 이재용 부회장이 2019년 회계연도 기준 올해 개인 배당금 액수에서 1위와 2위를 차지했다. 이 회장이 올해 받게 될 삼성전자 등 4개 계열사의 배당금은 4747억원으로  2009년 배당금액 1위에 오른 뒤 11년 연속 1위다. 삼성전자 등 이 회장 부자가 지분을 보유한 그룹 계열사 주가 오름폭이 크고 배당도 적극적으로 하는 데 힘입은 것이다. 기업평가사이트 시이오 CEO 스코어가 26일 내놓은 자료를 보면  이건희 회장은 삼성전자  삼성생명 등으로부터 총 4747억원의 배당금을 받게 돼 개인 배당금 순위 1위를  이재용 부회장은 삼성물산 등으로부터 1426억원을 받게 돼 2위를 차지했다. 3위는 933억원의 정몽구 현대차 회장  4위는 777억원의 정몽준 아산재단 이사장이었다. 5위는 홍라희 전 리움미술관 관장 767억원 이었다.  탑5 에 삼성가 일가만 3명이 포함됐다. 조사 대상은 2355개 상장사 중 지난 21일까지 배당 계획을 내놓은 658개사다.    이미지를 누르면 크게 볼 수 있습니다.이후 순위는 최태원 에스케이 SK  회장 649억원   정의선 현대차 수석부회장 608억원   구광모 엘지 LG  회장 569억원   조정호 메리츠금융지주 회장 545억원   구본준 엘지그룹 고문 293억원 으로 이어졌다. 개인 배당액 상위 10명 가운데 지난해 대비 순위가 바뀐 인물은 10위 구본준 고문뿐이었다. 13위에서 10위로 올랐다. 지난해 공동 10위였던 이부진 호텔신라 사장과 이서현 삼성복지재단 이사장은 올해 각각 282억원의 배당을 받아 공동 11위로 순위가 떨어졌다.이 회장이 삼성전자 등 4개 회사에서 받은 배당금은 2014년 1758억원에서 지난해와 올해 각각 4747억원으로 크게 늘었다. 이는 다른 상장사에 견줘 삼성전자의 주가 오름폭이 큰 데다 배당 정책이 수년 사이  주주친화 로 바뀌었기 때문이다. 삼성전자는 보통주 1주당 1416원을 배당해 올해 배당성향은 44.24 였다. 이는 전년 21.92   대비 2배 늘어난 수준이다. 삼성전자의 순이익은 2018년 대비 지난해 50.98  감소했지만 보통주 1주당 배당액은 1416원을 유지했다. 이 회장은 삼성전자 보통주 2억4927만3200주를 갖고 있다.삼성전자는 2017년 10월 이사회에서 2018 2020년 매년 9조6000억원 규모의 배당금을 지급하는 내용의 주주환원정책을 발표한 바 있다. 삼성전자는 당시  주가가 2015년 초 대비 두배 이상 상승한 상황에서 주주환원 정책의 중심을 배당에 두는 것이 주주가치 제고에 가장 효과적이라고 판단했다 고 강조했다.박주근 시이오스코어 대표는  국민연금 등 기관들의 요구와 맞물려 삼성전자 등 기업들이 최근 주주친화정책을 유지하고 있는 것은 긍정적 이라고 말했다. 다만 그는  개인 배당금  톱10 의 순위는 수년간 변화가 크지 않고 삼성을 비롯해 특정 일가에서 상위권 다수를 유지하고 있다 고 짚으며  역동성이 떨어지는 경제 구조가 지속되고 있다는 방증 이라고 덧붙였다. 네이버에서   신문 보는 당신은 핵인싸  조금 삐딱한 뉴스 B딱,0.1000000014901161
8,2020-05-29,이건희 지분가치 2조 줄어들 때  이 사람은 2조 늘어났다,"서정진, 주식 지분 가치 상승 1위신종 코로나바이러스 감염증 사태가 국내 주식부호의 판도를 바꿔 놓았다. 주식시장에서 비대면(언택트·untact) 소비 관련 종목이 인기를 끌면서 이 기업 오너일가의 주식가치도 크게 치솟았기 때문이다.올 들어 제조업 중심 기업의 오너일가 주식부호 순위는 대부분 하락했지만, 김범수 카카오 의장을 비롯해 김택진 엔씨소프트 대표, 이해진 네이버 글로벌투자책임자(GIO) 등은 순위가 큰 폭으로 상승했다. 또 코로나19 진단키트와 치료제 관련주로 화제가 된 씨젠의 천종윤 대표와 서정진 셀트리온 회장 등 바이오 기업 오너 일가의 주식부호 순위 상승도 눈에 띄었다.31일 기업평가사이트 CEO스코어가 2353개 상장사 지분을 가진 개인 주식부호 100위를 조사한 결과, 5월29일 종가 기준 100인의 지분가치는 총 92조8479억 원으로 집계됐다. 이는 1월2일 당시 톱100의 지분가치(95조4140억 원)에 비해 2.7%(2조5661억 원) 줄어든 수치다. 코로나19의 세계적 대유행(팬데믹)으로 인한 증시 충격이 아직 완벽히 회복되지 않은 영향으로 풀이된다.보유 지분 금액으로는 이건희 삼성전자 회장과 이재용 부회장이 각각 15조1017억 원, 6조7743억 원으로 부동의 1,2위를 차지했다. 특히 이건희 회장의 경우 연초 대비 13.3%(2조3066억 원) 줄었음에도 유일하게 10조 원을 넘기며 2위 이재용 부회장과 8조 원이 넘는 격차를 보였다.이어 서정진 셀트리온 회장 4조8967억 원, 서경배 아모레퍼시픽그룹 회장 3조6628억 원, 김범수 카카오 의장 3조2947억 원, 최태원 SK 회장 3조1043억 원, 정몽구 현대자동차그룹 회장 3조879억 원, 홍라희 전 리움 관장 2조7456억 원, 김택진 엔씨소프트 대표 2조761억 원, 정의선 현대자동차 수석부회장 1조9682억 원 등이 주식부호 톱10에 이름을 올렸다.상장사 지분가치 증감 '탑10'/CEO스코어				5개월 새 지분가치가 가장 많이 증가한 부호는 서정진 회장으로 2조7016억 원에서 4조8967억 원으로 2조1951억 원(81.3%) 증가했고, 순위도 4계단 올라 3위가 됐다. 같은 기간 김범수 의장은 1조3862억 원(72.6%) 늘어 순위가 9위에서 5위로 올라섰다. 다음으로 김택진 대표 6544억 원(46.0%), 박순재 알테오젠 대표 4873억 원(246.2%), 천종윤 씨젠 대표 4087억 원(277.8%), 김범수 의장의 처남인 형인우 스마트앤그로스 대표 3186억 원(148.0%),  이해진 네이버 글로벌투자책임자 2699억 원(23.9%), 이준호 NHN 회장 2177억 원(26.0%) 등의 순이었다.조원태 한진그룹 회장과 조현아 전 대한항공 부사장, 조현민 한진칼 전무는 경영권 분쟁으로 인한 한진칼 주가 급등 영향으로 보유 지분가치가 연초 대비 모두 115.7%(조원태 회장 1788억 원, 조현아 전 부사장 1779억 원, 조현민 전무 1775억 원)씩 큰 폭으로 증가했다.주식부호 순위 톱100 중 연초 대비 순위가 하락한 것은 절반이 넘는 54명에 달했다. 6명은 순위 변화가 없었고 나머지 40명은 상승했다.기존 상위 10명의 순위도 변화가 심했는데 서경배 아모레퍼시픽그룹 회장과 최태원 SK 회장이 한 계단씩 하락해 4위와 6위를 기록했고, 정몽구 현대차그룹 회장(7위)과 홍라희 전 삼성미술관 리움 관장(8위)은 연초 대비 각 3위, 2위 떨어졌다. 정의선 현대차그룹 수석부회장도 8위에서 10위로 두 계단 하락했다.반면 서정진 셀트리온 회장은 지분가치가 81.3%(2조1951억 원) 늘어난 4조8967억 원으로 4계단 상승한 3위에 올랐고, 김범수 카카오 의장도 9위에서 5위로 올라섰다. 김택진 엔씨소프트 대표(9위)는 14위에서 10위권 내로 진입했다. 10위에서 벗어난 오너일가는 방준혁 넷마블 의장이 유일했다. 방 의장의 지분가치는 연초 1조8719억 원(10위)에서 1조9133억 원으로 2.2%(414억 원) 늘었지만 순위는 한계단 떨어졌다.구광모 LG 회장(1조6331억 원, 12위)과 이부진 호텔신라 사장·이서현 삼성복지재단 이사장(각 1조6113억 원, 공동 13위)도 1계단씩 순위가 밀렸다. 정몽준 아산재단 이사장은 4계단 하락한 19위였고, 기존 18~19위였던 이명희 신세계 회장과 조정호 메리츠금융지주 회장은 20위 밖으로 벗어났다.카카오와 더불어 언택트 소비 관련주의 대표격인 네이버 지분을 보유한 이해진 네이버 글로벌투자책임자(15위, 5계단 상승 )와 이준호 NHN 회장(20위, 6계단 상승)도 눈에 띄게 순위가 상승했다.100위권 밖에서 새로 진입한 주식부호는 총 13명이었다. 최근 뜨거운 관심을 받고 있는 바이오회사 알테오젠의 박순재 대표와 코로나19 진단키트를 제조하는 씨젠의 천종윤 대표가 각각 28위와 32위로, 단번에 부호 상위권에 진입했다. 또 조원태 회장(62위)과 조현아 전 대한항공 부사장(63위), 조현민 전무(65위)를 비롯해 이들 남매의 모친인 이명희 전 일우재단 이사장(79위)도 100위 안에 이름을 올렸다.[신은진 기자 momof@chosun.com] 		▶ 복잡한 경제뉴스 '5Q경제'로 완벽 정리 		▶ 네이버에서 조선일보 받아보기		▶ 중고생 위한 대입필수 독서노트 받으러 가기 	- Copyrights ⓒ 조선일보 & chosun.com, 무단 전재 및 재배포 금지 -",서정진  주식 지분 가치 상승 1위신종 코로나바이러스 감염증 사태가 국내 주식부호의 판도를 바꿔 놓았다. 주식시장에서 비대면 언택트 untact  소비 관련 종목이 인기를 끌면서 이 기업 오너일가의 주식가치도 크게 치솟았기 때문이다.올 들어 제조업 중심 기업의 오너일가 주식부호 순위는 대부분 하락했지만  김범수 카카오 의장을 비롯해 김택진 엔씨소프트 대표  이해진 네이버 글로벌투자책임자 GIO  등은 순위가 큰 폭으로 상승했다. 또 코로나19 진단키트와 치료제 관련주로 화제가 된 씨젠의 천종윤 대표와 서정진 셀트리온 회장 등 바이오 기업 오너 일가의 주식부호 순위 상승도 눈에 띄었다.31일 기업평가사이트 CEO스코어가 2353개 상장사 지분을 가진 개인 주식부호 100위를 조사한 결과  5월29일 종가 기준 100인의 지분가치는 총 92조8479억 원으로 집계됐다. 이는 1월2일 당시 톱100의 지분가치 95조4140억 원 에 비해 2.7  2조5661억 원  줄어든 수치다. 코로나19의 세계적 대유행 팬데믹 으로 인한 증시 충격이 아직 완벽히 회복되지 않은 영향으로 풀이된다.보유 지분 금액으로는 이건희 삼성전자 회장과 이재용 부회장이 각각 15조1017억 원  6조7743억 원으로 부동의 1 2위를 차지했다. 특히 이건희 회장의 경우 연초 대비 13.3  2조3066억 원  줄었음에도 유일하게 10조 원을 넘기며 2위 이재용 부회장과 8조 원이 넘는 격차를 보였다.이어 서정진 셀트리온 회장 4조8967억 원  서경배 아모레퍼시픽그룹 회장 3조6628억 원  김범수 카카오 의장 3조2947억 원  최태원 SK 회장 3조1043억 원  정몽구 현대자동차그룹 회장 3조879억 원  홍라희 전 리움 관장 2조7456억 원  김택진 엔씨소프트 대표 2조761억 원  정의선 현대자동차 수석부회장 1조9682억 원 등이 주식부호 톱10에 이름을 올렸다.상장사 지분가치 증감  탑10  CEO스코어    5개월 새 지분가치가 가장 많이 증가한 부호는 서정진 회장으로 2조7016억 원에서 4조8967억 원으로 2조1951억 원 81.3   증가했고  순위도 4계단 올라 3위가 됐다. 같은 기간 김범수 의장은 1조3862억 원 72.6   늘어 순위가 9위에서 5위로 올라섰다. 다음으로 김택진 대표 6544억 원 46.0    박순재 알테오젠 대표 4873억 원 246.2    천종윤 씨젠 대표 4087억 원 277.8    김범수 의장의 처남인 형인우 스마트앤그로스 대표 3186억 원 148.0     이해진 네이버 글로벌투자책임자 2699억 원 23.9    이준호 NHN 회장 2177억 원 26.0   등의 순이었다.조원태 한진그룹 회장과 조현아 전 대한항공 부사장  조현민 한진칼 전무는 경영권 분쟁으로 인한 한진칼 주가 급등 영향으로 보유 지분가치가 연초 대비 모두 115.7  조원태 회장 1788억 원  조현아 전 부사장 1779억 원  조현민 전무 1775억 원 씩 큰 폭으로 증가했다.주식부호 순위 톱100 중 연초 대비 순위가 하락한 것은 절반이 넘는 54명에 달했다. 6명은 순위 변화가 없었고 나머지 40명은 상승했다.기존 상위 10명의 순위도 변화가 심했는데 서경배 아모레퍼시픽그룹 회장과 최태원 SK 회장이 한 계단씩 하락해 4위와 6위를 기록했고  정몽구 현대차그룹 회장 7위 과 홍라희 전 삼성미술관 리움 관장 8위 은 연초 대비 각 3위  2위 떨어졌다. 정의선 현대차그룹 수석부회장도 8위에서 10위로 두 계단 하락했다.반면 서정진 셀트리온 회장은 지분가치가 81.3  2조1951억 원  늘어난 4조8967억 원으로 4계단 상승한 3위에 올랐고  김범수 카카오 의장도 9위에서 5위로 올라섰다. 김택진 엔씨소프트 대표 9위 는 14위에서 10위권 내로 진입했다. 10위에서 벗어난 오너일가는 방준혁 넷마블 의장이 유일했다. 방 의장의 지분가치는 연초 1조8719억 원 10위 에서 1조9133억 원으로 2.2  414억 원  늘었지만 순위는 한계단 떨어졌다.구광모 LG 회장 1조6331억 원  12위 과 이부진 호텔신라 사장 이서현 삼성복지재단 이사장 각 1조6113억 원  공동 13위 도 1계단씩 순위가 밀렸다. 정몽준 아산재단 이사장은 4계단 하락한 19위였고  기존 18 19위였던 이명희 신세계 회장과 조정호 메리츠금융지주 회장은 20위 밖으로 벗어났다.카카오와 더불어 언택트 소비 관련주의 대표격인 네이버 지분을 보유한 이해진 네이버 글로벌투자책임자 15위  5계단 상승  와 이준호 NHN 회장 20위  6계단 상승 도 눈에 띄게 순위가 상승했다.100위권 밖에서 새로 진입한 주식부호는 총 13명이었다. 최근 뜨거운 관심을 받고 있는 바이오회사 알테오젠의 박순재 대표와 코로나19 진단키트를 제조하는 씨젠의 천종윤 대표가 각각 28위와 32위로  단번에 부호 상위권에 진입했다. 또 조원태 회장 62위 과 조현아 전 대한항공 부사장 63위   조현민 전무 65위 를 비롯해 이들 남매의 모친인 이명희 전 일우재단 이사장 79위 도 100위 안에 이름을 올렸다.     복잡한 경제뉴스  5Q경제 로 완벽 정리     네이버에서  받아보기    중고생 위한 대입필수 독서노트 받으러 가기,0.2000000029802322
9,2021-09-27,상반기 배당 1위는 홍라희 전 리움관장   이재용 부회장은," 104개 기업 총 배당금 9조3084억2위는 조정호 메리츠금융지주 회장3위 이재용 이어 5위까지 삼성 일가상장기업들이 실시한 올 상반기 배당에서 개인 최고금액 ‘상위 5명’ 중 4명이 삼성의 총수일가인 것으로 집계됐다.기업분석연구소 리더스인덱스가 27일 배당 내역을 공시한 104개 기업의 배당금액을 조사한 결과 이들 기업의 총 배당금액은 총 9조3084억원이었다.가장 많은 배당금을 받은 개인은 홍라희 전 리움미술관장으로 922억원이었다. 홍 전 관장은 고 이건희 회장 별세 후 삼성전자 지분 2.02%를 상속받았다. 홍 전 관장을 포함해 최다 배당금 상위 5명 중 4명이 삼성의 총수일가였다. 이재용 삼성전자 부회장이 704억원으로 3위, 이부진 호텔신라 사장·이서현 삼성복지재단 이사장이 각각 400억원으로 5위 이내에 들었다.배당금 2위는 조정호 메리츠금융지주 회장(870억원)이었다. 정몽준 아산재단 이사장(389억원)이 6위, 정몽구 현대차그룹 명예회장(385억원)이 7위, 최태원 SK 회장(194억원)이 8위, 서경배 아모레퍼시픽 회장(152억원)이 9위, 김석수 동서 회장(132억원)이 10위 등으로 배당금 10위권 안에 이름을 올렸다.기업에서는 ‘국민주’가 된 삼성전자가 4조9043억원을 배당해 전체의 절반(53%)을 넘었다. 케이티엔지(KT&G)가 5956억원, 포스코가 5294억원, 현대모비스가 3701억원, KB금융이 2922억원을 배당해 뒤를 이었다.",104개 기업 총 배당금 9조3084억2위는 조정호 메리츠금융지주 회장3위 이재용 이어 5위까지 삼성 일가상장기업들이 실시한 올 상반기 배당에서 개인 최고금액  상위 5명  중 4명이 삼성의 총수일가인 것으로 집계됐다.기업분석연구소 리더스인덱스가 27일 배당 내역을 공시한 104개 기업의 배당금액을 조사한 결과 이들 기업의 총 배당금액은 총 9조3084억원이었다.가장 많은 배당금을 받은 개인은 홍라희 전 리움미술관장으로 922억원이었다. 홍 전 관장은 고 이건희 회장 별세 후 삼성전자 지분 2.02 를 상속받았다. 홍 전 관장을 포함해 최다 배당금 상위 5명 중 4명이 삼성의 총수일가였다. 이재용 삼성전자 부회장이 704억원으로 3위  이부진 호텔신라 사장 이서현 삼성복지재단 이사장이 각각 400억원으로 5위 이내에 들었다.배당금 2위는 조정호 메리츠금융지주 회장 870억원 이었다. 정몽준 아산재단 이사장 389억원 이 6위  정몽구 현대차그룹 명예회장 385억원 이 7위  최태원 SK 회장 194억원 이 8위  서경배 아모레퍼시픽 회장 152억원 이 9위  김석수 동서 회장 132억원 이 10위 등으로 배당금 10위권 안에 이름을 올렸다.기업에서는  국민주 가 된 삼성전자가 4조9043억원을 배당해 전체의 절반 53  을 넘었다. 케이티엔지 KT G 가 5956억원  포스코가 5294억원  현대모비스가 3701억원  KB금융이 2922억원을 배당해 뒤를 이었다.,0.1000000014901161
10,2021-05-14,오늘의 부고   2021년 5월 15일," ■한재헌 전 신한은행 지점장 별세, 정원 메리츠금융지주 상무·정우 엠에이치텍(주) 부사장 부친상=14일 강남세브란스병원. 발인 16일 오후 2시 (02)2019-4000■최운형 전 태광그룹 대표이사 별세, 준혁·준호·희승씨 부친상, 김재윤 전 청와대 국정홍보비서관 장인상=14일 오전 3시30분 삼성서울병원. 발인 16일 오전 6시 (02)3410-6989■김정옥 별세, 정호범·금복씨 모친상, 지호·지윤씨·성원 조선일보 강원주재기자 조모상=14일 오전 6시29분 원주시 바른요양병원. 발인 16일 오전 8시30분 (033)735-4444■조옥주씨 별세, 장경하 TBN전북교통방송 편성제작국장 모친상=14일 오전 전북 익산시 원광대병원. 발인 16일 오전 8시 (063)859-1115■조정환씨 별세, 희정씨·민근 중앙일보 국제팀장·민우 인천지검 부부장검사 부친상, 이장호 국무조정실 생활SOC추진단 부단장 장인상, 송현희 하나은행 차장·김지영씨 시부상=14일 서울대병원. 발인 17일 오전 5시 (02)2072-2010■강보선 예탁원 수석위원·전 투자지원본부장 별세=13일 서울성모병원. 발인 15일 오전 11시30분 (02)2258-5919▶ [인터랙티브] 김진숙을 만나다▶ 경향신문 바로가기▶ 경향신문 프리미엄 유료 콘텐츠가 한 달간 무료~©경향신문(www.khan.co.kr), 무단전재 및 재배포 금지",한재헌 전 신한은행 지점장 별세  정원 메리츠금융지주 상무 정우 엠에이치텍 주  부사장 부친상 14일 강남세브란스병원. 발인 16일 오후 2시  02 2019 4000 최운형 전 태광그룹 대표이사 별세  준혁 준호 희승씨 부친상  김재윤 전 청와대 국정홍보비서관 장인상 14일 오전 3시30분 삼성서울병원. 발인 16일 오전 6시  02 3410 6989 김정옥 별세  정호범 금복씨 모친상  지호 지윤씨 성원  강원주재기자 조모상 14일 오전 6시29분 원주시 바른요양병원. 발인 16일 오전 8시30분  033 735 4444 조옥주씨 별세  장경하 TBN전북교통방송 편성제작국장 모친상 14일 오전 전북 익산시 원광대병원. 발인 16일 오전 8시  063 859 1115 조정환씨 별세  희정씨 민근 중앙일보 국제팀장 민우 인천지검 부부장검사 부친상  이장호 국무조정실 생활SOC추진단 부단장 장인상  송현희 하나은행 차장 김지영씨 시부상 14일 서울대병원. 발인 17일 오전 5시  02 2072 2010 강보선 예탁원 수석위원 전 투자지원본부장 별세 13일 서울성모병원. 발인 15일 오전 11시30분  02 2258 5919   김진숙을 만나다      프리미엄 유료 콘텐츠가 한 달간 무료       및  금지,0.0
11,2021-11-19,NFT 열풍 이정도 위메이드 의장 주식부자 톱10 진입,"대체불가토큰(NFT) 투자 열풍이 이어지면서 게임회사 위메이드 의장이 국내 주식부자 톱 10에 이름을 올렸다.21일 금융정보업체 에프앤가이드에 따르면 지난 18일 종가 기준으로 국내 상장사 주식을 보유한 개인 1만7961명의 지분평가액을 조사한 결과 박관호 위메이드 의장이 3조3602억원을 기록해 10위에 올랐다.이는 조정호 메리츠금융지주 회장(3조2831억원), 최태원 SK회장(3조1995억원) 등을 제친 것으로 중견 게임사 오너로서 이례적인 성적이다.기존 게임업계에선 장병규 크래프톤 의장(3조8161억원)에 이어 2위다. 장 의장은 주식부자 순위에서 8위를 기록했다.김대일 펄어비스 의장(3조3020억원)은 11위, 방준혁 넷마블 의장(2조7777억원)은 16위에 올랐다.위메이드는 NFT 수혜를 입은 대표적인 게임주다. NFT 기술을 적용한 모바일 다중접속역할수행게임(MMORPG) ‘미르4’ 글로벌이 흥행에 성공하면서 주가가 급등했다.특히 올해 초 자체 블록체인 플랫폼 ‘위믹스’를 출시하고 조이시티, 슈퍼캣, 달콤소프트, NHN, 액션스퀘어 등 게임사들을 생태계로 합류시키면서 NFT 열풍을 주도했다.박 의장이 보유한 위메이드 지분 가치는 지난 8월 18일 기준 5652억원에 그쳤으나 최근 위메이드 주가 급등에 따라 3개월간 494.49%가 증가했다.한국거래소에 따르면 같은 기간 코스피·코스닥시장에서 상승률이 가장 높은 종목 1위가 위메이드(493.86%), 2위가 위메이드맥스(462.41%)였다. 자회사인 위메이드맥스는 블록체인 게임 전문 개발사다.",대체불가토큰 NFT  투자 열풍이 이어지면서 게임회사 위메이드 의장이 국내 주식부자 톱 10에 이름을 올렸다.21일 금융정보업체 에프앤가이드에 따르면 지난 18일 종가 기준으로 국내 상장사 주식을 보유한 개인 1만7961명의 지분평가액을 조사한 결과 박관호 위메이드 의장이 3조3602억원을 기록해 10위에 올랐다.이는 조정호 메리츠금융지주 회장 3조2831억원   최태원 SK회장 3조1995억원  등을 제친 것으로 중견 게임사 오너로서 이례적인 성적이다.기존 게임업계에선 장병규 크래프톤 의장 3조8161억원 에 이어 2위다. 장 의장은 주식부자 순위에서 8위를 기록했다.김대일 펄어비스 의장 3조3020억원 은 11위  방준혁 넷마블 의장 2조7777억원 은 16위에 올랐다.위메이드는 NFT 수혜를 입은 대표적인 게임주다. NFT 기술을 적용한 모바일 다중접속역할수행게임 MMORPG   미르4  글로벌이 흥행에 성공하면서 주가가 급등했다.특히 올해 초 자체 블록체인 플랫폼  위믹스 를 출시하고 조이시티  슈퍼캣  달콤소프트  NHN  액션스퀘어 등 게임사들을 생태계로 합류시키면서 NFT 열풍을 주도했다.박 의장이 보유한 위메이드 지분 가치는 지난 8월 18일 기준 5652억원에 그쳤으나 최근 위메이드 주가 급등에 따라 3개월간 494.49 가 증가했다.한국거래소에 따르면 같은 기간 코스피 코스닥시장에서 상승률이 가장 높은 종목 1위가 위메이드 493.86    2위가 위메이드맥스 462.41  였다. 자회사인 위메이드맥스는 블록체인 게임 전문 개발사다.,0.1000000014901161
12,2021-11-25,카카오페이로 보는  이벤트 드리븐   3분 국내주식,"2021년 11월 25일 마감시황 다시보기‘0%대 초저금리 시대’가 끝난 25일, 코스피지수는 외국인과 기관의 매도세로 14.02포인트(0.47%) 내린 2980.27까지 후퇴했다. 다만 금리 인상은 이미 예정된 수준이어서 하락 폭은 크지 않았다. 일반적으로 금리가 오르면 미래 가치에 대한 할인폭을 키워 증시에 부담 을 가한다. 채권 가격이 내려가기 때문에 기관도 금리가 뛰는 시기에 회사채 투자를 꺼리게 된다.한국은행 금융통화위원회는 이날 정례회의를 열고 기준금리를 현재의 연 0.75%에서 1%로 0.25%포인트 인상했다. 지난해 3월부터 시작된 제로금리 시대는 1년 8개월 만에 막을 내렸다. 한은은 지난 8월 금통위에서 기준금리를 0.50%에서 0.75%로 0.25%포인트 인상한 뒤 10월 0.75%로 동결했다1. 카카오페이 [377300]카카오페이가 코스피200지수 편입에 성공하며 3만3500원(18.31%) 오른 21만6500원에 마감했다. 하루 전 한국거래소는 다음 달 9일에 반영될 코스피200 등 주요 지수 정기 변경 내용을 발표했다. 카카오페이는 현대중공업, 메리츠금융지주, PI첨단소재, 에스엘, 명신산업과 함께 코스피200에 이름을 올렸다.코스피200은 규모별 주가지수를 추종하는 패시브 펀드의 규모가 큰 편이다. 당연히 정기변경으로 인한 기계적 수급 영향도 크다. 신규 편입 종목이 주가에 호재로 작용하는 이유는 그래서다. 유안타증권은 카카오페이의 편입 비중이 0.7%인 점을 고려해 5000억원 규모의 순매수 금액이 유입될 것으로 추정했다.거래소 지수 변경 시기를 계산해 활용하는 ‘이벤트 드리븐’은 전통적인 투자방식으로 꼽혀왔다. 이벤트 드리븐은 각종 이벤트에 따른 가격변동 과정에서 수익을 창출하는 전략을 뜻한다. 거래소는 6월과 9월, 매년 두 차례 코스피200·코스닥150 지수 구성 정기변경을 진행한다.이정연 메리츠증권 연구원은 “지수 변경 3달 전 편입 종목 매수전략은 높은 확률로 10% 이상 수익률을 보였다”며 “신규 편입 종목의 경우 기업의 펀더멘털(기초체력) 이외에도 추가적인 자금 유입 유인이 존재한다는 점에서 긍정적이기 때문에 정기 변경 이전에 관심을 가져야 한다”고 추천했다.2. 씨앤투스성진 [352700]첨단소재 필터 전문기업 씨앤투스성진이 자사주 소각과 무상증자 결정을 공시하며 가격상승제한폭(상한가)까지 치솟았다. 씨앤투스성진은 전 거래일보다 29.90%(6250원) 오른 2만7150원에 마감됐다.씨앤투스성진은 이날 보통주 1주당 신주 2주를 배정하는 200% 무상증자를 한다고 밝혔다. 발행되는 예정 신주는 1867만7768주, 신주배정기준일은 다음 달 10일이다. 신주가 발행되면 씨앤투스성진의 총주식 수는 2827만6899주로, 기존 발행주식 수보다 3배가 늘어난다.여기에 자기주식 39만6400주가 소각될 예정이다. 소각 예정 금액은 약 86억원으로 예정일은 오는 12월 1일이다. 자사주 소각은 일반적으로 시장에 유통되는 주식의 주당 가치가 상승시키는 효과가 있어 주주가치 제고 방안으로 활용된다. 앞서 씨앤투스성진은 주주가치 제고를 위해 올해 두 차례에 걸쳐 총 142억원 규모의 자사주를 매입한 바 있다. 지난 7월 48억원 규모의 중간배당을 했고, 지난 16일에는 주당 500원 이상의 결산 현금배당 계획을 발표했다.3. 애니플러스 [310200]일본 인기 애니메이션 ‘진격의 거인’의 유통사로 이름을 알린 애니플러스는 코스닥에서 12.04%(650원) 상승 6050원에 거래를 마쳤다. 이 회사는 진격의거인과 러브라이브 등 일본 애니메이션의 유통·상품화를 주력 사업으로 꾸려나가는 종합 콘텐츠 업체다. 일본 신작 애니 점유율 70% 이상을 확보한 과점 업체로 국내 포함 아시아 8개국에서 넷플릭스 등 국내외 온라인동영상서비스(OTT)를 통해 콘텐츠를 공급한다.본업뿐 아니라 메타버스와 대체불가능토큰(NFT) 등을 결합한 종합 콘텐츠 업체로서의 성장세를 기대할 만하다는 증권사 기업분석보고서(리포트)가 호재로 작용했다. 유안타증권은 올해 애니플러스의 연결기준 매출액을 424억원, 영업이익을 134억원으로 각각 추정하며 내년 예상실적 기준 주가수익비율(PER)을 약 9배로 계산했다. 국내 동종기업 평균 PER이 35배 수준이란 점을 생각하면 상당히 저평가돼 있다고 본 것이다.하루 3분이면 충분한 여의도 산책. [3분 국내주식]은 동학 개미의 시선으로 국내 증권시장을 관찰합니다. 차트와 캔들이 알려주지 않는 상승과 하락의 원인을 추적하고, 하루 사이에 주목을 받은 종목들을 소개합니다.",2021년 11월 25일 마감시황 다시보기 0 대 초저금리 시대 가 끝난 25일  코스피지수는 외국인과 기관의 매도세로 14.02포인트 0.47   내린 2980.27까지 후퇴했다. 다만 금리 인상은 이미 예정된 수준이어서 하락 폭은 크지 않았다. 일반적으로 금리가 오르면 미래 가치에 대한 할인폭을 키워 증시에 부담 을 가한다. 채권 가격이 내려가기 때문에 기관도 금리가 뛰는 시기에 회사채 투자를 꺼리게 된다.한국은행 금융통화위원회는 이날 정례회의를 열고 기준금리를 현재의 연 0.75 에서 1 로 0.25 포인트 인상했다. 지난해 3월부터 시작된 제로금리 시대는 1년 8개월 만에 막을 내렸다. 한은은 지난 8월 금통위에서 기준금리를 0.50 에서 0.75 로 0.25 포인트 인상한 뒤 10월 0.75 로 동결했다1. 카카오페이  377300 카카오페이가 코스피200지수 편입에 성공하며 3만3500원 18.31   오른 21만6500원에 마감했다. 하루 전 한국거래소는 다음 달 9일에 반영될 코스피200 등 주요 지수 정기 변경 내용을 발표했다. 카카오페이는 현대중공업  메리츠금융지주  PI첨단소재  에스엘  명신산업과 함께 코스피200에 이름을 올렸다.코스피200은 규모별 주가지수를 추종하는 패시브 펀드의 규모가 큰 편이다. 당연히 정기변경으로 인한 기계적 수급 영향도 크다. 신규 편입 종목이 주가에 호재로 작용하는 이유는 그래서다. 유안타증권은 카카오페이의 편입 비중이 0.7 인 점을 고려해 5000억원 규모의 순매수 금액이 유입될 것으로 추정했다.거래소 지수 변경 시기를 계산해 활용하는  이벤트 드리븐 은 전통적인 투자방식으로 꼽혀왔다. 이벤트 드리븐은 각종 이벤트에 따른 가격변동 과정에서 수익을 창출하는 전략을 뜻한다. 거래소는 6월과 9월  매년 두 차례 코스피200 코스닥150 지수 구성 정기변경을 진행한다.이정연 메리츠증권 연구원은  지수 변경 3달 전 편입 종목 매수전략은 높은 확률로 10  이상 수익률을 보였다 며  신규 편입 종목의 경우 기업의 펀더멘털 기초체력  이외에도 추가적인 자금 유입 유인이 존재한다는 점에서 긍정적이기 때문에 정기 변경 이전에 관심을 가져야 한다 고 추천했다.2. 씨앤투스성진  352700 첨단소재 필터 전문기업 씨앤투스성진이 자사주 소각과 무상증자 결정을 공시하며 가격상승제한폭 상한가 까지 치솟았다. 씨앤투스성진은 전 거래일보다 29.90  6250원  오른 2만7150원에 마감됐다.씨앤투스성진은 이날 보통주 1주당 신주 2주를 배정하는 200  무상증자를 한다고 밝혔다. 발행되는 예정 신주는 1867만7768주  신주배정기준일은 다음 달 10일이다. 신주가 발행되면 씨앤투스성진의 총주식 수는 2827만6899주로  기존 발행주식 수보다 3배가 늘어난다.여기에 자기주식 39만6400주가 소각될 예정이다. 소각 예정 금액은 약 86억원으로 예정일은 오는 12월 1일이다. 자사주 소각은 일반적으로 시장에 유통되는 주식의 주당 가치가 상승시키는 효과가 있어 주주가치 제고 방안으로 활용된다. 앞서 씨앤투스성진은 주주가치 제고를 위해 올해 두 차례에 걸쳐 총 142억원 규모의 자사주를 매입한 바 있다. 지난 7월 48억원 규모의 중간배당을 했고  지난 16일에는 주당 500원 이상의 결산 현금배당 계획을 발표했다.3. 애니플러스  310200 일본 인기 애니메이션  진격의 거인 의 유통사로 이름을 알린 애니플러스는 코스닥에서 12.04  650원  상승 6050원에 거래를 마쳤다. 이 회사는 진격의거인과 러브라이브 등 일본 애니메이션의 유통 상품화를 주력 사업으로 꾸려나가는 종합 콘텐츠 업체다. 일본 신작 애니 점유율 70  이상을 확보한 과점 업체로 국내 포함 아시아 8개국에서 넷플릭스 등 국내외 온라인동영상서비스 OTT 를 통해 콘텐츠를 공급한다.본업뿐 아니라 메타버스와 대체불가능토큰 NFT  등을 결합한 종합 콘텐츠 업체로서의 성장세를 기대할 만하다는 증권사 기업분석보고서 리포트 가 호재로 작용했다. 유안타증권은 올해 애니플러스의 연결기준 매출액을 424억원  영업이익을 134억원으로 각각 추정하며 내년 예상실적 기준 주가수익비율 PER 을 약 9배로 계산했다. 국내 동종기업 평균 PER이 35배 수준이란 점을 생각하면 상당히 저평가돼 있다고 본 것이다.하루 3분이면 충분한 여의도 산책.  3분 국내주식 은 동학 개미의 시선으로 국내 증권시장을 관찰합니다. 차트와 캔들이 알려주지 않는 상승과 하락의 원인을 추적하고  하루 사이에 주목을 받은 종목들을 소개합니다.,0.1000000014901161
13,2021-09-03,김기현  낙하산 인사 없다던  정권 가짜 뉴스였네,"국민의힘 김기현 원내대표가 청와대 출신 인사들의 연이은 금융권행을 언급하며 ‘낙하산 인사’를 비판했다.김 원내대표는 5일 페이스북을 통해 “문재인 정권의 낙하산 보은인사가 나라를 좀먹고 있다”며 “추한 문 정권이 자신을 분칠하는 데 사용해 온 ‘공정과 정의’라는 단어가 얼마나 허구에 찬 것인지 적나라하게 드러나고 있다”고 비판했다.그러면서 그는 “금융 이력이라곤 전혀 없는 황현선 전 청와대 민정수석실 행정관이 20조원 규모 자금을 운용하는 한국성장금융투자운용 본부장에 낙점되는가 하면 천경득 전 선임행정관은 금융결제원 상임감사, 강희중 전 행정관은 승강기안전공단 이사, 노정윤 전 행정관은 한국조폐공사 비상임이사, 홍희경 전 선임행정관은 한국문화정보원장, 한정원 전 행정관은 메리츠금융지주 브랜드전략본부장으로 각각 자리를 옮겼다고 한다”고 밝혔다.김 원내대표는 금융경제연구소 분석을 인용해 “문 정권 출범 이후 지난해 말까지 새로 선임되거나 연임된 금융계 임원 138명 중 32%가 친정권 캠코더(캠프·코드·더불어민주당) 인사로 채워졌다. 금융 공기업은 47%, 은행권은 19%에 달한다고 한다”고 지적했다.이어 그는 “문 대통령이 청와대 집무실에 두겠다던 ‘일자리 상황판’은 사실은 ‘낙하산 상황판’이었나 보다”라며 “문 대통령은 취임 초 ‘공기업 낙하산·보은 인사는 없을 것’이라고 약속한 바 있었지만, 이것 역시 가짜 뉴스였다”고 직격했다.김 원내대표는 문재인 정권에서 낙하산 인사가 어떻게 진행되고, 어떤 비리가 있었는지 국정감사를 통해 낱낱이 밝히고 전수조사를 통해 부패 온상을 발본색원하겠다고 밝혔다.",국민의힘 김기현 원내대표가 청와대 출신 인사들의 연이은 금융권행을 언급하며  낙하산 인사 를 비판했다.김 원내대표는 5일 페이스북을 통해  문재인 정권의 낙하산 보은인사가 나라를 좀먹고 있다 며  추한 문 정권이 자신을 분칠하는 데 사용해 온  공정과 정의 라는 단어가 얼마나 허구에 찬 것인지 적나라하게 드러나고 있다 고 비판했다.그러면서 그는  금융 이력이라곤 전혀 없는 황현선 전 청와대 민정수석실 행정관이 20조원 규모 자금을 운용하는 한국성장금융투자운용 본부장에 낙점되는가 하면 천경득 전 선임행정관은 금융결제원 상임감사  강희중 전 행정관은 승강기안전공단 이사  노정윤 전 행정관은 한국조폐공사 비상임이사  홍희경 전 선임행정관은 한국문화정보원장  한정원 전 행정관은 메리츠금융지주 브랜드전략본부장으로 각각 자리를 옮겼다고 한다 고 밝혔다.김 원내대표는 금융경제연구소 분석을 인용해  문 정권 출범 이후 지난해 말까지 새로 선임되거나 연임된 금융계 임원 138명 중 32 가 친정권 캠코더 캠프 코드 더불어민주당  인사로 채워졌다. 금융 공기업은 47   은행권은 19 에 달한다고 한다 고 지적했다.이어 그는  문 대통령이 청와대 집무실에 두겠다던  일자리 상황판 은 사실은  낙하산 상황판 이었나 보다 라며  문 대통령은 취임 초  공기업 낙하산 보은 인사는 없을 것 이라고 약속한 바 있었지만  이것 역시 가짜 뉴스였다 고 직격했다.김 원내대표는 문재인 정권에서 낙하산 인사가 어떻게 진행되고  어떤 비리가 있었는지 국정감사를 통해 낱낱이 밝히고 전수조사를 통해 부패 온상을 발본색원하겠다고 밝혔다.,0.0
14,2021-07-01,상반기 주가 상승률 최고 이재명 윤석열 테마주였지만,"윤석열 테마주 NE능률 이미 급락세 나타나요동치는 정치 테마 전형 “주의해야”3위 상승률은 ‘쿠키런’ 게임엄체 데브시스터즈본격적인 대선, 정치 시즌에 주식시장도 함께 요동치고 있다. 올해 상반기 주식 시장에서 가장 주가가 많이 오른 종목은 대선 주자들과 엮인 이른바 ‘대선 테마주’였다.1일 한국거래소에 따르면 올해 첫 거래일인 1월 4일부터 지난 6월 30일까지 코스피시장과 코스닥시장을 통틀어 최고 주가 상승률을 기록한 종목은 부동산 매매·임대업을 하는 이스타코로 나타났다.이스타코 주가는 작년 말 677원에 불과했지만 반년 만에 지난달 말 6650원으로 수직 상승했다. 상승률은 무려 882.27%에 달한다. 9배로 뛰어오른 것이다.코스피시장에 상장한 이스타코의 급등 요인은 대선 주자인 이재명 경기지사다. 이 지사의 장기공공주택 정책 테마주로 꼽혔기 때문이다.상반기 상승률 2위 종목도 대선 테마주였다. 코스닥 상장사인 NE능률은 지난해 말 2845원에서 6월 말 2만2400원으로 뛰어올랐다. 상승률은 687.35%다. 영어교육업체인 NE능률이 급등한 이유는 최대주주인 윤호중 hy(구 한국야쿠르트) 회장이 윤석열 전 검찰총장과 같은 파평 윤씨라는 이유였다. 두 종목 모두 엮인 대선 주자와 무관하다고 공시했지만 대선 주자 관련 이슈가 있을 때마다 주가가 들썩였다.선거철에 기승을 부리는 정치인 테마주는 대부분 기업 펀더멘털과 관계없이 급등락해 투자자들의 유의가 필요하다.윤 전 총장 대선 출마 전 2만6700원 수준이었던 NE능률은 지난 29일 대선 출마 선언 이후 오히려 급락해 이틀 새 2만2400원까지 떨어졌다.한편 상반기 주가 상승률 3위는 코스닥에 상장한 게임 업체 데브시스터즈다. 작년 말 1만4450원에서 지난달 말 9만1600원으로 533.91% 상승했다.게임 ‘쿠키런’ 시리즈로 유명한 데브시스터즈는 올해 초 출시한 모바일 역할수행게임(RPG) ‘쿠키런: 킹덤’의 흥행에 주가가 큰 폭으로 올랐다.이어 캐리소프트(462.62%) 쎄미시스코(452.99%) 에스케이씨에스(377.94%) 한화투자증권우(354.42%) 포스코강판(349.43%) 노루홀딩스우(333.66%) 등이 상반기 주가 상승률 상위권을 차지했다.코스피시장 대형주 가운데는 효성티앤씨(325.59%) HMM(216.13%) 효성첨단소재(197.99%) 대한전선(122.26%) 메리츠금융지주(114.07%) 카카오(107.86%) 등이 100% 이상 올랐다.올해 상반기에 코스피는 2873.47에서 3296.68로 코스닥지수는 968.42에서 1029.96으로 각각 14.73%, 6.35% 상승했다.",윤석열 테마주 NE능률 이미 급락세 나타나요동치는 정치 테마 전형  주의해야 3위 상승률은  쿠키런  게임엄체 데브시스터즈본격적인 대선  정치 시즌에 주식시장도 함께 요동치고 있다. 올해 상반기 주식 시장에서 가장 주가가 많이 오른 종목은 대선 주자들과 엮인 이른바  대선 테마주 였다.1일 한국거래소에 따르면 올해 첫 거래일인 1월 4일부터 지난 6월 30일까지 코스피시장과 코스닥시장을 통틀어 최고 주가 상승률을 기록한 종목은 부동산 매매 임대업을 하는 이스타코로 나타났다.이스타코 주가는 작년 말 677원에 불과했지만 반년 만에 지난달 말 6650원으로 수직 상승했다. 상승률은 무려 882.27 에 달한다. 9배로 뛰어오른 것이다.코스피시장에 상장한 이스타코의 급등 요인은 대선 주자인 이재명 경기지사다. 이 지사의 장기공공주택 정책 테마주로 꼽혔기 때문이다.상반기 상승률 2위 종목도 대선 테마주였다. 코스닥 상장사인 NE능률은 지난해 말 2845원에서 6월 말 2만2400원으로 뛰어올랐다. 상승률은 687.35 다. 영어교육업체인 NE능률이 급등한 이유는 최대주주인 윤호중 hy 구 한국야쿠르트  회장이 윤석열 전 검찰총장과 같은 파평 윤씨라는 이유였다. 두 종목 모두 엮인 대선 주자와 무관하다고 공시했지만 대선 주자 관련 이슈가 있을 때마다 주가가 들썩였다.선거철에 기승을 부리는 정치인 테마주는 대부분 기업 펀더멘털과 관계없이 급등락해 투자자들의 유의가 필요하다.윤 전 총장 대선 출마 전 2만6700원 수준이었던 NE능률은 지난 29일 대선 출마 선언 이후 오히려 급락해 이틀 새 2만2400원까지 떨어졌다.한편 상반기 주가 상승률 3위는 코스닥에 상장한 게임 업체 데브시스터즈다. 작년 말 1만4450원에서 지난달 말 9만1600원으로 533.91  상승했다.게임  쿠키런  시리즈로 유명한 데브시스터즈는 올해 초 출시한 모바일 역할수행게임 RPG   쿠키런  킹덤 의 흥행에 주가가 큰 폭으로 올랐다.이어 캐리소프트 462.62   쎄미시스코 452.99   에스케이씨에스 377.94   한화투자증권우 354.42   포스코강판 349.43   노루홀딩스우 333.66   등이 상반기 주가 상승률 상위권을 차지했다.코스피시장 대형주 가운데는 효성티앤씨 325.59   HMM 216.13   효성첨단소재 197.99   대한전선 122.26   메리츠금융지주 114.07   카카오 107.86   등이 100  이상 올랐다.올해 상반기에 코스피는 2873.47에서 3296.68로 코스닥지수는 968.42에서 1029.96으로 각각 14.73   6.35  상승했다.,0.0
15,2021-01-14,한진  상속세 852억원 내라,"조양호 등 5명 부과처분 불복 청구  조세심판원 2년6개월 만에 기각범 한진가(家) 2세들이 선친인 조중훈 전 한진그룹 명예회장의 스위스 은행 비밀계좌 등 해외 자산에 부과된 상속세 852억원이 부당하다며 국무조정실 조세심판원에 제기한 심판에서 2년6개월 만에 패소했다.13일 국민일보 취재를 종합하면 조세심판원은 2018년 7월 조양호 전 한진그룹 회장 등 한진가 상속인 5명(조현숙 조양호 조남호 조수호 조정호)이 국세청의 상속세 부과 처분에 불복해 제기한 심판 청구를 지난달 30일 기각한 것으로 확인됐다.상속인들의 발목을 결정적으로 잡은 것은 조남호 한진중공업 회장과 조정호 메리츠금융지주 회장의 해외 계좌 미신고 혐의 판결문이었다. 서울남부지법은 2019년 6월 이들이 조 전 명예회장 사망 직후 스위스 계좌의 존재를 알고 있었다고 봤다. 상속인들은 조 전 명예회장 사망 전 인출된 5000만 달러(약 580억원)의 행방은 지금까지도 모른다고 했지만 받아들여지지 않았다.앞서 국세청은 2018년 4월 스위스 계좌 등에 상속·가산세로 852억원을 부과했다. 상속인들은 7월 심판원에 불복 심판을 제기했다. 이 재산들은 3남 조수호 전 한진해운 회장(2006년 11월 사망)의 배우자 최은영씨가 2017년 8월 상속재산 수정 신고를 하면서 드러났다. 세무조사에 나선 국세청은 조 전 명예회장 사망 4개월 전인 2002년 7월 스위스 계좌에서 5000만 달러가 인출된 사실을 확인했다.상속인들은 스위스 계좌 존재를 2016년 무렵 알게 됐다고 항변했다. 국세청을 속이려 한 게 아니라 ‘단순 신고 누락’이라는 취지였다. 조 전 명예회장은 2002년 11월 사망해 상속세 납부 의무는 6개월 뒤인 2003년 5월부터 발생했다. 이 주장대로라면 세법상 부과 제척기간(과세할 수 있는 기한)은 10년이 적용돼 2013년 5월까지만 과세가 가능하다.반면 국세청은 상속인들이 탈세를 위해 의도적으로 신고하지 않았다고 봤다. 세법상 ‘해외 거래에서 부정행위로 상속세를 포탈한 경우’이므로 부과 제척기간은 15년으로 늘어 2018년 5월까지 과세할 수 있다는 게 국세청의 입장이었다. 상속인 측을 대리하는 법무법인 광장은 “진행 중인 건에 대해 확인해 줄 수 있는 사항은 없다”고 말했다.손재호 구자창 기자 sayho@kmib.co.kr▶ 네이버에서 국민일보를 구독하세요(클릭)▶ 국민일보 홈페이지 바로가기GoodNews paper ⓒ 국민일보(www.kmib.co.kr), 무단전재 및 수집, 재배포금지",조양호 등 5명 부과처분 불복 청구  조세심판원 2년6개월 만에 기각범 한진가    2세들이 선친인 조중훈 전 한진그룹 명예회장의 스위스 은행 비밀계좌 등 해외 자산에 부과된 상속세 852억원이 부당하다며 국무조정실 조세심판원에 제기한 심판에서 2년6개월 만에 패소했다.13일 국민일보 취재를 종합하면 조세심판원은 2018년 7월 조양호 전 한진그룹 회장 등 한진가 상속인 5명 조현숙 조양호 조남호 조수호 조정호 이 국세청의 상속세 부과 처분에 불복해 제기한 심판 청구를 지난달 30일 기각한 것으로 확인됐다.상속인들의 발목을 결정적으로 잡은 것은 조남호 한진중공업 회장과 조정호 메리츠금융지주 회장의 해외 계좌 미신고 혐의 판결문이었다. 서울남부지법은 2019년 6월 이들이 조 전 명예회장 사망 직후 스위스 계좌의 존재를 알고 있었다고 봤다. 상속인들은 조 전 명예회장 사망 전 인출된 5000만 달러 약 580억원 의 행방은 지금까지도 모른다고 했지만 받아들여지지 않았다.앞서 국세청은 2018년 4월 스위스 계좌 등에 상속 가산세로 852억원을 부과했다. 상속인들은 7월 심판원에 불복 심판을 제기했다. 이 재산들은 3남 조수호 전 한진해운 회장 2006년 11월 사망 의 배우자 최은영씨가 2017년 8월 상속재산 수정 신고를 하면서 드러났다. 세무조사에 나선 국세청은 조 전 명예회장 사망 4개월 전인 2002년 7월 스위스 계좌에서 5000만 달러가 인출된 사실을 확인했다.상속인들은 스위스 계좌 존재를 2016년 무렵 알게 됐다고 항변했다. 국세청을 속이려 한 게 아니라  단순 신고 누락 이라는 취지였다. 조 전 명예회장은 2002년 11월 사망해 상속세 납부 의무는 6개월 뒤인 2003년 5월부터 발생했다. 이 주장대로라면 세법상 부과 제척기간 과세할 수 있는 기한 은 10년이 적용돼 2013년 5월까지만 과세가 가능하다.반면 국세청은 상속인들이 탈세를 위해 의도적으로 신고하지 않았다고 봤다. 세법상  해외 거래에서 부정행위로 상속세를 포탈한 경우 이므로 부과 제척기간은 15년으로 늘어 2018년 5월까지 과세할 수 있다는 게 국세청의 입장이었다. 상속인 측을 대리하는 법무법인 광장은  진행 중인 건에 대해 확인해 줄 수 있는 사항은 없다 고 말했다.손재호 구자창 기자 sayho kmib.co.kr  네이버에서 국민일보를 구독하세요 클릭   국민일보 홈페이지 GoodNews paper   국민일보 www.kmib.co.kr    및 수집  금지,-0.1000000014901161
16,2021-01-14,조세심판원  한진   스위스 비밀계좌 개설 자체가 탈세 목적,"상속세 부과 부당 소송 기각국무조정실 조세심판원은 “해외 비밀계좌 개설 자체에 탈세 목적이 내포돼 있다”는 이유로 범한진가(家) 2세들의 스위스은행 비밀계좌 등에 대한 거액의 상속세 부과는 정당하다고 판단했다. 해외 비밀계좌를 개설한 행위 자체에 탈세 목적이 있다고 본 심판원 결정례는 이번이 처음이다.13일 국민일보 취재를 종합하면 심판원은 한진가 상속인들이 국세청의 상속세 부과처분에 불복해 제기한 심판 청구를 기각하면서 “스위스 비밀계좌의 개설, 인출, 은닉 등 행위에 탈세 목적이 내포돼 있다”며 “탈세를 가능하게 하는 행위로 보기에도 사회통념상 무리가 없다”고 밝혔다. 해외은행에 비밀계좌를 만든 것 자체로 탈세 목적의 사기·부정행위라는 점이 추정된다는 취지다.상속인들은 처음에는 스위스 계좌의 존재 자체를 몰랐다는 입장을 취했다. 고의적으로 스위스 계좌를 상속재산으로 신고하지 않은 것이 곧 사기행위라는 국세청 주장은 사실과 다르며 ‘단순 신고 누락’일 뿐이라고 주장했다. 이들은 검찰이 2018년 10월 조양호 전 회장의 상속세 포탈 혐의를 공소시효 만료를 이유로 불기소하면서 ‘단순 무신고’라고 적은 점도 근거로 들었다.심판원은 이를 모두 기각했다. 서울남부지법이 2019년 6월 조남호 한진중공업 회장·조정호 메리츠금융지주 회장의 해외계좌 미신고 혐의를 유죄 선고하면서 “스위스 계좌의 존재를 충분히 인식하고 있었다”고 판시한 게 결정적인 근거가 됐다. 심판원은 조양호 전 회장의 불기소장에 대해서도 “국세 부과는 전문심리기관인 조세심판원이 독자 판단할 사안”이라며 “의미 없이 기재된 내용에 구속될 것은 아니다”고 말했다.상속인들은 공방에서 불리해지자 “조 전 명예회장의 사망 전 인출된 돈의 행방까지 알았다고 단정할 순 없다”며 첨예하게 맞섰다. 적어도 스위스 계좌에서 빠져나간 5000만 달러(약 580억원)에 대한 상속세 부과만큼은 납득할 수 없다는 취지였다.심판원은 그러나 조남호·조정호 회장의 유죄 판결문을 근거로 “스위스 계좌의 존재를 인지했으니 상속 개시 전 자금 인출 사실도 알았을 것으로 합리적으로 추정된다”고 말했다. 아울러 “조양호 회장은 조 전 명예회장이 숨지기 4년 전부터 후계자로 경영전반에 참여했다”며 “상속을 앞두고 스위스 계좌에서 수백억원이 인출된 사실을 몰랐다는 건 일반인의 상식에서 납득하기 어렵다”고 지적했다.상속인들은 조 전 명예회장이 살아 있을 때 일어난 일을 자신들의 사기행위로 보는 건 부당하다고도 항변했다. 하지만 심판원은 상속세법이 상속 개시 전 인출자금도 상속재산으로 추정하고 상속인이 사전에 인출재산의 존재를 확인할 의무가 있다며 국세청의 손을 들어줬다.익명의 한 세무전문가는 “심판원이 비밀계좌 개설에 그 자체로 탈세 목적이 있다고 본 건 이 사건이 처음”이라며 “향후 소송이 벌어질 경우 이를 세법상 사기행위로 볼 수 있는지 여부를 두고 치열한 공방이 벌어질 것”이라고 전망했다.구자창 손재호 기자 critic@kmib.co.kr▶ 네이버에서 국민일보를 구독하세요(클릭)▶ 국민일보 홈페이지 바로가기GoodNews paper ⓒ 국민일보(www.kmib.co.kr), 무단전재 및 수집, 재배포금지",상속세 부과 부당 소송 기각국무조정실 조세심판원은  해외 비밀계좌 개설 자체에 탈세 목적이 내포돼 있다 는 이유로 범한진가    2세들의 스위스은행 비밀계좌 등에 대한 거액의 상속세 부과는 정당하다고 판단했다. 해외 비밀계좌를 개설한 행위 자체에 탈세 목적이 있다고 본 심판원 결정례는 이번이 처음이다.13일 국민일보 취재를 종합하면 심판원은 한진가 상속인들이 국세청의 상속세 부과처분에 불복해 제기한 심판 청구를 기각하면서  스위스 비밀계좌의 개설  인출  은닉 등 행위에 탈세 목적이 내포돼 있다 며  탈세를 가능하게 하는 행위로 보기에도 사회통념상 무리가 없다 고 밝혔다. 해외은행에 비밀계좌를 만든 것 자체로 탈세 목적의 사기 부정행위라는 점이 추정된다는 취지다.상속인들은 처음에는 스위스 계좌의 존재 자체를 몰랐다는 입장을 취했다. 고의적으로 스위스 계좌를 상속재산으로 신고하지 않은 것이 곧 사기행위라는 국세청 주장은 사실과 다르며  단순 신고 누락 일 뿐이라고 주장했다. 이들은 검찰이 2018년 10월 조양호 전 회장의 상속세 포탈 혐의를 공소시효 만료를 이유로 불기소하면서  단순 무신고 라고 적은 점도 근거로 들었다.심판원은 이를 모두 기각했다. 서울남부지법이 2019년 6월 조남호 한진중공업 회장 조정호 메리츠금융지주 회장의 해외계좌 미신고 혐의를 유죄 선고하면서  스위스 계좌의 존재를 충분히 인식하고 있었다 고 판시한 게 결정적인 근거가 됐다. 심판원은 조양호 전 회장의 불기소장에 대해서도  국세 부과는 전문심리기관인 조세심판원이 독자 판단할 사안 이라며  의미 없이 기재된 내용에 구속될 것은 아니다 고 말했다.상속인들은 공방에서 불리해지자  조 전 명예회장의 사망 전 인출된 돈의 행방까지 알았다고 단정할 순 없다 며 첨예하게 맞섰다. 적어도 스위스 계좌에서 빠져나간 5000만 달러 약 580억원 에 대한 상속세 부과만큼은 납득할 수 없다는 취지였다.심판원은 그러나 조남호 조정호 회장의 유죄 판결문을 근거로  스위스 계좌의 존재를 인지했으니 상속 개시 전 자금 인출 사실도 알았을 것으로 합리적으로 추정된다 고 말했다. 아울러  조양호 회장은 조 전 명예회장이 숨지기 4년 전부터 후계자로 경영전반에 참여했다 며  상속을 앞두고 스위스 계좌에서 수백억원이 인출된 사실을 몰랐다는 건 일반인의 상식에서 납득하기 어렵다 고 지적했다.상속인들은 조 전 명예회장이 살아 있을 때 일어난 일을 자신들의 사기행위로 보는 건 부당하다고도 항변했다. 하지만 심판원은 상속세법이 상속 개시 전 인출자금도 상속재산으로 추정하고 상속인이 사전에 인출재산의 존재를 확인할 의무가 있다며 국세청의 손을 들어줬다.익명의 한 세무전문가는  심판원이 비밀계좌 개설에 그 자체로 탈세 목적이 있다고 본 건 이 사건이 처음 이라며  향후 소송이 벌어질 경우 이를 세법상 사기행위로 볼 수 있는지 여부를 두고 치열한 공방이 벌어질 것 이라고 전망했다.구자창 손재호 기자 critic kmib.co.kr  네이버에서 국민일보를 구독하세요 클릭   국민일보 홈페이지 GoodNews paper   국민일보 www.kmib.co.kr    및 수집  금지,-0.2000000029802322
17,2021-01-13,조세심판원  한진 에  852억원 내라 상속세 불복청구 기각,"한진가 2세, 상속세 불복 청구조세심판원, 2년 반만에 기각국세청 2018년 4월 상속세 부과범 한진가(家) 2세들이 선친인 조중훈 전 한진그룹 명예회장의 스위스은행 비밀계좌 등 해외자산에 부과된 상속세 852억원이 부당하다며 국무조정실 조세심판원에 제기한 심판에서 2년6개월 만에 패소했다.13일 국민일보 취재를 종합하면 조세심판원은 2018년 7월 조양호 전 한진그룹 회장 등 한진가 상속인 5명(조현숙 조양호 조남호 조수호 조정호)이 국세청의 상속세 부과처분에 불복해 제기한 심판청구를 지난달 30일 기각한 것으로 확인됐다.상속인들의 발목을 결정적으로 붙잡은 것은 조남호 한진중공업 회장과 조정호 메리츠금융지주 회장의 해외계좌 미신고 혐의 판결문이었다. 서울남부지법은 2019년 6월 이들이 조 전 명예회장의 사망 직후 스위스 계좌의 존재를 알고 있었다고 봤다. 상속인들은 조 전 명예회장 사망 전 인출된 5000만 달러(약 580억원)의 행방은 지금까지도 모른다고 했지만 받아들여지지 않았다.앞서 국세청은 2018년 4월 스위스 계좌 등에 상속·가산세로 852억원을 부과했다. 상속인들은 7월 심판원에 불복 심판을 제기했다. 이 재산들은 3남 조수호 전 한진해운 회장(2006년 11월 사망)의 배우자 최은영씨가 2017년 8월 상속재산 수정신고를 하면서 드러났다. 세무조사에 나선 국세청은 조 전 명예회장 사망 4개월 전인 2002년 7월 스위스 계좌에서 5000만 달러가 인출된 사실을 확인했다.상속인들은 스위스 계좌 존재를 2016년 무렵 알게 됐다고 항변했다. 국세청을 속이려 한 게 아니라 ‘단순 신고누락’이라는 취지였다. 조 전 명예회장은 2002년 11월 사망해 상속세 납부 의무는 6개월 뒤인 2003년 5월부터 발생했다. 이 주장대로라면 세법상 부과제척기간(과세할 수 있는 기한)은 10년이 적용돼 2013년 5월까지만 과세가 가능하다.반면 국세청은 상속인들이 탈세를 위해 의도적으로 신고하지 않았다고 봤다. 세법상 ‘해외거래에서 부정행위로 상속세를 포탈한 경우’이므로 부과제척기간은 15년으로 늘어 2018년 5월까지 과세할 수 있다는 게 국세청 입장이었다.상속인 측을 대리하는 법무법인 광장은 “진행 중인 건에 대해 확인해 드릴 수 있는 사항은 없다”고 말했다.손재호 구자창 기자 sayho@kmib.co.kr▶ 네이버에서 국민일보를 구독하세요(클릭)▶ 국민일보 홈페이지 바로가기GoodNews paper ⓒ 국민일보(www.kmib.co.kr), 무단전재 및 수집, 재배포금지",한진가 2세  상속세 불복 청구조세심판원  2년 반만에 기각국세청 2018년 4월 상속세 부과범 한진가    2세들이 선친인 조중훈 전 한진그룹 명예회장의 스위스은행 비밀계좌 등 해외자산에 부과된 상속세 852억원이 부당하다며 국무조정실 조세심판원에 제기한 심판에서 2년6개월 만에 패소했다.13일 국민일보 취재를 종합하면 조세심판원은 2018년 7월 조양호 전 한진그룹 회장 등 한진가 상속인 5명 조현숙 조양호 조남호 조수호 조정호 이 국세청의 상속세 부과처분에 불복해 제기한 심판청구를 지난달 30일 기각한 것으로 확인됐다.상속인들의 발목을 결정적으로 붙잡은 것은 조남호 한진중공업 회장과 조정호 메리츠금융지주 회장의 해외계좌 미신고 혐의 판결문이었다. 서울남부지법은 2019년 6월 이들이 조 전 명예회장의 사망 직후 스위스 계좌의 존재를 알고 있었다고 봤다. 상속인들은 조 전 명예회장 사망 전 인출된 5000만 달러 약 580억원 의 행방은 지금까지도 모른다고 했지만 받아들여지지 않았다.앞서 국세청은 2018년 4월 스위스 계좌 등에 상속 가산세로 852억원을 부과했다. 상속인들은 7월 심판원에 불복 심판을 제기했다. 이 재산들은 3남 조수호 전 한진해운 회장 2006년 11월 사망 의 배우자 최은영씨가 2017년 8월 상속재산 수정신고를 하면서 드러났다. 세무조사에 나선 국세청은 조 전 명예회장 사망 4개월 전인 2002년 7월 스위스 계좌에서 5000만 달러가 인출된 사실을 확인했다.상속인들은 스위스 계좌 존재를 2016년 무렵 알게 됐다고 항변했다. 국세청을 속이려 한 게 아니라  단순 신고누락 이라는 취지였다. 조 전 명예회장은 2002년 11월 사망해 상속세 납부 의무는 6개월 뒤인 2003년 5월부터 발생했다. 이 주장대로라면 세법상 부과제척기간 과세할 수 있는 기한 은 10년이 적용돼 2013년 5월까지만 과세가 가능하다.반면 국세청은 상속인들이 탈세를 위해 의도적으로 신고하지 않았다고 봤다. 세법상  해외거래에서 부정행위로 상속세를 포탈한 경우 이므로 부과제척기간은 15년으로 늘어 2018년 5월까지 과세할 수 있다는 게 국세청 입장이었다.상속인 측을 대리하는 법무법인 광장은  진행 중인 건에 대해 확인해 드릴 수 있는 사항은 없다 고 말했다.손재호 구자창 기자 sayho kmib.co.kr  네이버에서 국민일보를 구독하세요 클릭   국민일보 홈페이지 GoodNews paper   국민일보 www.kmib.co.kr    및 수집  금지,-0.1000000014901161
18,2021-01-13,조세심판원   한진  비밀계좌 개설 자체가 탈세목적,"해외비밀계좌 탈세목적 첫 결정상속인들 ‘계좌 존재 몰랐다’ 주장국무조정실 조세심판원은 “해외 비밀계좌 개설 자체에 탈세 목적이 내포돼 있다”는 이유로 범 한진가(家) 2세들의 스위스은행 비밀계좌 등에 대한 거액의 상속세 부과는 정당하다고 판단했다. 해외 비밀계좌를 개설한 행위 자체에 탈세 목적이 있다고 본 심판원 결정례는 이번이 처음이다.13일 국민일보 취재를 종합하면 심판원은 한진가 상속인들이 국세청의 상속세 부과처분에 불복해 제기한 심판 청구를 기각하면서 “스위스 비밀계좌의 개설, 인출, 은닉 등 행위에 탈세 목적이 내포돼 있다”며 “탈세를 가능하게 하는 행위로 보기에도 사회통념상 무리가 없다”고 밝혔다. 해외은행에 비밀계좌를 만든 것 자체로 탈세 목적의 사기·부정행위라는 점이 추정된다는 취지다.상속인들은 처음에는 스위스 계좌의 존재 자체를 몰랐다는 입장을 취했다. 고의적으로 스위스 계좌를 상속재산으로 신고하지 않은 것이 곧 사기행위라는 국세청 주장은 사실과 다르며 ‘단순 신고 누락’일 뿐이라고 주장했다. 이들은 검찰이 2018년 10월 조양호 전 회장의 상속세 포탈 혐의를 공소시효 만료를 이유로 불기소하면서 ‘단순 무신고’라고 적은 점도 근거로 들었다.심판원은 이를 모두 기각했다. 서울남부지법이 2019년 6월 조남호 한진중공업 회장·조정호 메리츠금융지주 회장의 해외계좌 미신고 혐의를 유죄 선고하면서 “스위스 계좌의 존재를 충분히 인식하고 있었다”고 판시한 게 결정적인 근거가 됐다. 심판원은 조양호 전 회장의 불기소장에 대해서도 “국세부과는 전문심리기관인 조세심판원이 독자 판단할 사안”이라며 “의미 없이 기재된 내용에 구속될 것은 아니다”고 말했다.상속인들은 공방에서 불리해지자 “조 전 명예회장의 사망 전 인출된 돈의 행방까지 알았다고 단정할 순 없다”며 첨예하게 맞섰다. 적어도 스위스 계좌에서 빠져나간 5000만 달러(약 580억원)에 대한 상속세 부과만큼은 납득할 수 없다는 취지였다.심판원은 그러나 조남호·조정호 회장의 유죄 판결문을 근거로 “스위스 계좌의 존재를 인지했으니 상속개시 전 자금인출 사실도 알았을 것으로 합리적으로 추정된다”고 말했다. 아울러 “조양호 회장은 조 전 명예회장이 숨지기 4년 전부터 후계자로 경영전반에 참여했다”며 “상속을 앞두고 스위스 계좌에서 수백억원이 인출된 사실이 몰랐다는 건 일반인의 상식에서 납득하기 어렵다”고 지적했다.상속인들은 조 전 명예회장이 살아 있을 때 일어난 일을 자신들의 사기행위로 보는 건 부당하다고도 항변했다. 하지만 심판원은 상속세법이 상속개시 전 인출자금도 상속재산으로 추정하고 상속인이 사전에 인출재산의 존재를 확인할 의무가 있다며 국세청의 손을 들어줬다.익명을 요구한 한 세무전문가는 “심판원이 비밀계좌 개설에 그 자체로 탈세 목적이 있다고 본 건 이 사건이 처음”이라며 “향후 소송이 벌어질 경우 이를 세법상 사기행위로 볼 수 있는지 여부를 두고 치열한 공방이 벌어질 것”이라고 전망했다.구자창 손재호 기자 critic@kmib.co.kr▶ 네이버에서 국민일보를 구독하세요(클릭)▶ 국민일보 홈페이지 바로가기GoodNews paper ⓒ 국민일보(www.kmib.co.kr), 무단전재 및 수집, 재배포금지",해외비밀계좌 탈세목적 첫 결정상속인들  계좌 존재 몰랐다  주장국무조정실 조세심판원은  해외 비밀계좌 개설 자체에 탈세 목적이 내포돼 있다 는 이유로 범 한진가    2세들의 스위스은행 비밀계좌 등에 대한 거액의 상속세 부과는 정당하다고 판단했다. 해외 비밀계좌를 개설한 행위 자체에 탈세 목적이 있다고 본 심판원 결정례는 이번이 처음이다.13일 국민일보 취재를 종합하면 심판원은 한진가 상속인들이 국세청의 상속세 부과처분에 불복해 제기한 심판 청구를 기각하면서  스위스 비밀계좌의 개설  인출  은닉 등 행위에 탈세 목적이 내포돼 있다 며  탈세를 가능하게 하는 행위로 보기에도 사회통념상 무리가 없다 고 밝혔다. 해외은행에 비밀계좌를 만든 것 자체로 탈세 목적의 사기 부정행위라는 점이 추정된다는 취지다.상속인들은 처음에는 스위스 계좌의 존재 자체를 몰랐다는 입장을 취했다. 고의적으로 스위스 계좌를 상속재산으로 신고하지 않은 것이 곧 사기행위라는 국세청 주장은 사실과 다르며  단순 신고 누락 일 뿐이라고 주장했다. 이들은 검찰이 2018년 10월 조양호 전 회장의 상속세 포탈 혐의를 공소시효 만료를 이유로 불기소하면서  단순 무신고 라고 적은 점도 근거로 들었다.심판원은 이를 모두 기각했다. 서울남부지법이 2019년 6월 조남호 한진중공업 회장 조정호 메리츠금융지주 회장의 해외계좌 미신고 혐의를 유죄 선고하면서  스위스 계좌의 존재를 충분히 인식하고 있었다 고 판시한 게 결정적인 근거가 됐다. 심판원은 조양호 전 회장의 불기소장에 대해서도  국세부과는 전문심리기관인 조세심판원이 독자 판단할 사안 이라며  의미 없이 기재된 내용에 구속될 것은 아니다 고 말했다.상속인들은 공방에서 불리해지자  조 전 명예회장의 사망 전 인출된 돈의 행방까지 알았다고 단정할 순 없다 며 첨예하게 맞섰다. 적어도 스위스 계좌에서 빠져나간 5000만 달러 약 580억원 에 대한 상속세 부과만큼은 납득할 수 없다는 취지였다.심판원은 그러나 조남호 조정호 회장의 유죄 판결문을 근거로  스위스 계좌의 존재를 인지했으니 상속개시 전 자금인출 사실도 알았을 것으로 합리적으로 추정된다 고 말했다. 아울러  조양호 회장은 조 전 명예회장이 숨지기 4년 전부터 후계자로 경영전반에 참여했다 며  상속을 앞두고 스위스 계좌에서 수백억원이 인출된 사실이 몰랐다는 건 일반인의 상식에서 납득하기 어렵다 고 지적했다.상속인들은 조 전 명예회장이 살아 있을 때 일어난 일을 자신들의 사기행위로 보는 건 부당하다고도 항변했다. 하지만 심판원은 상속세법이 상속개시 전 인출자금도 상속재산으로 추정하고 상속인이 사전에 인출재산의 존재를 확인할 의무가 있다며 국세청의 손을 들어줬다.익명을 요구한 한 세무전문가는  심판원이 비밀계좌 개설에 그 자체로 탈세 목적이 있다고 본 건 이 사건이 처음 이라며  향후 소송이 벌어질 경우 이를 세법상 사기행위로 볼 수 있는지 여부를 두고 치열한 공방이 벌어질 것 이라고 전망했다.구자창 손재호 기자 critic kmib.co.kr  네이버에서 국민일보를 구독하세요 클릭   국민일보 홈페이지 GoodNews paper   국민일보 www.kmib.co.kr    및 수집  금지,-0.2000000029802322
19,2021-09-28,상반기  배당금 최대 수령자  992억 받은 홍라희,"이재용 등 삼성가 3남매 3~5위삼성전자 배당금 전체 53% 달해올해 상반기(1∼6월) 기준 가장 많은 배당금을 받은 인물은 총 992억 원을 수령한 홍라희 전 리움미술관장인 것으로 드러났다. 이재용 삼성전자 부회장, 이부진 호텔신라 사장, 이서현 삼성복지재단 이사장 등 삼성 일가(一家)가 3∼5위로 높은 순위를 차지했다. 기업분석연구소 리더스인덱스는 국내 2323개 상장 기업 중 상반기 배당을 공시한 140개사의 배당 금액을 조사한 결과 총 9조3084억 원을 배당한 것으로 나타났다고 27일 밝혔다. 지난해 상반기 대비 배당 기업은 25개 줄었으나 배당 금액은 1조7748억 원(23.5%) 늘었다. 기업별로는 삼성전자가 상반기 국내 상장사 전체 배당 금액의 53%에 해당하는 4조9043억 원을 배당했다. 이어 KT&G 5956억 원, 포스코 5294억 원, 현대모비스 3701억 원, KB금융이 2922억 원을 배당했다. 개인 배당으로는 홍 전 관장에 이어 조정호 메리츠금융지주 회장이 870억 원을 받아 배당 수령액 2위에 올랐다. 3위는 이재용 부회장(704억 원), 4위 이부진 사장(400억 원), 5위 이서현 이사장(400억 원)이었다. 정몽준 아산재단 이사장(389억 원)과 정몽구 현대차그룹 명예회장(385억 원), 최태원 SK그룹 회장(194억 원) 등이 뒤를 이었다.",이재용 등 삼성가 3남매 3 5위삼성전자 배당금 전체 53  달해올해 상반기 1 6월  기준 가장 많은 배당금을 받은 인물은 총 992억 원을 수령한 홍라희 전 리움미술관장인 것으로 드러났다. 이재용 삼성전자 부회장  이부진 호텔신라 사장  이서현 삼성복지재단 이사장 등 삼성 일가    가 3 5위로 높은 순위를 차지했다. 기업분석연구소 리더스인덱스는 국내 2323개 상장 기업 중 상반기 배당을 공시한 140개사의 배당 금액을 조사한 결과 총 9조3084억 원을 배당한 것으로 나타났다고 27일 밝혔다. 지난해 상반기 대비 배당 기업은 25개 줄었으나 배당 금액은 1조7748억 원 23.5   늘었다. 기업별로는 삼성전자가 상반기 국내 상장사 전체 배당 금액의 53 에 해당하는 4조9043억 원을 배당했다. 이어 KT G 5956억 원  포스코 5294억 원  현대모비스 3701억 원  KB금융이 2922억 원을 배당했다. 개인 배당으로는 홍 전 관장에 이어 조정호 메리츠금융지주 회장이 870억 원을 받아 배당 수령액 2위에 올랐다. 3위는 이재용 부회장 704억 원   4위 이부진 사장 400억 원   5위 이서현 이사장 400억 원 이었다. 정몽준 아산재단 이사장 389억 원 과 정몽구 현대차그룹 명예회장 385억 원   최태원 SK그룹 회장 194억 원  등이 뒤를 이었다.,0.1000000014901161
20,2021-05-14,김정옥 별세 정호범 금복 모친상,"◇김정옥 씨 별세·정호범 금복 씨 모친상·지호 지윤 씨 성원 조선일보 강원주재기자 조모상=14일 강원 원주바른요양병원, 발인 16일 오전 8시 반 033-735-4444 ◇박석희 씨 별세·이형래 강동경희대병원장 장인상=13일 서울 강동경희대병원, 발인 16일 오전 7시 02-440-8912 ◇조옥주 씨 별세·장경하 TBN전북교통방송 편성제작국장 모친상=14일 전북 익산시 원광대병원, 발인 16일 오전 8시 063-859-1115 ◇조정환 씨 별세·희정 씨 민근 중앙일보 국제팀장 민우 인천지검 부부장 검사 부친상·이장호 국무조정실 생활SOC추진단 부단장 장인상·송현희 하나은행 차장 김지영 씨 시부상=14일 서울대병원, 발인 17일 오전 5시 02-2072-2010 ◇지의준 씨 별세·곽계숙 씨 남편상·관순 연세대 박사 영의 쿠키뉴스 기자 부친상=14일 서울 세브란스병원, 발인 16일 오전 9시 40분 02-2227-7600 ◇최운형 전 태광그룹 대표이사 별세·준혁 씨(자영업) 준호 씨(자영업) 희승 씨 부친상·김재윤 전 청와대 국정홍보비서관 장인상=14일 삼성서울병원, 발인 16일 오전 6시 02-3410-6989 ◇한재헌 전 신한은행 지점장 별세·정원 메리츠금융지주 상무 정우 엠에이치텍 부사장 부친상=14일 서울 강남세브란스병원, 발인 16일 오후 2시 02-2019-4005▶ 네이버에서 [동아일보] 채널 구독하기▶ 당신의 소중한 순간을 신문으로 만들어 드립니다▶ 멀티미디어 스토리텔링 ‘The Original’ⓒ 동아일보 & donga.com, 무단 전재 및 재배포 금지",김정옥 씨 별세 정호범 금복 씨 모친상 지호 지윤 씨 성원  강원주재기자 조모상 14일 강원 원주바른요양병원  발인 16일 오전 8시 반 033 735 4444  박석희 씨 별세 이형래 강동경희대병원장 장인상 13일 서울 강동경희대병원  발인 16일 오전 7시 02 440 8912  조옥주 씨 별세 장경하 TBN전북교통방송 편성제작국장 모친상 14일 전북 익산시 원광대병원  발인 16일 오전 8시 063 859 1115  조정환 씨 별세 희정 씨 민근 중앙일보 국제팀장 민우 인천지검 부부장 검사 부친상 이장호 국무조정실 생활SOC추진단 부단장 장인상 송현희 하나은행 차장 김지영 씨 시부상 14일 서울대병원  발인 17일 오전 5시 02 2072 2010  지의준 씨 별세 곽계숙 씨 남편상 관순 연세대 박사 영의 쿠키뉴스 기자 부친상 14일 서울 세브란스병원  발인 16일 오전 9시 40분 02 2227 7600  최운형 전 태광그룹 대표이사 별세 준혁 씨 자영업  준호 씨 자영업  희승 씨 부친상 김재윤 전 청와대 국정홍보비서관 장인상 14일 삼성서울병원  발인 16일 오전 6시 02 3410 6989  한재헌 전 신한은행 지점장 별세 정원 메리츠금융지주 상무 정우 엠에이치텍 부사장 부친상 14일 서울 강남세브란스병원  발인 16일 오후 2시 02 2019 4005  네이버에서  채널   당신의 소중한 순간을 신문으로 만들어 드립니다  멀티미디어 스토리텔링  The Original      donga.com  무단 전재 및  금지,0.0
21,2021-02-18,반도체 빼면 작년 대기업 영업이익 10  줄어,"조선-車-철강 등 각 1조이상 감소반도체 산업을 뺀 국내 주요 대기업의 지난해 영업이익은 전년 대비 10%가량 하락한 것으로 나타났다. 특히 조선·기계·설비, 자동차·부품, 철강 업종의 영업이익은 업종마다 1조 원 이상 하락한 것으로 조사됐다.  기업평가사이트 CEO스코어가 17일 국내 시가총액 500대 기업 중 지난해 실적을 공개한 326개 기업의 매출과 영업이익을 조사한 결과 2019년보다 매출은 0.04%, 영업이익은 0.6% 증가한 것으로 집계됐다. 같은 기간 단기순이익은 8.3% 증가했다. 하지만 반도체 기업인 삼성전자와 SK하이닉스를 빼고 보면 상황이 달라진다. 두 회사를 뺀 324개 기업의 매출은 2019년보다 0.6% 감소했고, 영업이익과 당기순이익도 같은 기간 10.2%, 2.1%씩 줄어든 것으로 확인됐다.  코로나19 확산에 따른 영향은 업종마다 큰 차이를 보였다. 22개 업종 가운데 정보기술(IT), 증권 등 11개 업종의 영업이익은 늘어난 반면에 조선 및 자동차 등 11개 업종의 영업이익은 줄었다. 삼성전자, SK하이닉스를 필두로 한 IT·전기전자 업종은 영업이익이 13조3923억 원 늘었다. 증권, 보험, 식음료 업종도 각각 1조 원이 넘는 영업이익 증가를 보였다. 반면 그룹 지주사 34곳의 영업이익은 2019년보다 10조2069억 원이나 줄어든 것으로 나타났다. 조선·기계·설비, 자동차·부품, 철강, 공기업 업종의 영업이익도 1조 원 이상 감소했다. 1조 원 이상 영업이익을 올린 기업은 2019년 26곳에서 지난해 25곳으로 줄었다. SK, SK이노베이션, GS, 두산, 두산중공업, 롯데케미칼 등 6곳이 빠졌고 LG화학, 메리츠금융지주, CJ제일제당, 미래에셋대우, 삼성화재 등 5곳이 새롭게 합류했다.홍석호 기자 will@donga.com ▶ 네이버에서 [동아일보] 채널 구독하기▶ 영원한 이별 앞에서 ‘환생’의 문을 열다▶ 멀티미디어 스토리텔링 ‘The Original’ⓒ 동아일보 & donga.com, 무단 전재 및 재배포 금지",조선   철강 등 각 1조이상 감소반도체 산업을 뺀 국내 주요 대기업의 지난해 영업이익은 전년 대비 10 가량 하락한 것으로 나타났다. 특히 조선 기계 설비  자동차 부품  철강 업종의 영업이익은 업종마다 1조 원 이상 하락한 것으로 조사됐다.  기업평가사이트 CEO스코어가 17일 국내 시가총액 500대 기업 중 지난해 실적을 공개한 326개 기업의 매출과 영업이익을 조사한 결과 2019년보다 매출은 0.04   영업이익은 0.6  증가한 것으로 집계됐다. 같은 기간 단기순이익은 8.3  증가했다. 하지만 반도체 기업인 삼성전자와 SK하이닉스를 빼고 보면 상황이 달라진다. 두 회사를 뺀 324개 기업의 매출은 2019년보다 0.6  감소했고  영업이익과 당기순이익도 같은 기간 10.2   2.1 씩 줄어든 것으로 확인됐다.  코로나19 확산에 따른 영향은 업종마다 큰 차이를 보였다. 22개 업종 가운데 정보기술 IT   증권 등 11개 업종의 영업이익은 늘어난 반면에 조선 및 자동차 등 11개 업종의 영업이익은 줄었다. 삼성전자  SK하이닉스를 필두로 한 IT 전기전자 업종은 영업이익이 13조3923억 원 늘었다. 증권  보험  식음료 업종도 각각 1조 원이 넘는 영업이익 증가를 보였다. 반면 그룹 지주사 34곳의 영업이익은 2019년보다 10조2069억 원이나 줄어든 것으로 나타났다. 조선 기계 설비  자동차 부품  철강  공기업 업종의 영업이익도 1조 원 이상 감소했다. 1조 원 이상 영업이익을 올린 기업은 2019년 26곳에서 지난해 25곳으로 줄었다. SK  SK이노베이션  GS  두산  두산중공업  롯데케미칼 등 6곳이 빠졌고 LG화학  메리츠금융지주  CJ제일제당  미래에셋대우  삼성화재 등 5곳이 새롭게 합류했다.홍석호 기,0.0
22,2021-02-17,반도체 빼면 지난해 대기업 실적 뒷걸음 영업이익 10  감소,"반도체 산업을 뺀 국내 주요 대기업의 지난해 영업이익은 전년대비 10%가량 하락한 것으로 나타났다. 특히 조선·기계·설비, 자동차·부품, 철강 업종의 영업이익은 업종마다 1조 원 이상 하락한 것으로 조사됐다.   기업평가사이트 CEO스코어가 17일 국내 시가총액 500대 기업 중 지난해 실적을 공개한 326개 기업의 매출과 영업이익을 조사한 결과 2019년보다 매출은 0.04%, 영업이익은 0.6% 증가한 것으로 집계됐다. 같은 기간 단기순이익은 8.3% 증가했다.  하지만 반도체기업인 삼성전자와 SK하이닉스를 빼고 보면 상황이 달라졌다. 두 회사를 뺀 324개 기업의 매출은 2019년보다 0.6% 감소했고, 영업이익과 당기순이익도 같은 기간 10.2%, 2.1%씩 줄어든 것으로 확인됐다.   코로나19 확산에 따른 영향은 업종마다 큰 차이를 보였다. 22개 업종 가운데 정보기술(IT), 증권 등 11개 업종의 영업이익은 늘어난 반면, 조선 및 자동차 등 11개 업종의 영업이익은 줄었다. 삼성전자, SK하이닉스를 필두로 한 정보기술(IT)·전기전자 업종은 영업이익이 13조3923억 원 늘었다. 증권, 보험, 식음료 업종도 각각 1조 원이 넘는 영업이익 증가를 보였다.  반면 그룹 지주사 34곳의 영업이익은 2019년보다 10조2069억 원이나 줄어든 것으로 나타났다. 조선·기계·설비, 자동차·부품, 철강, 공기업 업종의 영업이익도 1조 원 이상 감소했다.  1조 원 이상 영업이익을 올린 기업은 2019년 26곳에서 지난해 25곳으로 줄었다. SK, SK이노베이션, GS, 두산, 롯데케미칼 등 6곳이 빠졌고 LG화학, 메리츠금융지주, CJ제일제당, 미래에셋대우, 삼성화재 등 5곳이 새롭게 합류했다. 홍석호기자 will@donga.com▶ 네이버에서 [동아일보] 채널 구독하기▶ 영원한 이별 앞에서 ‘환생’의 문을 열다▶ 멀티미디어 스토리텔링 ‘The Original’ⓒ 동아일보 & donga.com, 무단 전재 및 재배포 금지",반도체 산업을 뺀 국내 주요 대기업의 지난해 영업이익은 전년대비 10 가량 하락한 것으로 나타났다. 특히 조선 기계 설비  자동차 부품  철강 업종의 영업이익은 업종마다 1조 원 이상 하락한 것으로 조사됐다.   기업평가사이트 CEO스코어가 17일 국내 시가총액 500대 기업 중 지난해 실적을 공개한 326개 기업의 매출과 영업이익을 조사한 결과 2019년보다 매출은 0.04   영업이익은 0.6  증가한 것으로 집계됐다. 같은 기간 단기순이익은 8.3  증가했다.  하지만 반도체기업인 삼성전자와 SK하이닉스를 빼고 보면 상황이 달라졌다. 두 회사를 뺀 324개 기업의 매출은 2019년보다 0.6  감소했고  영업이익과 당기순이익도 같은 기간 10.2   2.1 씩 줄어든 것으로 확인됐다.   코로나19 확산에 따른 영향은 업종마다 큰 차이를 보였다. 22개 업종 가운데 정보기술 IT   증권 등 11개 업종의 영업이익은 늘어난 반면  조선 및 자동차 등 11개 업종의 영업이익은 줄었다. 삼성전자  SK하이닉스를 필두로 한 정보기술 IT  전기전자 업종은 영업이익이 13조3923억 원 늘었다. 증권  보험  식음료 업종도 각각 1조 원이 넘는 영업이익 증가를 보였다.  반면 그룹 지주사 34곳의 영업이익은 2019년보다 10조2069억 원이나 줄어든 것으로 나타났다. 조선 기계 설비  자동차 부품  철강  공기업 업종의 영업이익도 1조 원 이상 감소했다.  1조 원 이상 영업이익을 올린 기업은 2019년 26곳에서 지난해 25곳으로 줄었다. SK  SK이노베이션  GS  두산  롯데케미칼 등 6곳이 빠졌고 LG화학  메리츠금융지주  CJ제일제당  미래에셋대우  삼성화재 등 5곳이 새롭게 합류했다. 홍,0.0
23,2021-05-14,5월 15일 궂긴 소식,"◆ 김정옥씨 별세: 정호범 금복씨 모친, 정지호 정지윤 정성원(<조선일보> 강원주재기자)씨 조모=14일 오전 6시29분 원주시 바른요양병원. 발인 16일 오전 8시30분. (033)735-4444.◆ 최운형(전 태광그룹 대표이사)씨 별세: 준혁(개인사업) 준호(개인사업) 희승씨 부친, 김재윤(전 청와대 국정홍보비서관)씨 장인=14일 오전 3시30분 삼성서울병원. 발인 16일 오전 6시. (02)3410-6989.◆ 강보선(한국예탁결제원 인사부 수석위원, 전 한국예탁결제원 투자지원본부장)씨 별세=13일 오후 4시40분 서울성모병원. 발인 15일 오전 11시30분. (02)2258-5919.◆ 노한성(전 옥천 안남초 교장)씨 별세: 경애 경숙 경선 경남 경옥 경진씨 부친, 임상빈 김기배 김순구(전 한국감정평가사협회 회장) 홍영표씨 장인=13일 오후 9시15분 삼성서울병원. 발인 15일 오전 8시45분. (02)3410-6901.◆ 박석희씨 별세: 이형래(강동경희대병원 의대병원장)씨 장인=13일 오후 6시 강동경희대병원. 발인 16일 오전 7시. (02)440-8912.◆ 한재헌(전 신한은행 지점장)씨 별세: 정원(메리츠금융지주 상무) 정우(엠에이치텍 부사장)씨 부친=14일 강남세브란스병원. 발인 16일 오후 2시. (02)2019-4005. ◆ 지의준씨 별세: 곽계숙씨 남편, 관순(연세대 박사) 영의(<쿠키뉴스> 기자)씨 부친=14일 낮 12시15분 연세대세브란스병원. 발인 16일 오후 2시. (02)2227-7600.◆ 조정환씨 별세: 희정 민근(<중앙일보> 국제팀장) 민우(인천지검 부부장 검사)씨 부친, 이장호(국무조정실 생활SOC추진단 부단장)씨 장인, 송현희(하나은행 차장) 김지영씨 시부=14일 오후 1시 서울대병원. 발인 17일 오전 5시. (02)2072-2011.▶더불어 행복한 세상을 만드는 언론, 한겨레 구독하세요!▶부동산정책 기사 보기▶코로나19 기사 보기[ⓒ한겨레신문 : 무단전재 및 재배포 금지]",김정옥씨 별세  정호범 금복씨 모친  정지호 정지윤 정성원    강원주재기자 씨 조모 14일 오전 6시29분 원주시 바른요양병원. 발인 16일 오전 8시30분.  033 735 4444.  최운형 전 태광그룹 대표이사 씨 별세  준혁 개인사업  준호 개인사업  희승씨 부친  김재윤 전 청와대 국정홍보비서관 씨 장인 14일 오전 3시30분 삼성서울병원. 발인 16일 오전 6시.  02 3410 6989.  강보선 한국예탁결제원 인사부 수석위원  전 한국예탁결제원 투자지원본부장 씨 별세 13일 오후 4시40분 서울성모병원. 발인 15일 오전 11시30분.  02 2258 5919.  노한성 전 옥천 안남초 교장 씨 별세  경애 경숙 경선 경남 경옥 경진씨 부친  임상빈 김기배 김순구 전 한국감정평가사협회 회장  홍영표씨 장인 13일 오후 9시15분 삼성서울병원. 발인 15일 오전 8시45분.  02 3410 6901.  박석희씨 별세  이형래 강동경희대병원 의대병원장 씨 장인 13일 오후 6시 강동경희대병원. 발인 16일 오전 7시.  02 440 8912.  한재헌 전 신한은행 지점장 씨 별세  정원 메리츠금융지주 상무  정우 엠에이치텍 부사장 씨 부친 14일 강남세브란스병원. 발인 16일 오후 2시.  02 2019 4005.   지의준씨 별세  곽계숙씨 남편  관순 연세대 박사  영의  쿠키뉴스  기자 씨 부친 14일 낮 12시15분 연세대세브란스병원. 발인 16일 오후 2시.  02 2227 7600.  조정환씨 별세  희정 민근  중앙일보  국제팀장  민우 인천지검 부부장 검사 씨 부친  이장호 국무조정실 생활SOC추진단 부단장 씨 장인  송현희 하나은행 차장  김지영씨 시부 14일 오후 1시 서울대병원. 발인 17일 오전 5시.  02 2072 2011. 더불어 행복한 세상을 만드는 언론   구독하세요  부동산정책 기사 보기 코로나19 기사 보기,0.0
24,2021-11-26,카카오페이  18  오르며 20만원 첫돌파,"코스피200지수 편입 효과							카카오페이가 25일 코스피200지수 편입에 힘입어 18% 넘게 오르며 상장 후 처음으로 20만원 선을 돌파했다. 이날 카카오페이는 전날보다 18.31% 급등한 21만6500원으로 마감했다.한국거래소는 전날 장 마감 후 다음 달 9일 반영될 코스피200 정기 변경 내용을 공개했다. 카카오페이·현대중공업·메리츠금융지주·PI첨단소재·에스엘·명신산업이 편입됐고, 이노션·F&F홀딩스·일양약품·LX하우시스·LX홀딩스·삼양식품·롯데하이마트 등이 제외됐다.코스피200에 편입되면 이 지수에 따라 운용되는 간접투자(패시브) 자금 30조~80조원 가운데 일부가 유입돼 주가에 호재로 작용한다. 유안타증권은 카카오페이의 편입 비중이 0.7% 수준으로 5000억원 정도의 순매수(매수가 매도보다 많은 것)가 유입될 것으로 전망했다.다른 종목들의 편입 비율은 메리츠금융지주가 0.1%(750억원), 현대중공업 0.09%(651억원), PI첨단소재 0.06%(437억원), 에스엘 0.05%(329억원), 명신산업 0.04%(321억원)로 예상됐다.",코스피200지수 편입 효과       카카오페이가 25일 코스피200지수 편입에 힘입어 18  넘게 오르며 상장 후 처음으로 20만원 선을 돌파했다. 이날 카카오페이는 전날보다 18.31  급등한 21만6500원으로 마감했다.한국거래소는 전날 장 마감 후 다음 달 9일 반영될 코스피200 정기 변경 내용을 공개했다. 카카오페이 현대중공업 메리츠금융지주 PI첨단소재 에스엘 명신산업이 편입됐고  이노션 F F홀딩스 일양약품 LX하우시스 LX홀딩스 삼양식품 롯데하이마트 등이 제외됐다.코스피200에 편입되면 이 지수에 따라 운용되는 간접투자 패시브  자금 30조 80조원 가운데 일부가 유입돼 주가에 호재로 작용한다. 유안타증권은 카카오페이의 편입 비중이 0.7  수준으로 5000억원 정도의 순매수 매수가 매도보다 많은 것 가 유입될 것으로 전망했다.다른 종목들의 편입 비율은 메리츠금융지주가 0.1  750억원   현대중공업 0.09  651억원   PI첨단소재 0.06  437억원   에스엘 0.05  329억원   명신산업 0.04  321억원 로 예상됐다.,0.1000000014901161
25,2021-11-19,NFT 열풍에  최태원 김택진 제치고 주식부자 10위 오른 이 남자,"코스닥 게임 기업 위메이드  박관호 의장20년 만에 코스닥 거래액, 코스피 추월NFT·메타버스 관련주 코스닥 많아										코스닥 거래 대금이 코스피를 추월했다. NFT(대체 불가 토큰·Non-Fungible Token), 메타버스 열풍이 불면서 관련 기업들의 주가가 급등하고 있기 때문이다. 코스닥 중소형주인 경우가 많은데, 대주주들의 주식 평가액도 크게 뛰면서 주식 부호 순위까지 바뀌고 있다.NFT는 블록체인 기술을 활용해 고유 번호를 부여한 단 하나의 파일을 말한다. 소유권 증명서로 NFT 기술을 활용하면 디지털 예술 작품이나 기념품 등을 개인이 소유하고 거래할 수 있다. 메타버스는 가상현실 세계를 만들어 게임이나 각종 서비스 제공, 거래 등을 현실처럼 할 수 있도록 하는 것이다.◇이달 들어 코스닥이 코스피 추월이달 들어 거래 대금에서 코스닥이 코스피를 앞서기 시작했다. 21일 한국거래소에 따르면, 11월 들어 지난 19일까지 일평균 거래액이 코스피 (11조2438억원)보다 코스닥(12조3576억원)이 많다. 월간 기준으로 코스닥 일평균 거래액이 코스피를 넘어선 것은 2001년 10월이 마지막이었다. 현 추세가 이어지면 20년 만에 ‘동생’ 코스닥이 ‘형님’ 코스피를 넘어선다.그래픽=송윤혜										연초 40조원대까지 치솟았던 코스피 하루 거래 규모는 이달 들어 9조원대까지 줄어들었다. 반면, 코스닥은 지난 17일에는 16조원을 넘었다.이 같은 거래액 역전 현상은 코스피보다 코스닥 상승률이 높았기 때문이다. 지난 1~19일 코스피는 2970.68에서 2971.02로 0.01% 오른 데 그쳤지만, 코스닥 지수는 992.33에서 1041.92로 5% 상승했다. 디지털콘텐츠(28.9%), IT소프트웨어(21.3%), 오락·문화(14%) 등 업종의 상승률이 높았다. 개별 종목으로는 게임빌(109%), 갤럭시아머니트리(103%) 등이 100% 이상 급등했다. 카카오게임즈(34.7%), 컴투스(31.1%), 펄어비스(29.9%), 위메이드(29.7%) 등 코스닥 시가총액 대형 종목들도 NFT·메타버스와 연관되면서 크게 올랐다.전통적인 대형주들의 이익 전망이 최근 몇 개월간 정체되면서 투자자들의 관심은 NFT·메타버스 등 신기술로 계속 옮겨가고 있다. 하나금융투자는 “내년 실적 추정치가 급격히 하향 조정되는 상황에서 새로운 성장 동력에 기대가 커지면서 코스닥의 상대적 강세 분위기는 이어질 것”이라고 전망했다.◇주식 부자 서열도 뒤흔드는 NFT위메이드엔터테인먼트 박관호 대표가 서울 구로디지털단지에 있는 사무실에서 “올해 매출 1000억원을 넘기고 영업이익 600억원을 달성하겠다”고 말했다.										코스닥 상장 게임사인 위메이드 박관호 의장은 보유 지분 평가액이 3조3602억원으로 국내 주식 부호 10위에 올랐다. 금융 정보 업체 에프앤가이드가 지난 18일 종가 기준으로 국내 상장사 주식을 보유한 개인 1만7961명의 지분 평가액을 조사한 결과다. 장병규 크래프톤 의장(3조8161억원·8위)에 이은 게임업계 2위였다. 김대일 펄어비스 의장(3조3020억원·11위), 방준혁 넷마블 의장(2조7777억원·16위), 김택진 엔씨소프트 대표(1조9972억원) 등 기존 게임업체 대주주들은 물론이고 조정호 메리츠금융지주 회장(3조2831억원), 최태원 SK회장(3조1995억원) 등도 제쳤다.위메이드는 ‘미르4′ 모바일 다중접속역할수행게임(MMORPG)을 흥행시키며 주가가 급등했다. NFT로 만든 게임 아이템을 돈을 받고 거래할 수 있게 하는 ‘플레이투언’(Play-to-Earn·게임을 하면서 돈을 버는 것) 방식을 적용했다. 최근 3개월 코스피와 코스닥에서 상승률이 가장 높은 종목 1위는 위메이드(493.9%), 2위는 위메이드의 블록체인 게임 개발 자회사 위메이드맥스(462.4%)였다. 이에 따라 박 의장의 위메이드 보유 지분 가치는 지난 8월 18일 5652억원에서 최근 3개월간 495% 폭등했다.게임빌, 웹젠, 컴투스, 펄어비스, 엔씨소프트, 카카오게임즈 등 다른 게임사들도 NFT 게임 출시 계획을 발표하며 주가가 상승세를 보이고 있다. 이에 따라 송병준 게임빌·컴투스 의장(3497억원·95위), 이준호 NHN 의장(3366억원·96위) 등도 주식 부호 100위 안에 새로 이름을 올렸다.",코스닥 게임 기업 위메이드  박관호 의장20년 만에 코스닥 거래액  코스피 추월NFT 메타버스 관련주 코스닥 많아          코스닥 거래 대금이 코스피를 추월했다. NFT 대체 불가 토큰 Non Fungible Token   메타버스 열풍이 불면서 관련 기업들의 주가가 급등하고 있기 때문이다. 코스닥 중소형주인 경우가 많은데  대주주들의 주식 평가액도 크게 뛰면서 주식 부호 순위까지 바뀌고 있다.NFT는 블록체인 기술을 활용해 고유 번호를 부여한 단 하나의 파일을 말한다. 소유권 증명서로 NFT 기술을 활용하면 디지털 예술 작품이나 기념품 등을 개인이 소유하고 거래할 수 있다. 메타버스는 가상현실 세계를 만들어 게임이나 각종 서비스 제공  거래 등을 현실처럼 할 수 있도록 하는 것이다. 이달 들어 코스닥이 코스피 추월이달 들어 거래 대금에서 코스닥이 코스피를 앞서기 시작했다. 21일 한국거래소에 따르면  11월 들어 지난 19일까지 일평균 거래액이 코스피  11조2438억원 보다 코스닥 12조3576억원 이 많다. 월간 기준으로 코스닥 일평균 거래액이 코스피를 넘어선 것은 2001년 10월이 마지막이었다. 현 추세가 이어지면 20년 만에  동생  코스닥이  형님  코스피를 넘어선다.그래픽 송윤혜          연초 40조원대까지 치솟았던 코스피 하루 거래 규모는 이달 들어 9조원대까지 줄어들었다. 반면  코스닥은 지난 17일에는 16조원을 넘었다.이 같은 거래액 역전 현상은 코스피보다 코스닥 상승률이 높았기 때문이다. 지난 1 19일 코스피는 2970.68에서 2971.02로 0.01  오른 데 그쳤지만  코스닥 지수는 992.33에서 1041.92로 5  상승했다. 디지털콘텐츠 28.9    IT소프트웨어 21.3    오락 문화 14   등 업종의 상승률이 높았다. 개별 종목으로는 게임빌 109    갤럭시아머니트리 103   등이 100  이상 급등했다. 카카오게임즈 34.7    컴투스 31.1    펄어비스 29.9    위메이드 29.7   등 코스닥 시가총액 대형 종목들도 NFT 메타버스와 연관되면서 크게 올랐다.전통적인 대형주들의 이익 전망이 최근 몇 개월간 정체되면서 투자자들의 관심은 NFT 메타버스 등 신기술로 계속 옮겨가고 있다. 하나금융투자는  내년 실적 추정치가 급격히 하향 조정되는 상황에서 새로운 성장 동력에 기대가 커지면서 코스닥의 상대적 강세 분위기는 이어질 것 이라고 전망했다. 주식 부자 서열도 뒤흔드는 NFT위메이드엔터테인먼트 박관호 대표가 서울 구로디지털단지에 있는 사무실에서  올해 매출 1000억원을 넘기고 영업이익 600억원을 달성하겠다 고 말했다.          코스닥 상장 게임사인 위메이드 박관호 의장은 보유 지분 평가액이 3조3602억원으로 국내 주식 부호 10위에 올랐다. 금융 정보 업체 에프앤가이드가 지난 18일 종가 기준으로 국내 상장사 주식을 보유한 개인 1만7961명의 지분 평가액을 조사한 결과다. 장병규 크래프톤 의장 3조8161억원 8위 에 이은 게임업계 2위였다. 김대일 펄어비스 의장 3조3020억원 11위   방준혁 넷마블 의장 2조7777억원 16위   김택진 엔씨소프트 대표 1조9972억원  등 기존 게임업체 대주주들은 물론이고 조정호 메리츠금융지주 회장 3조2831억원   최태원 SK회장 3조1995억원  등도 제쳤다.위메이드는  미르4  모바일 다중접속역할수행게임 MMORPG 을 흥행시키며 주가가 급등했다. NFT로 만든 게임 아이템을 돈을 받고 거래할 수 있게 하는  플레이투언  Play to Earn 게임을 하면서 돈을 버는 것  방식을 적용했다. 최근 3개월 코스피와 코스닥에서 상승률이 가장 높은 종목 1위는 위메이드 493.9    2위는 위메이드의 블록체인 게임 개발 자회사 위메이드맥스 462.4  였다. 이에 따라 박 의장의 위메이드 보유 지분 가치는 지난 8월 18일 5652억원에서 최근 3개월간 495  폭등했다.게임빌  웹젠  컴투스  펄어비스  엔씨소프트  카카오게임즈 등 다른 게임사들도 NFT 게임 출시 계획을 발표하며 주가가 상승세를 보이고 있다. 이에 따라 송병준 게임빌 컴투스 의장 3497억원 95위   이준호 NHN 의장 3366억원 96위  등도 주식 부호 100위 안에 새로 이름을 올렸다.,0.1000000014901161
26,2021-11-18,카카오페이  코스피200 편입 불확실 알리페이 지분이 관건,"다음 달에 있을 코스피200 지수 정기 변경에서 카카오페이의 특례 편입이 불확실하다는 전망이 제기됐다. 원래 신규 상장 종목은 상장일로부터 15거래일간 하루 평균 시가총액이 보통주 상위 50위 이내에 들면 코스피200 특례 편입 심사를 받을 수 있다. 코스피200에 편입되면 이 지수에 따라 운용되는 간접투자(패시브) 자금 30조~80조원 가운데 일부가 유입돼 주가 추가 상승이 기대된다. 그러나 카카오페이가 특례 편입을 못 할 경우 이러한 효과를 보기 어려워진다. 그동안 증권사들은 코스피200 지수 정기 변경에서 메리츠금융지주·에스엘·현대중공업·카카오페이 등 4개 종목이 새로 편입될 것으로 전망해 왔다.18일 유안타증권은 “카카오페이는 코스피200 특례 편입에서 시총 요건은 충족하지만, 알리페이 지분을 어떻게 적용하느냐가 관건”이라고 지적했다. 알리페이는 중국 최대 전자상거래 업체인 알리바바 그룹의 전자금융거래 손자 회사로 카카오페이 지분 39.1%를 소유한 2대 주주다.유안타증권은 “알리페이의 지분을 (매매가 제한돼 있거나 사실상 유통이 되지 않는) 고정주식으로 분류하면 카카오페이의 유동주식은 개인주주와 보호예수를 신청하지 않은 기관 주주에 한정된다”며 “이럴 경우 유동주식 비율 10% 이상인 코스피200 편입 조건을 충족하지 못하게 된다”고 봤다. 알리페이가 가진 카카오페이 지분 중 10.7%에 대해서는 처분이 제한되는 보호예수가 적용되고, 나머지 28.4%는 상장 후 매도 가능한 지분으로 분류된다.유안타증권은 “(알리페이 지분 전량을 고정주식으로 보면 카카오페이의) 실질적인 유동 물량이 7% 수준으로 극히 작아 편입에 부정적으로 검토될 것이다”며 “편입 실패 가능성을 열어둬야 한다”고 덧붙였다.지난 3일 상장한 카카오페이는 11일 저점(14만5000원)을 기록한 뒤 코스피200 편입 기대감에 힘입어 18일 17만3500원까지 올랐다.",다음 달에 있을 코스피200 지수 정기 변경에서 카카오페이의 특례 편입이 불확실하다는 전망이 제기됐다. 원래 신규 상장 종목은 상장일로부터 15거래일간 하루 평균 시가총액이 보통주 상위 50위 이내에 들면 코스피200 특례 편입 심사를 받을 수 있다. 코스피200에 편입되면 이 지수에 따라 운용되는 간접투자 패시브  자금 30조 80조원 가운데 일부가 유입돼 주가 추가 상승이 기대된다. 그러나 카카오페이가 특례 편입을 못 할 경우 이러한 효과를 보기 어려워진다. 그동안 증권사들은 코스피200 지수 정기 변경에서 메리츠금융지주 에스엘 현대중공업 카카오페이 등 4개 종목이 새로 편입될 것으로 전망해 왔다.18일 유안타증권은  카카오페이는 코스피200 특례 편입에서 시총 요건은 충족하지만  알리페이 지분을 어떻게 적용하느냐가 관건 이라고 지적했다. 알리페이는 중국 최대 전자상거래 업체인 알리바바 그룹의 전자금융거래 손자 회사로 카카오페이 지분 39.1 를 소유한 2대 주주다.유안타증권은  알리페이의 지분을  매매가 제한돼 있거나 사실상 유통이 되지 않는  고정주식으로 분류하면 카카오페이의 유동주식은 개인주주와 보호예수를 신청하지 않은 기관 주주에 한정된다 며  이럴 경우 유동주식 비율 10  이상인 코스피200 편입 조건을 충족하지 못하게 된다 고 봤다. 알리페이가 가진 카카오페이 지분 중 10.7 에 대해서는 처분이 제한되는 보호예수가 적용되고  나머지 28.4 는 상장 후 매도 가능한 지분으로 분류된다.유안타증권은   알리페이 지분 전량을 고정주식으로 보면 카카오페이의  실질적인 유동 물량이 7  수준으로 극히 작아 편입에 부정적으로 검토될 것이다 며  편입 실패 가능성을 열어둬야 한다 고 덧붙였다.지난 3일 상장한 카카오페이는 11일 저점 14만5000원 을 기록한 뒤 코스피200 편입 기대감에 힘입어 18일 17만3500원까지 올랐다.,0.0
27,2021-09-27,올 상반기 배당부자 1위 홍라희...이재용 제치고  2위 오른 사람은,"조정호 메리츠금융 회장 2위3위 이재용, 이부진·이서현 順										올해 상반기 국내 상장사 배당 총액은 9조3000억원으로, 그중 절반 이상이 삼성전자 배당액인 것으로 집계됐다. 개인 배당 순위에선 홍라희 전 리움미술관장과 이재용 삼성전자 부회장, 이부진 호텔신라 사장, 이서현 삼성복지재단 이사장 등 삼성 오너가(家) 4명이 차례대로 1위 및 3~5위에 올랐다.기업분석연구소 리더스인덱스는 27일 “2323개 상장사 중 상반기 배당 공시를 한 140사의 배당액을 조사한 결과, 올해 상반기 배당액은 총 9조3084억원이었다”고 밝혔다.기업별로는 삼성전자가 4조9043억원을 배당해 전체 53%를 차지했다. 이어 KT&G(5956억원), 포스코(5294억원), 현대모비스(3701억원), KB금융(2922억원) 순으로 배당액이 많았다. 배당 총액 1000억원을 넘긴 14사 중 6곳이 4대 금융지주(KB·신한·하나·우리)와 메리츠화재, 메리츠금융지주 등 금융사였다.조정호 메리츠금융지주 회장/사진=연합뉴스										개인 배당 1위는 992억원을 배당받은 홍라희 전 관장이다. 홍 전 관장은 남편 고(故) 이건희 회장 별세에 따른 상속으로 삼성전자 개인 최대 주주(지분 2.02%)다. 2위는 870억원을 배당받은 조정호 메리츠금융지주 회장이다. 메리츠금융지주 배당액은 전년보다 60% 증가했다. 3∼5위는 삼성가 삼 남매인 이재용 부회장(704억원), 이부진 사장(400억원), 이서현 이사장(400억원)이 차지했다.정몽준 아산재단 이사장은 현대중공업 지주 배당(389억원)으로 6위, 정몽구 현대차그룹 명예회장은 385억원으로 7위, 최태원 SK 회장은 194억원으로 8위, 서경배 아모레퍼시픽 회장은 152억원으로 9위, 김석수 동서 회장은 132억원으로 10위를 차지했다. 상반기 개인 배당액 30위 내에 바이오 기업 창업자인 케어젠의 정용지 대표가 54억원으로 18위, 씨젠의 천종윤 대표가 38억원으로 26위를 차지하면서 새롭게 이름을 올렸다.",조정호 메리츠금융 회장 2위3위 이재용  이부진 이서현            올해 상반기 국내 상장사 배당 총액은 9조3000억원으로  그중 절반 이상이 삼성전자 배당액인 것으로 집계됐다. 개인 배당 순위에선 홍라희 전 리움미술관장과 이재용 삼성전자 부회장  이부진 호텔신라 사장  이서현 삼성복지재단 이사장 등 삼성 오너가    4명이 차례대로 1위 및 3 5위에 올랐다.기업분석연구소 리더스인덱스는 27일  2323개 상장사 중 상반기 배당 공시를 한 140사의 배당액을 조사한 결과  올해 상반기 배당액은 총 9조3084억원이었다 고 밝혔다.기업별로는 삼성전자가 4조9043억원을 배당해 전체 53 를 차지했다. 이어 KT G 5956억원   포스코 5294억원   현대모비스 3701억원   KB금융 2922억원  순으로 배당액이 많았다. 배당 총액 1000억원을 넘긴 14사 중 6곳이 4대 금융지주 KB 신한 하나 우리 와 메리츠화재  메리츠금융지주 등 금융사였다.조정호 메리츠금융지주 회장 연합뉴스          개인 배당 1위는 992억원을 배당받은 홍라희 전 관장이다. 홍 전 관장은 남편 고    이건희 회장 별세에 따른 상속으로 삼성전자 개인 최대 주주 지분 2.02  다. 2위는 870억원을 배당받은 조정호 메리츠금융지주 회장이다. 메리츠금융지주 배당액은 전년보다 60  증가했다. 3 5위는 삼성가 삼 남매인 이재용 부회장 704억원   이부진 사장 400억원   이서현 이사장 400억원 이 차지했다.정몽준 아산재단 이사장은 현대중공업 지주 배당 389억원 으로 6위  정몽구 현대차그룹 명예회장은 385억원으로 7위  최태원 SK 회장은 194억원으로 8위  서경배 아모레퍼시픽 회장은 152억원으로 9위  김석수 동서 회장은 132억원으로 10위를 차지했다. 상반기 개인 배당액 30위 내에 바이오 기업 창업자인 케어젠의 정용지 대표가 54억원으로 18위  씨젠의 천종윤 대표가 38억원으로 26위를 차지하면서 새롭게 이름을 올렸다.,0.1000000014901161
28,2021-09-03,보수 많은 금융권으로  꼬리무는  청와대 낙하산,"文정부, 임기 말로 갈수록 ‘알박기 인사’ 늘어							펀드 운용 등 투자 경력이 없는 황현선 전 청와대 행정관이 20조원 규모의 ‘뉴딜 펀드’를 담당하는 한국성장금융 투자운용2본부장이 될 것으로 알려지자 금융계 고위 관계자는 “하다 하다 청와대 행정관들까지 금융권에 낙하산으로 내려오려고 한다”고 했다. 3일 윤창현 국민의힘 의원실에 따르면, 노무현 정부 청와대 행정관을 지낸 한유진(54)씨가 오는 17일 임시 주총에서 한국예탁결제원 상임 이사로 선임될 예정이다.문재인 대통령은 취임 직후인 2017년 여야 대표와 한 오찬에선 “낙하산·보은 인사를 하지 말아 달라”는 요구에 “그런 일은 없게 하겠다”고 약속했다. 하지만 임기 초부터 낙하산 인사 논란이 불거졌고, 임기 말로 가면서 잡음이 더 커지는 상황이다.										이른바 ‘캠코더(대선 캠프, 코드, 더불어민주당)’ 낙하산 인사가 늘어나기 때문이다. 황 전 행정관 논란에 대해 3일 청와대 핵심 관계자는 “청와대가 관여하는 인사가 아니다. 개인적으로 취업한 사안이고 일부 언론이 이를 ‘낙하산’으로 표현한 것은 유감”이라고 했다. 하지만 금융권에서는 문재인 정부 들어 이어지는 청와대 출신 낙하산 인사를 개인적 취업이라고 넘어가려 한다는 지적이 나왔다.꼬리 무는 청와대 행정관 낙하산 부대							황 전 행정관에 앞서 지난달에는 천경득 전 청와대 총무비서관실 선임행정관이 금융결제원 상임 감사로 임명되는 등 ‘청와대 행정관’ 출신 낙하산 인사가 꼬리를 물고 있다. 강희중 전 청와대 정무수석실 행정관은 지난 1월 승강기안전공단 이사가 됐고, 노정윤 전 민정수석실 행정관은 작년 7월 한국조폐공사 비상임이사, 홍희경 의전비서실 선임행정관은 작년 10월 한국문화정보원장이 됐다. 앞서 2019년에는 한정원 전 청와대 정무수석실 행정관이 메리츠금융지주 브랜드전략본부장으로 자리를 옮겼다. 금융 관련 경력이 전혀 없어 논란이 됐다. 소비자·여성 운동을 해온 김유임 전 청와대 여성가족비서관은 지난달 한국토지주택공사(LH) 비상임이사에 선임되는 등 청와대발(發) 낙하산이 늘어가고 있다.한 정치권 인사는 “수석급들은 보는 눈이 많지만, 행정관, 비서관급들은 잘 보이지 않는 자리로 갈 수 있기 때문에 청와대 근무 경력을 내세워 자리를 챙기는 것 같다”고 말했다. 행정관은 청와대에 근무하는 5급 사무관부터 비서관 아래까지를 일컫는 용어로 실무 담당이 많다.황 전 행정관의 임원 선임 계획이 논란이 된 한국성장금융은 사실상 공기업이다. 산업은행·한국거래소·예탁결제원 등 금융 분야 공공 기관이 출자해 만들었다. 2025년까지 총 20조원 규모로 조성될 예정인 뉴딜 펀드의 운용을 산업은행과 나눠 담당할 예정이나 국정감사를 받는 국책은행 등 공식 공공 기관에 비해선 국회와 언론의 감시에서 벗어나 있다. 황 전 행정관은 2019년 3월에 은행권이 출자해 만든 유암코(연합자산관리) 감사에 임명돼 당시에도 “금융 경력이 없지 않으냐”는 논란이 불거졌는데 또 한번 금융권 자리를 차지하려다 문제가 됐다.금융공기업 임원 선임 절반이 ‘낙하산’							금융계는 정치권이나 고위 관료 출신 ‘낙하산’이 유난히 많다. 정부 인허가의 영향이 큰 분야라 정치권 입김이 강하게 작용하기 때문이다. 금융경제연구소 분석에 따르면, 문재인 정권 출범 이후 작년 말까지 새로 선임(신규 선임 또는 연임)된 금융계 임원 138명 중 32%는 고위 관료 혹은 친정권 인사 출신으로 채워졌다. 금융공기업은 47%, 은행권은 19% 정도였다.청와대 경제수석을 지낸 윤종원 IBK기업은행장, 김경수 지사 시절 전 경남도 경제혁신추진위원장을 지낸 방문규 수출입은행장 등을 꼽을 수 있다. 올 초 민병두 전 더불어민주당 의원은 보험연수원장에 취임했고, 생명보험협회장은 문재인 대통령 대선 캠프에 참여했던 정희수 전 국회의원이다.낙하산 인사가 금융권에 몰리는 또 한 가지 이유는 평균 연봉이 1억원에 육박(2020년, 정규직 기준)할 정도로 보수가 높기 때문이다. 황 전 행정관이 유암코 감사로 받는 연봉은 3억원 정도다. 국내 300대 기업의 상근 감사 평균 연봉인 8000만원보다 훨씬 많다. 사장이나 기관장을 맡지 않고 감사나 이사 등에 임명될 경우 금융권이라고 하더라도 전문성이나 업무 능력 부족으로 인한 문제가 크지 않아 오히려 낙하산 적임지로 꼽히기도 한다.금융공기업 등에 근무하면서 민간 금융회사에 영향력을 행사할 수도 있어 선호되는 측면이 있다. 이번에 문제가 된 한국성장금융의 경우는 자본금이 크지 않고 직원도 50명 정도에 불과하지만, 정부가 조성하기로 한 20조원 규모의 자금을 운용하면서 자본 시장에 막대한 영향력을 행사할 수 있다는 말이 나온다.한 증권 업계 관계자는 “산업은행과 뉴딜 펀드를 절반씩 나눠서 관리한다 해도 한국성장금융은 10조원 가까이를 5년간 주무르게 된다. 자산운용사, 벤처캐피털 등에 500억원씩 분배해준다고 치면 회사 200곳에 영향력을 행사할 수 있는 자리”라고 말했다.",정부  임기 말로 갈수록  알박기 인사  늘어       펀드 운용 등 투자 경력이 없는 황현선 전 청와대 행정관이 20조원 규모의  뉴딜 펀드 를 담당하는 한국성장금융 투자운용2본부장이 될 것으로 알려지자 금융계 고위 관계자는  하다 하다 청와대 행정관들까지 금융권에 낙하산으로 내려오려고 한다 고 했다. 3일 윤창현 국민의힘 의원실에 따르면  노무현 정부 청와대 행정관을 지낸 한유진 54 씨가 오는 17일 임시 주총에서 한국예탁결제원 상임 이사로 선임될 예정이다.문재인 대통령은 취임 직후인 2017년 여야 대표와 한 오찬에선  낙하산 보은 인사를 하지 말아 달라 는 요구에  그런 일은 없게 하겠다 고 약속했다. 하지만 임기 초부터 낙하산 인사 논란이 불거졌고  임기 말로 가면서 잡음이 더 커지는 상황이다.          이른바  캠코더 대선 캠프  코드  더불어민주당   낙하산 인사가 늘어나기 때문이다. 황 전 행정관 논란에 대해 3일 청와대 핵심 관계자는  청와대가 관여하는 인사가 아니다. 개인적으로 취업한 사안이고 일부 언론이 이를  낙하산 으로 표현한 것은 유감 이라고 했다. 하지만 금융권에서는 문재인 정부 들어 이어지는 청와대 출신 낙하산 인사를 개인적 취업이라고 넘어가려 한다는 지적이 나왔다.꼬리 무는 청와대 행정관 낙하산 부대       황 전 행정관에 앞서 지난달에는 천경득 전 청와대 총무비서관실 선임행정관이 금융결제원 상임 감사로 임명되는 등  청와대 행정관  출신 낙하산 인사가 꼬리를 물고 있다. 강희중 전 청와대 정무수석실 행정관은 지난 1월 승강기안전공단 이사가 됐고  노정윤 전 민정수석실 행정관은 작년 7월 한국조폐공사 비상임이사  홍희경 의전비서실 선임행정관은 작년 10월 한국문화정보원장이 됐다. 앞서 2019년에는 한정원 전 청와대 정무수석실 행정관이 메리츠금융지주 브랜드전략본부장으로 자리를 옮겼다. 금융 관련 경력이 전혀 없어 논란이 됐다. 소비자 여성 운동을 해온 김유임 전 청와대 여성가족비서관은 지난달 한국토지주택공사 LH  비상임이사에 선임되는 등 청와대발    낙하산이 늘어가고 있다.한 정치권 인사는  수석급들은 보는 눈이 많지만  행정관  비서관급들은 잘 보이지 않는 자리로 갈 수 있기 때문에 청와대 근무 경력을 내세워 자리를 챙기는 것 같다 고 말했다. 행정관은 청와대에 근무하는 5급 사무관부터 비서관 아래까지를 일컫는 용어로 실무 담당이 많다.황 전 행정관의 임원 선임 계획이 논란이 된 한국성장금융은 사실상 공기업이다. 산업은행 한국거래소 예탁결제원 등 금융 분야 공공 기관이 출자해 만들었다. 2025년까지 총 20조원 규모로 조성될 예정인 뉴딜 펀드의 운용을 산업은행과 나눠 담당할 예정이나 국정감사를 받는 국책은행 등 공식 공공 기관에 비해선 국회와 언론의 감시에서 벗어나 있다. 황 전 행정관은 2019년 3월에 은행권이 출자해 만든 유암코 연합자산관리  감사에 임명돼 당시에도  금융 경력이 없지 않으냐 는 논란이 불거졌는데 또 한번 금융권 자리를 차지하려다 문제가 됐다.금융공기업 임원 선임 절반이  낙하산        금융계는 정치권이나 고위 관료 출신  낙하산 이 유난히 많다. 정부 인허가의 영향이 큰 분야라 정치권 입김이 강하게 작용하기 때문이다. 금융경제연구소 분석에 따르면  문재인 정권 출범 이후 작년 말까지 새로 선임 신규 선임 또는 연임 된 금융계 임원 138명 중 32 는 고위 관료 혹은 친정권 인사 출신으로 채워졌다. 금융공기업은 47   은행권은 19  정도였다.청와대 경제수석을 지낸 윤종원 IBK기업은행장  김경수 지사 시절 전 경남도 경제혁신추진위원장을 지낸 방문규 수출입은행장 등을 꼽을 수 있다. 올 초 민병두 전 더불어민주당 의원은 보험연수원장에 취임했고  생명보험협회장은 문재인 대통령 대선 캠프에 참여했던 정희수 전 국회의원이다.낙하산 인사가 금융권에 몰리는 또 한 가지 이유는 평균 연봉이 1억원에 육박 2020년  정규직 기준 할 정도로 보수가 높기 때문이다. 황 전 행정관이 유암코 감사로 받는 연봉은 3억원 정도다. 국내 300대 기업의 상근 감사 평균 연봉인 8000만원보다 훨씬 많다. 사장이나 기관장을 맡지 않고 감사나 이사 등에 임명될 경우 금융권이라고 하더라도 전문성이나 업무 능력 부족으로 인한 문제가 크지 않아 오히려 낙하산 적임지로 꼽히기도 한다.금융공기업 등에 근무하면서 민간 금융회사에 영향력을 행사할 수도 있어 선호되는 측면이 있다. 이번에 문제가 된 한국성장금융의 경우는 자본금이 크지 않고 직원도 50명 정도에 불과하지만  정부가 조성하기로 한 20조원 규모의 자금을 운용하면서 자본 시장에 막대한 영향력을 행사할 수 있다는 말이 나온다.한 증권 업계 관계자는  산업은행과 뉴딜 펀드를 절반씩 나눠서 관리한다 해도 한국성장금융은 10조원 가까이를 5년간 주무르게 된다. 자산운용사  벤처캐피털 등에 500억원씩 분배해준다고 치면 회사 200곳에 영향력을 행사할 수 있는 자리 라고 말했다.,0.0
29,2021-05-19,팔아라   비싸다  증권가 이례적 매도 리포트,"주가 고점 신호라는 해석도										Buy(매수)만 있고 Sell(매도)은 없다. 이런 비판을 들어왔던 증권사 기업 분석 리포트가 달라지고 있다. 해당 기업의 목표 주가를 떨어뜨리고 소액 주주들의 원성을 살 수 있는데도 과감하게 ‘팔라’고 외치기 시작하는 것이다.국내 증권사들이 매도 보고서를 내는 것은 매우 이례적이다. 금융투자협회에 따르면, 올해 1분기 기준 국내 10대 증권사의 매도 의견 비율은 0.3%에 불과했다. 대부분 ‘사라’는 말만 한다는 얘기다. 반면 메릴린치, CLSA 등 외국계 증권사들의 국내 기업 매도 의견 비율은 20%가 넘었다.노골적인 매도 의견은 내지 않더라도 목표 주가를 현재 주가보다 낮춰서 사실상 매도 의견을 담은 리포트도 속속 나오고 있다. 이런 매도 보고서의 등장이 현재 주가가 고평가돼있다는 것을 알리는 신호탄이란 해석도 나온다. 증권 업계 관계자는 “증시 호황기에 기대감이 지나치게 선반영되면서 실제 가치 대비 주가가 급등한 종목이 많다 보니 이례적으로 매도 의견이 쏟아지는 것”이라고 말했다. ◊현재 주가보다 낮은 목표 주가 제시올해 1분기(1~3월) 실적 발표가 마무리된 가운데, 증권사 애널리스트들의 시선은 제각각이다. 호실적을 올렸다고 해서 무조건 칭찬만 하는 것이 아니라, 선반영됐으니 주가는 더 이상 싸지 않다고 말하는 것이다.NH투자증권 조미진 연구원은 지난 17일 ‘더 이상 싸지 않다’는 노골적인 제목의 보고서를 내고, 롯데제과 목표 주가를 14만원으로 제시했다. 사업 정상화에 대한 기대가 주가에 충분히 반영됐다는 이유다. 18일 롯데제과 종가(15만1000원)보다 더 낮은 가격이다. DB금융투자는 최근 한화생명에 대해 매도(underperform) 보고서를 냈다. 이병건 DB금융투자 연구원은 “현재 4000원 수준인 한화생명 주가는 기준금리를 네 차례 정도 인상할 가능성을 선반영하고 있다”고 말했다.KTB투자증권 이한준 연구원도 “컨테이너 운임 상승에 따른 수혜가 이미 반영됐다”면서 해운업체 HMM의 목표 주가를 3만8000원으로 낮춰 잡았다. 18일 HMM 종가는 4만2850원이다.앞서 지난 17일 KB증권은 메리츠화재와 메리츠증권에 대해 매도 의견을 냈다. 회사 측의 갑작스러운 배당커트(배당 축소) 발표로 주주 환원책에 대한 불확실성이 커졌다는 것이 이유다.메리츠그룹 관계자는 “배당은 소득세(15.4%)를 내야 하지만 자사주를 매입하고 소각하면 그만큼 주가 가치는 올라가면서 세금을 내지 않아 장기 주주에겐 오히려 이득”이라며 “선진국에선 이런 결정이 오히려 상식”이라고 해명했다. 하지만 메리츠금융지주 등 메리츠그룹 3총사의 주가는 매도 보고서 여파로 지난 17일 14~17% 내렸다. ◊“주가 고평가됐다는 신호탄” 해석도대형 증권사 소속 애널리스트가 발표하는 리포트는 대부분 우량 회사다. 알짜 기업을 선별해서 고객에게 추천하는 것이기에 뒤늦게 ‘Sell(매도)’ 리포트를 내는 일은 흔치 않다. 해당 기업과의 관계나 주주들의 반응을 생각하면 매도 리포트에 소극적일 수밖에 없다.그래서 매도 리포트를 내기보다는 해당 기업을 분석 대상에서 조용히 드롭(drop, 제외)하는 게 보통이다. 그래서 증권가에선 “보고서를 내지 않으면 매도 의견이라고 보면 된다”는 말도 있다.이렇듯 투자 의견과 관련해선 가급적 몸을 사리는 것이 보통이었는데, 이런 관행을 깨고 매도·중립을 외치는 소신 발언이 늘어나고 있는 것이다.개인 투자자들의 영향력이 부쩍 커진 상황에서 매수 일변도인 증권사 리포트에 대한 불만이 커진 것도 영향을 미쳤다는 의견도 나온다. 개인 투자자들은 “주식은 매수보다 매도 타이밍이 더 중요한데, 증권사 리포트는 항상 사라는 말만 하고 언제 팔아야 하는지는 알려주지 않는다”고 비판해 왔다.심영철 웰시안닷컴 대표는 “주가 하락에 베팅하는 공매도도 1년여 만에 재개됐고 시장도 경기 회복 기대감에 많이 올라서 부정적인 의견을 가질 수 있는 시기”라며 “종목별로도 오버슈팅(급상승)한 종목이 많기 때문에 매도 리포트가 나올 때이긴 하다”라고 말했다.[이경은 기자 diva@chosun.com] 		▶ 조선일보가 뽑은 뉴스, 확인해보세요		▶ 최고 기자들의 뉴스레터 받아보세요 		▶ 1등 신문 조선일보, 앱으로 편하게 보세요",주가 고점 신호라는 해석도          Buy 매수 만 있고 Sell 매도 은 없다. 이런 비판을 들어왔던 증권사 기업 분석 리포트가 달라지고 있다. 해당 기업의 목표 주가를 떨어뜨리고 소액 주주들의 원성을 살 수 있는데도 과감하게  팔라 고 외치기 시작하는 것이다.국내 증권사들이 매도 보고서를 내는 것은 매우 이례적이다. 금융투자협회에 따르면  올해 1분기 기준 국내 10대 증권사의 매도 의견 비율은 0.3 에 불과했다. 대부분  사라 는 말만 한다는 얘기다. 반면 메릴린치  CLSA 등 외국계 증권사들의 국내 기업 매도 의견 비율은 20 가 넘었다.노골적인 매도 의견은 내지 않더라도 목표 주가를 현재 주가보다 낮춰서 사실상 매도 의견을 담은 리포트도 속속 나오고 있다. 이런 매도 보고서의 등장이 현재 주가가 고평가돼있다는 것을 알리는 신호탄이란 해석도 나온다. 증권 업계 관계자는  증시 호황기에 기대감이 지나치게 선반영되면서 실제 가치 대비 주가가 급등한 종목이 많다 보니 이례적으로 매도 의견이 쏟아지는 것 이라고 말했다.  현재 주가보다 낮은 목표 주가 제시올해 1분기 1 3월  실적 발표가 마무리된 가운데  증권사 애널리스트들의 시선은 제각각이다. 호실적을 올렸다고 해서 무조건 칭찬만 하는 것이 아니라  선반영됐으니 주가는 더 이상 싸지 않다고 말하는 것이다.NH투자증권 조미진 연구원은 지난 17일  더 이상 싸지 않다 는 노골적인 제목의 보고서를 내고  롯데제과 목표 주가를 14만원으로 제시했다. 사업 정상화에 대한 기대가 주가에 충분히 반영됐다는 이유다. 18일 롯데제과 종가 15만1000원 보다 더 낮은 가격이다. DB금융투자는 최근 한화생명에 대해 매도 underperform  보고서를 냈다. 이병건 DB금융투자 연구원은  현재 4000원 수준인 한화생명 주가는 기준금리를 네 차례 정도 인상할 가능성을 선반영하고 있다 고 말했다.KTB투자증권 이한준 연구원도  컨테이너 운임 상승에 따른 수혜가 이미 반영됐다 면서 해운업체 HMM의 목표 주가를 3만8000원으로 낮춰 잡았다. 18일 HMM 종가는 4만2850원이다.앞서 지난 17일 KB증권은 메리츠화재와 메리츠증권에 대해 매도 의견을 냈다. 회사 측의 갑작스러운 배당커트 배당 축소  발표로 주주 환원책에 대한 불확실성이 커졌다는 것이 이유다.메리츠그룹 관계자는  배당은 소득세 15.4  를 내야 하지만 자사주를 매입하고 소각하면 그만큼 주가 가치는 올라가면서 세금을 내지 않아 장기 주주에겐 오히려 이득 이라며  선진국에선 이런 결정이 오히려 상식 이라고 해명했다. 하지만 메리츠금융지주 등 메리츠그룹 3총사의 주가는 매도 보고서 여파로 지난 17일 14 17  내렸다.   주가 고평가됐다는 신호탄  해석도대형 증권사 소속 애널리스트가 발표하는 리포트는 대부분 우량 회사다. 알짜 기업을 선별해서 고객에게 추천하는 것이기에 뒤늦게  Sell 매도   리포트를 내는 일은 흔치 않다. 해당 기업과의 관계나 주주들의 반응을 생각하면 매도 리포트에 소극적일 수밖에 없다.그래서 매도 리포트를 내기보다는 해당 기업을 분석 대상에서 조용히 드롭 drop  제외 하는 게 보통이다. 그래서 증권가에선  보고서를 내지 않으면 매도 의견이라고 보면 된다 는 말도 있다.이렇듯 투자 의견과 관련해선 가급적 몸을 사리는 것이 보통이었는데  이런 관행을 깨고 매도 중립을 외치는 소신 발언이 늘어나고 있는 것이다.개인 투자자들의 영향력이 부쩍 커진 상황에서 매수 일변도인 증권사 리포트에 대한 불만이 커진 것도 영향을 미쳤다는 의견도 나온다. 개인 투자자들은  주식은 매수보다 매도 타이밍이 더 중요한데  증권사 리포트는 항상 사라는 말만 하고 언제 팔아야 하는지는 알려주지 않는다 고 비판해 왔다.심영철 웰시안닷컴 대표는  주가 하락에 베팅하는 공매도도 1년여 만에 재개됐고 시장도 경기 회복 기대감에 많이 올라서 부정적인 의견을 가질 수 있는 시기 라며  종목별로도 오버슈팅 급상승 한 종목이 많기 때문에 매도 리포트가 나올 때이긴 하다 라고 말했다.     가 뽑은 뉴스  확인해보세요    최고 기자들의 뉴스레터 받아보세요     1등 신문   앱으로 편하게 보세요,0.0
30,2021-04-07,1083개 상장사 배당금 43조  1년 전보다 37  더 줬다,"1000억 이상 배당 45곳							“주린이(주식+어린이의 합성어로 주식 초보자라는 뜻)인데 난생 처음 배당금 받았어요! 온가족 호텔 뷔페각이네요.”요즘 재테크 커뮤니티에서는 우편으로 받은 배당금 지급 통지서 인증샷을 찍어 올리는 것이 유행이다.지난해 코로나 쇼크 이후 주식 시장에 뛰어든 개인 투자자들이 914만명까지 늘어난 가운데, 생애 첫 배당금을 손에 쥔 개인 투자자들이 깜짝 배당 선물에 기뻐하며 공유하는 것이다.										코로나 증시에 삼성전자 주주가 되어 배당금으로 20만원을 받게 된 40대 주부 이모씨는 “삼성전자에 소액 투자했는데 운 좋게 특별 배당금까지 받아 쏠쏠한 배당 수익을 챙겼다”면서 “내년에는 더 좋은 배당 맛집을 찾아 내서 살림에 보태겠다”고 말했다.인심 좋은 배당 맛집이 궁금한 개인 투자자들을 위해, 본지 경제부가 금융정보제공업체 에프앤가이드와 함께 지난해 연간 배당금이 1000억원 이상인 상장사를 뽑아봤다. 그랬더니 2300개 상장사 중 총 45곳의 연간 배당금이 1000억원을 넘었다. 지난해 실적을 기준으로 한 배당금은 주로 이번 달에 지급된다.1등 배당 맛집은 삼성전자							1000억원 이상 배당 맛집은 다양한 업종에 골고루 분포돼 있었다. 10등 이내 배당 맛집은 반도체, 은행, 자동차, 전력, 화학, 통신 등이 차지했다. 메리츠화재와 메리츠금융지주를 제외한 배당 맛집 43곳은 모두 코스피200 소속이었다.배당 맛집 1등은 한국 증시 대장주인 삼성전자였다. 삼성전자의 배당금은 2019년 9조6192억원에서 2020년 20조3381억원으로 10조원 넘게 늘었다. 정규 배당 외에 특별 배당금이 지급됐기 때문이다. 삼성전자가 전체 배당금 총액에서 차지하는 비중도 전년 30.5%에서 47.1%로 크게 뛰었다.삼성전자 다음으로는 신한지주(8038억원), SK하이닉스(8003억원), 현대차(7855억원) 순으로 배당 지급액이 많았다.배당 금액 기준 5위에 오른 곳은 노배당 적자회사로 알려져 있던 한국전력이었다. 한국전력은 정부의 탈원전 정책 이후 경영이 어려워지면서 지난 2018년부터 배당을 2년 연속 주지 못해 주주들에게 원성을 샀다.하지만 지난해 한전은 코로나 충격 속에서도 눈부시게 재기해 주주들에게 주당 1216원씩, 총 7806억원을 배당했다.한편, 2020년 기준으로 배당을 결정한 12월 결산 상장사는 모두 1083곳으로, 배당금 총액은 43조1325억원이었다.2019년과 비교해 배당을 한 상장사는 20곳이 줄었지만, 배당금 총액은 11조5997억원(36.7%) 늘었다.조승빈 대신증권 연구원은 “2019년에는 기업 실적이 좋지 않았고 지난해에는 코로나 충격이 컸지만 하반기부터 기업 이익이 개선되면서 2019년보다 오히려 좋게 나타났다”며 “기업들이 투자 집행도 하지 않아서 잉여현금 흐름이 좋아졌기 때문에 배당할 만한 환경은 2019년보다 좋았다”고 분석했다.배당금은 세금 떼고 자동 입금							배당 맛집 방문기를 올린 개인 투자자들은 손에 쥐게 될 배당금을 어떻게 쓰면 좋을지 행복한 고민을 하고 있다.전문가들은 계좌에 들어온 배당금을 그냥 써버리기보다는 재투자하는 방법이 좋다고 조언한다.최근 분기 배당 카드를 새롭게 꺼내는 기업(신한지주, SK텔레콤, 씨젠 등)들이 나오는 등 배당주 투자 환경도 유리해지고 있다. 분기 배당이 실시되면 연말에 딱 하루만 보유하고 배당을 챙기려는 얌체족은 사라지고, 안정적 배당 소식에 장기 투자자들이 몰려들어 주가 변동성도 줄어들게 된다.배당금 지급 날짜는 별도로 공시되지 않는데, 통상 주주 총회일로부터 1개월 내에 지급된다.편득현 NH투자증권 부부장은 “배당은 배당 기준일(통상 12월 31일)에 본인이 주식을 보유하고 있었던 계좌로 자동 입금된다”면서 “배당소득세율은 15.4%로, 세금이 공제된 금액으로 들어온다”고 말했다.[이경은 기자 diva@chosun.com] 		▶ 조선일보가 뽑은 뉴스, 확인해보세요		▶ 최고 기자들의 뉴스레터 받아보세요 		▶ 1등 신문 조선일보, 앱으로 편하게 보세요",1000억 이상 배당 45곳        주린이 주식 어린이의 합성어로 주식 초보자라는 뜻 인데 난생 처음 배당금 받았어요  온가족 호텔 뷔페각이네요. 요즘 재테크 커뮤니티에서는 우편으로 받은 배당금 지급 통지서 인증샷을 찍어 올리는 것이 유행이다.지난해 코로나 쇼크 이후 주식 시장에 뛰어든 개인 투자자들이 914만명까지 늘어난 가운데  생애 첫 배당금을 손에 쥔 개인 투자자들이 깜짝 배당 선물에 기뻐하며 공유하는 것이다.          코로나 증시에 삼성전자 주주가 되어 배당금으로 20만원을 받게 된 40대 주부 이모씨는  삼성전자에 소액 투자했는데 운 좋게 특별 배당금까지 받아 쏠쏠한 배당 수익을 챙겼다 면서  내년에는 더 좋은 배당 맛집을 찾아 내서 살림에 보태겠다 고 말했다.인심 좋은 배당 맛집이 궁금한 개인 투자자들을 위해  본지 경제부가 금융정보제공업체 에프앤가이드와 함께 지난해 연간 배당금이 1000억원 이상인 상장사를 뽑아봤다. 그랬더니 2300개 상장사 중 총 45곳의 연간 배당금이 1000억원을 넘었다. 지난해 실적을 기준으로 한 배당금은 주로 이번 달에 지급된다.1등 배당 맛집은 삼성전자       1000억원 이상 배당 맛집은 다양한 업종에 골고루 분포돼 있었다. 10등 이내 배당 맛집은 반도체  은행  자동차  전력  화학  통신 등이 차지했다. 메리츠화재와 메리츠금융지주를 제외한 배당 맛집 43곳은 모두 코스피200 소속이었다.배당 맛집 1등은 한국 증시 대장주인 삼성전자였다. 삼성전자의 배당금은 2019년 9조6192억원에서 2020년 20조3381억원으로 10조원 넘게 늘었다. 정규 배당 외에 특별 배당금이 지급됐기 때문이다. 삼성전자가 전체 배당금 총액에서 차지하는 비중도 전년 30.5 에서 47.1 로 크게 뛰었다.삼성전자 다음으로는 신한지주 8038억원   SK하이닉스 8003억원   현대차 7855억원  순으로 배당 지급액이 많았다.배당 금액 기준 5위에 오른 곳은 노배당 적자회사로 알려져 있던 한국전력이었다. 한국전력은 정부의 탈원전 정책 이후 경영이 어려워지면서 지난 2018년부터 배당을 2년 연속 주지 못해 주주들에게 원성을 샀다.하지만 지난해 한전은 코로나 충격 속에서도 눈부시게 재기해 주주들에게 주당 1216원씩  총 7806억원을 배당했다.한편  2020년 기준으로 배당을 결정한 12월 결산 상장사는 모두 1083곳으로  배당금 총액은 43조1325억원이었다.2019년과 비교해 배당을 한 상장사는 20곳이 줄었지만  배당금 총액은 11조5997억원 36.7   늘었다.조승빈 대신증권 연구원은  2019년에는 기업 실적이 좋지 않았고 지난해에는 코로나 충격이 컸지만 하반기부터 기업 이익이 개선되면서 2019년보다 오히려 좋게 나타났다 며  기업들이 투자 집행도 하지 않아서 잉여현금 흐름이 좋아졌기 때문에 배당할 만한 환경은 2019년보다 좋았다 고 분석했다.배당금은 세금 떼고 자동 입금       배당 맛집 방문기를 올린 개인 투자자들은 손에 쥐게 될 배당금을 어떻게 쓰면 좋을지 행복한 고민을 하고 있다.전문가들은 계좌에 들어온 배당금을 그냥 써버리기보다는 재투자하는 방법이 좋다고 조언한다.최근 분기 배당 카드를 새롭게 꺼내는 기업 신한지주  SK텔레콤  씨젠 등 들이 나오는 등 배당주 투자 환경도 유리해지고 있다. 분기 배당이 실시되면 연말에 딱 하루만 보유하고 배당을 챙기려는 얌체족은 사라지고  안정적 배당 소식에 장기 투자자들이 몰려들어 주가 변동성도 줄어들게 된다.배당금 지급 날짜는 별도로 공시되지 않는데  통상 주주 총회일로부터 1개월 내에 지급된다.편득현 NH투자증권 부부장은  배당은 배당 기준일 통상 12월 31일 에 본인이 주식을 보유하고 있었던 계좌로 자동 입금된다 면서  배당소득세율은 15.4 로  세금이 공제된 금액으로 들어온다 고 말했다.     가 뽑은 뉴스  확인해보세요    최고 기자들의 뉴스레터 받아보세요     1등 신문   앱으로 편하게 보세요,0.1000000014901161
31,2021-04-02,고배당 50개 종목  지난달 평균 12.5 올라,"미국발 금리 상승 우려 등으로 성장주들이 주춤하는 가운데 고(高)배당주의 약진이 눈에 띤다. 1일 한국거래소에 따르면, 배당 수익률 상위 50개 종목으로 구성된 ‘코스피 고배당 50지수’가 지난달 12.5% 상승했다. 코스피 상승률(1.61%)의 7.8배다.KB금융·신한지주·하나금융지주 등 금융회사를 비롯, 현대차, 기아차, 포스코(POSCO), 효성, KT&G, SK텔레콤 등이 들어가 있다. 이 중에서 제이시스코퍼레이션(55.24%), 메리츠금융지주(40.41%), KB금융(28.31%), 세아베스틸(26.19%) 등이 지난달 크게 올랐다.KRX 고배당 50지수(7.79%), KRX-IHS Markit 코스피 200 예측 고배당 50지수(7.87%) 등 다른 배당주 관련 지수도 지난달에 코스피보다 나은 성적을 냈다.보통 고배당주는 실적이 탄탄한 경기 민감주인 경우가 많은데, 경기 회복이 점쳐지면서 매출 증가 등이 예상돼 기대감이 높아졌다.이재선 하나금융투자 연구원은 “과거에도 그랬지만, 변동성 국면에서는 투자자들은 주가에 거품이 없으면서 장기적으로 안정적인 배당을 줄 수 있는 대형 기업을 선호했다”고 말했다.외국인 매수세도 고배당주에 쏠리는 모습이다. 지난달 외국인 순매수는 포스코, KB금융, SK텔레콤, 엔씨소프트, 신한지주 순으로 높았는데, 엔씨소프트를 제외하고는 모두 ‘코스피 고배당 50지수’에 포함된 종목이다.[이경은 기자 diva@chosun.com] 		▶ 조선일보가 뽑은 뉴스, 확인해보세요		▶ 최고 기자들의 뉴스레터 받아보세요 		▶ 1등 신문 조선일보, 앱으로 편하게 보세요",미국발 금리 상승 우려 등으로 성장주들이 주춤하는 가운데 고   배당주의 약진이 눈에 띤다. 1일 한국거래소에 따르면  배당 수익률 상위 50개 종목으로 구성된  코스피 고배당 50지수 가 지난달 12.5  상승했다. 코스피 상승률 1.61  의 7.8배다.KB금융 신한지주 하나금융지주 등 금융회사를 비롯  현대차  기아차  포스코 POSCO   효성  KT G  SK텔레콤 등이 들어가 있다. 이 중에서 제이시스코퍼레이션 55.24    메리츠금융지주 40.41    KB금융 28.31    세아베스틸 26.19   등이 지난달 크게 올랐다.KRX 고배당 50지수 7.79    KRX IHS Markit 코스피 200 예측 고배당 50지수 7.87   등 다른 배당주 관련 지수도 지난달에 코스피보다 나은 성적을 냈다.보통 고배당주는 실적이 탄탄한 경기 민감주인 경우가 많은데  경기 회복이 점쳐지면서 매출 증가 등이 예상돼 기대감이 높아졌다.이재선 하나금융투자 연구원은  과거에도 그랬지만  변동성 국면에서는 투자자들은 주가에 거품이 없으면서 장기적으로 안정적인 배당을 줄 수 있는 대형 기업을 선호했다 고 말했다.외국인 매수세도 고배당주에 쏠리는 모습이다. 지난달 외국인 순매수는 포스코  KB금융  SK텔레콤  엔씨소프트  신한지주 순으로 높았는데  엔씨소프트를 제외하고는 모두  코스피 고배당 50지수 에 포함된 종목이다.     가 뽑은 뉴스  확인해보세요    최고 기자들의 뉴스레터 받아보세요     1등 신문   앱으로 편하게 보세요,0.3000000119209289
