date,title,content,refine_content
2021.03.28,쌍용양회   쌍용C E  로 새 출발,"신규 사명·‘그린 2030’ 선포식 쌍용양회가 종합환경기업으로 도약하기 위해 새로운 사명인 ‘쌍용C&E’를 공식 선포했다. 국내 시멘트업계 최초로 석탄 사용량 제로(탈석탄)를 달성하겠다는 포부도 밝혔다.쌍용양회는 지난 26일 서울 본사에서 신규 사명 선포식을 열고 쌍용C&E로의 기업 명칭 변경을 공식 발표했다. 쌍용C&E는 기업의 정체성인 ‘쌍용’을 그대로 유지하면서 시멘트와 환경의 이니셜인 ‘C&E’를 더해 만들어졌다.1962년 창사 이래 시멘트사업에 주력해온 쌍용양회는 앞으로 사업영역을 환경 분야로 확장하고, 친환경 자원순환형 사회를 선도하는 종합환경기업으로 도약한다는 계획이다. 2025년까지 환경사업의 비중을 전체 이익(상각 전 영업이익)의 50% 수준까지 확대키로 했다.비전 ‘그린 2030’을 통해 올해부터 ‘환경·사회·지배구조(ESG) 경영’도 본격화한다는 방침이다. 그린 2030에는 탈석탄, 친환경 자가발전 설비 마련 등을 통한 자원순환사회 구축과 공정하고 투명한 경영 체계 확보 등 ESG 경영 실천을 위한 추진 전략이 담겼다. 아울러 정부의 2050 탄소중립 비전과 그린뉴딜에 기여하기 위해 2030년까지 유연탄을 폐플라스틱 등의 순환자원으로 전량 대체하기 위한 투자를 지속해 국내 시멘트업계 최초로 석탄 사용량 제로를 달성한다는 계획이다. 홍사승 쌍용C&E 회장은 “사명 변경을 기점으로 깨끗한 미래 환경을 만드는 데 앞장서는 종합환경기업으로 거듭나고자 한다”며 “탄소중립 실현에 적극 동참하고 사회적 책임 이행과 경영 투명성 제고로 지속가능한 발전을 이어가도록 최선을 다하겠다”고 말했다.김희진 기자 hjin@kyunghyang.com▶ [인터랙티브] 여성, 외치다▶ 경향신문 바로가기▶ 경향신문 구독신청하기©경향신문(www.khan.co.kr), 무단전재 및 재배포 금지",신규 사명  그린 2030  선포식 쌍용양회가 종합환경기업으로 도약하기 위해 새로운 사명인  쌍용C E 를 공식 선포했다. 국내 시멘트업계 최초로 석탄 사용량 제로 탈석탄 를 달성하겠다는 포부도 밝혔다.쌍용양회는 지난 26일 서울 본사에서 신규 사명 선포식을 열고 쌍용C E로의 기업 명칭 변경을 공식 발표했다. 쌍용C E는 기업의 정체성인  쌍용 을 그대로 유지하면서 시멘트와 환경의 이니셜인  C E 를 더해 만들어졌다.1962년 창사 이래 시멘트사업에 주력해온 쌍용양회는 앞으로 사업영역을 환경 분야로 확장하고  친환경 자원순환형 사회를 선도하는 종합환경기업으로 도약한다는 계획이다. 2025년까지 환경사업의 비중을 전체 이익 상각 전 영업이익 의 50  수준까지 확대키로 했다.비전  그린 2030 을 통해 올해부터  환경 사회 지배구조 ESG  경영 도 본격화한다는 방침이다. 그린 2030에는 탈석탄  친환경 자가발전 설비 마련 등을 통한 자원순환사회 구축과 공정하고 투명한 경영 체계 확보 등 ESG 경영 실천을 위한 추진 전략이 담겼다. 아울러 정부의 2050 탄소중립 비전과 그린뉴딜에 기여하기 위해 2030년까지 유연탄을 폐플라스틱 등의 순환자원으로 전량 대체하기 위한 투자를 지속해 국내 시멘트업계 최초로 석탄 사용량 제로를 달성한다는 계획이다. 홍사승 쌍용C E 회장은  사명 변경을 기점으로 깨끗한 미래 환경을 만드는 데 앞장서는 종합환경기업으로 거듭나고자 한다 며  탄소중립 실현에 적극 동참하고 사회적 책임 이행과 경영 투명성 제고로 지속가능한 발전을 이어가도록 최선을 다하겠다 고 말했다.   여성  외치다            및  금지
2021.02.24,쌍용양회   쌍용C E  로 사명 변경,"‘환경 사업’ 확장 의지 더해내달 주주총회서 승인 예정 시멘트 제조를 주력으로 해왔던 쌍용양회가 사명을 ‘쌍용C&E’로 바꾼다. 쌍용양회는 다음달 25일 열리는 정기주주총회에서 새로운 사명인 ‘쌍용C&E’를 승인받은 뒤 공식 선포할 예정이라고 24일 밝혔다. 쌍용양회는 사명에서 시멘트 제조업을 의미하는 ‘양회공업’을 떼고 환경사업으로의 사업영역 확장 의지를 담은 ‘쌍용C&E’로 사명을 변경한다고 설명했다.시멘트 대표 기업으로서 오랜 기간 이어온 기업의 정체성인 ‘쌍용’은 그대로 유지하면서 시멘트와 환경(Cement & Environment)의 영문 앞글자를 딴 ‘C&E’를 더하기로 했다. 홍사승 쌍용양회 회장은 “지난 60여년간 국내 시멘트 산업을 선도하면서 우리나라의 산업화와 경제발전에 기여해왔다”며 “이제는 시멘트 사업을 기반으로 쌓은 노하우를 바탕으로 새롭게 환경사업으로 영역을 확장하고, 깨끗하고 살기 좋은 미래 환경을 만드는 데 앞장서는 종합환경기업으로 거듭날 것”이라고 말했다.쌍용양회는 최근 5년간 매년 1000억원 이상을 친환경 생산설비 구축 등에 투자했으며 지난해 말에는 정관 목적사업에 다수의 환경 관련 사업을 추가했다고 소개했다.송진식 기자 truejs@kyunghyang.com▶ [인터랙티브] 돌아온 광장, 제주도 ‘일호’의 변신▶ 경향신문 바로가기▶ 경향신문 구독신청하기©경향신문(www.khan.co.kr), 무단전재 및 재배포 금지",환경 사업  확장 의지 더해내달 주주총회서 승인 예정 시멘트 제조를 주력으로 해왔던 쌍용양회가 사명을  쌍용C E 로 바꾼다. 쌍용양회는 다음달 25일 열리는 정기주주총회에서 새로운 사명인  쌍용C E 를 승인받은 뒤 공식 선포할 예정이라고 24일 밝혔다. 쌍용양회는 사명에서 시멘트 제조업을 의미하는  양회공업 을 떼고 환경사업으로의 사업영역 확장 의지를 담은  쌍용C E 로 사명을 변경한다고 설명했다.시멘트 대표 기업으로서 오랜 기간 이어온 기업의 정체성인  쌍용 은 그대로 유지하면서 시멘트와 환경 Cement   Environment 의 영문 앞글자를 딴  C E 를 더하기로 했다. 홍사승 쌍용양회 회장은  지난 60여년간 국내 시멘트 산업을 선도하면서 우리나라의 산업화와 경제발전에 기여해왔다 며  이제는 시멘트 사업을 기반으로 쌓은 노하우를 바탕으로 새롭게 환경사업으로 영역을 확장하고  깨끗하고 살기 좋은 미래 환경을 만드는 데 앞장서는 종합환경기업으로 거듭날 것 이라고 말했다.쌍용양회는 최근 5년간 매년 1000억원 이상을 친환경 생산설비 구축 등에 투자했으며 지난해 말에는 정관 목적사업에 다수의 환경 관련 사업을 추가했다고 소개했다.   돌아온 광장  제주도  일호 의 변신            및  금지
2021.05.27,노동부   여성고용 개선 미흡  30개사 명단 공개," 고용노동부가 여성 고용 비율이 낮음에도 개선 노력이 부족한 30개 회사의 명단을 발표했다. 이들 사업장의 여성 노동자 평균 임금 수준은 남성 대비 67.9%였다. 해당 기업은 조달청 등 일부 정부 사업에서 불이익을 받게 된다.노동부는 27일 적극적 고용개선조치 미이행 사업장 30개사를 발표했다. 적극적 고용개선조치는 사업장이 자율적으로 여성 고용기준을 충족하도록 독려해 남녀 고용 평등을 촉진하기 위한 제도다. 지난해 기준 대상 사업장은 공공기관 및 상시 노동자 500인 이상 사업장 2486개사다.미이행 사업장을 규모별로 살펴보면 종사자 1000인 이상 사업장은 대신기공, 미성엠프로, 쌍용C&E(구.쌍용양회공업), 아이비에스인더스트리, 한국금융안전, 현대관리시스템, 현대캐터링시스템으로 총 7개 사다.1000인 미만 사업장은 경동제약, 고려강선, 농협사료, 대아이앤씨, 대창운수, 메타넷대우정보(구.대우정보시스템),미성에스엔피, 송원산업, 에스엔피, 에스텍베스트, 에스텍세이프, 에스텍퍼스트, 에스피에스, 와이솔, 주식회사 대승케이비엠, 참프레, 케이유엠, 케이티링커스, 케이티에스글로벌, 팜한농, 한국철강, 현대하이카손해사정, 흥국생명보험으로 총 23개 사다.이들 사업장은 임금이나 근속연수 등에서 남녀 격차가 심했다. 여성 노동자 평균 임금은 남성의 67.9% 수준이고, 여성 관리자의 평균 임금은 남성 대비 83.7%였다. 여성 노동자의 평균 근속연수는 74.8개월로 남성보다 23.7개월 짧았고, 여성 관리자의 평균 근속연수는 151.5개월로 남성에 비해 7.5개월 적었다.노동부는 해당 사업장의 명칭 및 주소, 사업주 성명, 전체 노동자 수 및 여성 노동자 비율, 전체 노동자 수 및 여성 관리자 비율 등을 노동부 누리집(www.moel.go.kr)에 6개월간 게시한다. 이들 사업장은 조달청 지정 심사 신인도 감점(5점) 및 지정 기간 연장 배제, 가족친화인증 제외 등 불이익을 받는다.김영중 노동부 고용정책실장은 “사업장에서 자율적으로 고용 상황을 살펴보고 성별 격차를 완화해나갈 수 있기를 기대한다”며 “정부도 여성 고용이 확대될 수 있도록 여성의 경력단절 예방 및 일·가정 양립을 위한 정책을 추진하고, 적극적 고용개선조치에 대한 제도개선 노력도 계속해나갈 계획”이라고 밝혔다.고희진 기자 gojin@kyunghyang.com▶ [인터랙티브] 김진숙을 만나다▶ 경향신문 바로가기▶ 경향신문 프리미엄 유료 콘텐츠가 한 달간 무료~©경향신문(www.khan.co.kr), 무단전재 및 재배포 금지",고용노동부가 여성 고용 비율이 낮음에도 개선 노력이 부족한 30개 회사의 명단을 발표했다. 이들 사업장의 여성 노동자 평균 임금 수준은 남성 대비 67.9 였다. 해당 기업은 조달청 등 일부 정부 사업에서 불이익을 받게 된다.노동부는 27일 적극적 고용개선조치 미이행 사업장 30개사를 발표했다. 적극적 고용개선조치는 사업장이 자율적으로 여성 고용기준을 충족하도록 독려해 남녀 고용 평등을 촉진하기 위한 제도다. 지난해 기준 대상 사업장은 공공기관 및 상시 노동자 500인 이상 사업장 2486개사다.미이행 사업장을 규모별로 살펴보면 종사자 1000인 이상 사업장은 대신기공  미성엠프로  쌍용C E 구.쌍용양회공업   아이비에스인더스트리  한국금융안전  현대관리시스템  현대캐터링시스템으로 총 7개 사다.1000인 미만 사업장은 경동제약  고려강선  농협사료  대아이앤씨  대창운수  메타넷대우정보 구.대우정보시스템  미성에스엔피  송원산업  에스엔피  에스텍베스트  에스텍세이프  에스텍퍼스트  에스피에스  와이솔  주식회사 대승케이비엠  참프레  케이유엠  케이티링커스  케이티에스글로벌  팜한농  한국철강  현대하이카손해사정  흥국생명보험으로 총 23개 사다.이들 사업장은 임금이나 근속연수 등에서 남녀 격차가 심했다. 여성 노동자 평균 임금은 남성의 67.9  수준이고  여성 관리자의 평균 임금은 남성 대비 83.7 였다. 여성 노동자의 평균 근속연수는 74.8개월로 남성보다 23.7개월 짧았고  여성 관리자의 평균 근속연수는 151.5개월로 남성에 비해 7.5개월 적었다.노동부는 해당 사업장의 명칭 및 주소  사업주 성명  전체 노동자 수 및 여성 노동자 비율  전체 노동자 수 및 여성 관리자 비율 등을 노동부 누리집 www.moel.go.kr 에 6개월간 게시한다. 이들 사업장은 조달청 지정 심사 신인도 감점 5점  및 지정 기간 연장 배제  가족친화인증 제외 등 불이익을 받는다.김영중 노동부 고용정책실장은  사업장에서 자율적으로 고용 상황을 살펴보고 성별 격차를 완화해나갈 수 있기를 기대한다 며  정부도 여성 고용이 확대될 수 있도록 여성의 경력단절 예방 및 일 가정 양립을 위한 정책을 추진하고  적극적 고용개선조치에 대한 제도개선 노력도 계속해나갈 계획 이라고 밝혔다.   김진숙을 만나다      프리미엄 유료 콘텐츠가 한 달간 무료       및  금지
2021.05.27,여성 고용 개선 미이행 30개 업체 공개,"평균 임금·근속연수 등 차별조달청 등 정부 사업 불이익 고용노동부가 여성 고용 비율이 낮음에도 개선 노력이 부족한 30개 회사의 명단을 발표했다. 이들 사업장의 여성 노동자 평균 임금 수준은 남성 대비 67.9%다. 해당 기업은 조달청 등 일부 정부 사업에서 불이익을 받게 된다. 노동부는 27일 적극적 고용개선조치 미이행 사업장 30개사를 발표했다. 적극적 고용개선조치는 사업장이 자율적으로 여성 고용기준을 충족하도록 독려해 남녀 고용 평등을 촉진하기 위한 제도다. 지난해 기준 대상은 공공기관 및 상시 노동자 500인 이상 사업장 2486개사다. 미이행 사업장을 규모별로 살펴보면 종사자 1000인 이상 사업장은 대신기공, 미성엠프로, 쌍용C&E(구 쌍용양회공업), 아이비에스인더스트리, 한국금융안전, 현대관리시스템, 현대캐터링시스템으로 총 7개사다.미이행 사업장 중 1000인 미만 사업장은 경동제약, 고려강선, 농협사료, 대아이앤씨, 대창운수, 메타넷대우정보(구 대우정보시스템), 미성에스엔피, 송원산업, 에스엔피, 에스텍베스트, 에스텍세이프, 에스텍퍼스트, 에스피에스, 와이솔, 주식회사 대승케이비엠, 참프레, 케이유엠, 케이티링커스, 케이티에스글로벌, 팜한농, 한국철강, 현대하이카손해사정, 흥국생명보험으로 총 23개사다.이들 사업장은 임금이나 근속연수 등에서 남녀 격차가 심했다. 여성 노동자 평균 임금은 남성의 67.9% 수준이고, 여성 관리자의 평균 임금은 남성 대비 83.7%다. 여성 노동자의 평균 근속연수는 74.8개월로 남성보다 23.7개월 짧았고, 여성 관리자의 평균 근속연수는 151.5개월로 남성에 비해 7.5개월 적었다.이들 사업장은 조달청 지정 심사 신인도 감점(5점) 및 지정 기간 연장 배제, 가족친화인증 제외 등 불이익을 받는다. 김영중 노동부 고용정책실장은 “사업장에서 자율적으로 고용 상황을 살펴보고 성별 격차를 완화해나갈 수 있기를 기대한다”며 “정부도 여성 고용이 확대될 수 있도록 제도 개선 노력을 계속해 나갈 계획”이라고 밝혔다.고희진 기자 gojin@kyunghyang.com▶ [인터랙티브] 김진숙을 만나다▶ 경향신문 바로가기▶ 경향신문 프리미엄 유료 콘텐츠가 한 달간 무료~©경향신문(www.khan.co.kr), 무단전재 및 재배포 금지",평균 임금 근속연수 등 차별조달청 등 정부 사업 불이익 고용노동부가 여성 고용 비율이 낮음에도 개선 노력이 부족한 30개 회사의 명단을 발표했다. 이들 사업장의 여성 노동자 평균 임금 수준은 남성 대비 67.9 다. 해당 기업은 조달청 등 일부 정부 사업에서 불이익을 받게 된다. 노동부는 27일 적극적 고용개선조치 미이행 사업장 30개사를 발표했다. 적극적 고용개선조치는 사업장이 자율적으로 여성 고용기준을 충족하도록 독려해 남녀 고용 평등을 촉진하기 위한 제도다. 지난해 기준 대상은 공공기관 및 상시 노동자 500인 이상 사업장 2486개사다. 미이행 사업장을 규모별로 살펴보면 종사자 1000인 이상 사업장은 대신기공  미성엠프로  쌍용C E 구 쌍용양회공업   아이비에스인더스트리  한국금융안전  현대관리시스템  현대캐터링시스템으로 총 7개사다.미이행 사업장 중 1000인 미만 사업장은 경동제약  고려강선  농협사료  대아이앤씨  대창운수  메타넷대우정보 구 대우정보시스템   미성에스엔피  송원산업  에스엔피  에스텍베스트  에스텍세이프  에스텍퍼스트  에스피에스  와이솔  주식회사 대승케이비엠  참프레  케이유엠  케이티링커스  케이티에스글로벌  팜한농  한국철강  현대하이카손해사정  흥국생명보험으로 총 23개사다.이들 사업장은 임금이나 근속연수 등에서 남녀 격차가 심했다. 여성 노동자 평균 임금은 남성의 67.9  수준이고  여성 관리자의 평균 임금은 남성 대비 83.7 다. 여성 노동자의 평균 근속연수는 74.8개월로 남성보다 23.7개월 짧았고  여성 관리자의 평균 근속연수는 151.5개월로 남성에 비해 7.5개월 적었다.이들 사업장은 조달청 지정 심사 신인도 감점 5점  및 지정 기간 연장 배제  가족친화인증 제외 등 불이익을 받는다. 김영중 노동부 고용정책실장은  사업장에서 자율적으로 고용 상황을 살펴보고 성별 격차를 완화해나갈 수 있기를 기대한다 며  정부도 여성 고용이 확대될 수 있도록 제도 개선 노력을 계속해 나갈 계획 이라고 밝혔다.   김진숙을 만나다      프리미엄 유료 콘텐츠가 한 달간 무료       및  금지
2021.10.06,포스코 쌍용C E   제철부산물 활용 탄소배출저감  맞손,"포스코와 쌍용C&E;가 탄소배출 저감을 위해 손을 잡았다. 포스코와 쌍용C&E;는 5일 서울 중구 쌍용C&E; 본사에서 ‘탄소배출 감축 및 ESG 경영협력 MOU’를 체결했다고 밝혔다. 양사는 이번 MOU를 통해 시멘트 생산 공정에 제철 부산물인 ‘수재슬래그’ 사용을 확대하기 위한 인프라를 구축하고, 친환경 시멘트 개발 및 수요 기반 확대 방안도 협의한다.수재슬래그는 용광로에서 쇳물과 함께 배출되는 부산물을 모아 물을 이용해 급랭한 것으로 시멘트와 성분이 비슷하다. 이에 석회석 대신 수재슬래그를 첨가하면 원가절감과 더불어 탄소저감 효과도 볼 수 있다. 일반적으로 시멘트 1t을 생산할 때 석회석의 열분해와 이를 위한 화석연료 사용으로 약 0.8t의 탄소가 발생하기 때문이다. 이번 협력을 통해 쌍용C&E;는 수재슬래그를 저장·활용할 수 있는 지역별 야드를 확보하고, 포스코는 수재슬래그 생산 확대 및 안정적인 공급을 지원키로 했다.",포스코와 쌍용C E 가 탄소배출 저감을 위해 손을 잡았다. 포스코와 쌍용C E 는 5일 서울 중구 쌍용C E  본사에서  탄소배출 감축 및 ESG 경영협력 MOU 를 체결했다고 밝혔다. 양사는 이번 MOU를 통해 시멘트 생산 공정에 제철 부산물인  수재슬래그  사용을 확대하기 위한 인프라를 구축하고  친환경 시멘트 개발 및 수요 기반 확대 방안도 협의한다.수재슬래그는 용광로에서 쇳물과 함께 배출되는 부산물을 모아 물을 이용해 급랭한 것으로 시멘트와 성분이 비슷하다. 이에 석회석 대신 수재슬래그를 첨가하면 원가절감과 더불어 탄소저감 효과도 볼 수 있다. 일반적으로 시멘트 1t을 생산할 때 석회석의 열분해와 이를 위한 화석연료 사용으로 약 0.8t의 탄소가 발생하기 때문이다. 이번 협력을 통해 쌍용C E 는 수재슬래그를 저장 활용할 수 있는 지역별 야드를 확보하고  포스코는 수재슬래그 생산 확대 및 안정적인 공급을 지원키로 했다.
2021.03.29,쌍용C E   종합환경기업 새 출발  사명 선포식,"시멘트에 ‘환경’ 이니셜 합쳐시멘트 기업 쌍용양회가 새로운 사명 쌍용C&E;를 공식 선포했다. 신규 사명인 쌍용C&E;는 기업의 정체성인 쌍용을 그대로 유지하면서 시멘트(Cement)와 환경(Environment)의 이니셜인 ‘C&E;’를 더해 만들었다. 쌍용C&E;는 지난 26일 서울 중구 본사에서 신규 사명 선포식을 열고 기존 시멘트사업 중심의 비즈니스 모델에서 벗어나 2025년까지 환경사업의 비중을 전체 이익(EBITDA, 상각전영업이익)의 50% 수준까지 확대하겠다는 구체적인 목표도 제시했다.이어 비전 ‘Green2030’을 발표하고 올해부터 ESG 경영을 본격화하겠다는 의지도 표명했다. 탈석탄·친환경 자가발전 설비 마련과 사회공헌활동 강화, 준법·윤리경영 생활 등 ESG 경영 실천을 위한 추진 전략과 주요 목표가 담겼다.이택현 기자 alley@kmib.co.kr▶ 네이버에서 국민일보를 구독하세요(클릭)▶ 국민일보 홈페이지 바로가기GoodNews paper ⓒ 국민일보(www.kmib.co.kr), 무단전재 및 수집, 재배포금지",시멘트에  환경  이니셜 합쳐시멘트 기업 쌍용양회가 새로운 사명 쌍용C E 를 공식 선포했다. 신규 사명인 쌍용C E 는 기업의 정체성인 쌍용을 그대로 유지하면서 시멘트 Cement 와 환경 Environment 의 이니셜인  C E  를 더해 만들었다. 쌍용C E 는 지난 26일 서울 중구 본사에서 신규 사명 선포식을 열고 기존 시멘트사업 중심의 비즈니스 모델에서 벗어나 2025년까지 환경사업의 비중을 전체 이익 EBITDA  상각전영업이익 의 50  수준까지 확대하겠다는 구체적인 목표도 제시했다.이어 비전  Green2030 을 발표하고 올해부터 ESG 경영을 본격화하겠다는 의지도 표명했다. 탈석탄 친환경 자가발전 설비 마련과 사회공헌활동 강화  준법 윤리경영 생활 등 ESG 경영 실천을 위한 추진 전략과 주요 목표가 담겼다.이택현 기자 alley kmib.co.kr  네이버에서 국민일보를 구독하세요 클릭   국민일보 홈페이지 GoodNews paper   국민일보 www.kmib.co.kr    및 수집  금지
2021.11.24,거대 천국 계단 아래 에메랄드빛 호수   별유천지,"볼 것·탈 것 많은 ‘핫’한 강원도 동해강원도 동해시가 요즘 매우 '핫'하다. 올해 들어 인기 있는 관광시설이 잇따라 들어서면서 찾는 발걸음이 부쩍 늘었다. 지난 6월 개장한 묵호 도째비골 스카이밸리 및 해랑전망대, 무릉계곡 마천루에 이어 지난 20일 무릉별유천지가 정식 오픈했다.무릉별유천지는 1968년부터 시멘트 원료인 석회석을 캐던 광산 부지였다. 석회석이 더이상 나오지 않아 2017년 문을 닫았다.50년간 석회석을 채굴하면서 황무지로 변한 국내 최대 규모의 삭막한 폐광지가 다양한 볼거리와 체험시설을 갖추며 축구장 150배 면적에 달하는 107만㎡(32만4000여 평) 규모의 이색 복합체험 관광단지로 탈바꿈했다.무릉별유천지의 최대 강점은 이색적인 풍경이다. 270m 절벽에 거대한 천국의 계단처럼 세운 전망대에 올라서면 전경을 한눈에 내려다볼 수 있다. 전망대 이름은 ‘두 마리의 용’을 뜻하는 ‘두미르’다. 부지를 기부채납한 쌍용C&E;의 ‘쌍용’을 순우리말로 바꾼 것이다.발아래 에메랄드빛이 감도는 15만5000㎡ 규모의 호수가 두 개로 나뉘어 있다. 왼쪽이 금곡호(3만㎡), 오른쪽이 청옥호(12만5000㎡). 채석 과정에서 생성된 웅덩이에 물이 차오르면서 생겨난 호수의 수심은 5m 정도지만, 깊은 곳은 30m에 이른다. 석회 물질이 물에 녹아 옥빛을 띤다. 전망대 아래와 뒤는 석회석 절개면이 웅장한 요새 같은 절벽을 이루고 있다.머리에 새를 얹은 철골과 시멘트 구조물로 설치된 ‘거인의 휴식’.호수 주변에 라벤더 정원과 코스모스밭이 조성됐다. 청옥호 주변 1.8㎞의 호수둘레길에 ‘거인의 휴식’ 조형물이 독특하다.석회석 원석을 잘게 파쇄하던 쇄석장은 리모델링해 안내 센터 및 근대 유물 보존 등 공간으로 활용되고 있다.인근 두타산 무릉계곡에는 지난해 베틀바위 산성길에 이어 지난 6월 두타산 협곡길 마천루가 개장했다. 험준한 산악지형으로 일반 등산객이 접근하기 어려웠던 절벽을 따라 나무데크 길을 조성했다. 깎아지른 절벽과 기암괴석이 빚어내는 풍광이 바라보는 즐거움과 아찔함을 선사한다.마천루 전망대 너머로 아스라이 보이는 용추폭포.하늘에 닿을 듯 높이 솟은 마천루는 해발 470m다. 낭떠러지 위 전망대에 서면 백두대간 능선 아래로 용추폭포가 보인다.논골담길 묵호등대 인근에 ‘도째비골 스카이밸리’가 들어섰다. 도째비는 도깨비의 강원도 방언이다. 스카이워크와 스카이 사이클, 자이언트 슬라이드 등을 갖췄다.높이 59m, 길이 160m로 바다를 향해 뻗어 있는 스카이워크에 올라서면 동해의 푸른 바다가 아스라이 펼쳐진다. 바닥은 구멍 뚫린 격자망이나 투명 유리로 돼 있어 바다 위를 걷는 듯한 짜릿함을 준다. 도깨비방망이를 통해 만개했다는 스토리를 담은 슈퍼트리 조형물이 이색적이다.도째비골 스카이워크와 바다 위 해랑 전망대.바로 아래 바다 위에는 도깨비방망이를 형상화한 길이 85m의 해상보도교량 ‘해랑 전망대’가 자리 잡았다.해가 저물면 ‘도째비골’은 바다 위에 뜬 달 아래 형형색색의 조명을 받아 화려한 야경을 선사한다.여행메모서울~강릉~동해 KTX 2시간 30여분망상오토캠핑리조트 새 단장 개장통나무집과 콘도형 숙소를 갖춘 망상오토캠핑리조트.서울에서 강릉을 경유해 동해역까지 KTX가 운행한다. 2시간 30여분 걸린다. 무릉계곡, 도째비골 등은 동해 시내버스로 다가갈 수 있다.무릉별유천지의 스카이 글라이더와 안내센터는 제1주차장이, 롤러코스터형 집라인과 알파인코스터 등은 제2주차장이 편하다. 양쪽을 오가는 셔틀버스가 운행 중이다. 무릉계곡은 주차비 2000원, 입장료 2000원을 내야 한다.도째비골 스카이밸리에서는 협소한 묵호등대 주차장 대신 해변도로 무료 공영주차장을 이용하는 게 편하다. 무릉별유천지와 도째비골 스카이밸리는 오전 10부터 오후 5시 또는 6시까지 운영하며 매주 월요일은 정기 휴무다.도째비골 인근 어달해변, 대진해변 등에서 물회, 곰칫국 등을 맛볼 수 있으며 묵호항 수산물센터에서 싱싱한 회를 구할 수 있다. 무릉계곡 입구 친환경 힐링센터인 동해 무릉건강숲의 힐링 숙박동은 황토와 편백, 화이트 견운모로 마감한 친환경 숙소다.2019년 4월 동해안 대형 산불로 잿더미로 변했던 망상오토캠핑리조트가 새 단장을 마치고 24일 문을 열었다.",볼 것 탈 것 많은  핫 한 강원도 동해강원도 동해시가 요즘 매우  핫 하다. 올해 들어 인기 있는 관광시설이 잇따라 들어서면서 찾는 발걸음이 부쩍 늘었다. 지난 6월 개장한 묵호 도째비골 스카이밸리 및 해랑전망대  무릉계곡 마천루에 이어 지난 20일 무릉별유천지가 정식 오픈했다.무릉별유천지는 1968년부터 시멘트 원료인 석회석을 캐던 광산 부지였다. 석회석이 더이상 나오지 않아 2017년 문을 닫았다.50년간 석회석을 채굴하면서 황무지로 변한 국내 최대 규모의 삭막한 폐광지가 다양한 볼거리와 체험시설을 갖추며 축구장 150배 면적에 달하는 107만  32만4000여 평  규모의 이색 복합체험 관광단지로 탈바꿈했다.무릉별유천지의 최대 강점은 이색적인 풍경이다. 270m 절벽에 거대한 천국의 계단처럼 세운 전망대에 올라서면 전경을 한눈에 내려다볼 수 있다. 전망대 이름은  두 마리의 용 을 뜻하는  두미르 다. 부지를 기부채납한 쌍용C E 의  쌍용 을 순우리말로 바꾼 것이다.발아래 에메랄드빛이 감도는 15만5000  규모의 호수가 두 개로 나뉘어 있다. 왼쪽이 금곡호 3만    오른쪽이 청옥호 12만5000  . 채석 과정에서 생성된 웅덩이에 물이 차오르면서 생겨난 호수의 수심은 5m 정도지만  깊은 곳은 30m에 이른다. 석회 물질이 물에 녹아 옥빛을 띤다. 전망대 아래와 뒤는 석회석 절개면이 웅장한 요새 같은 절벽을 이루고 있다.머리에 새를 얹은 철골과 시멘트 구조물로 설치된  거인의 휴식 .호수 주변에 라벤더 정원과 코스모스밭이 조성됐다. 청옥호 주변 1.8 의 호수둘레길에  거인의 휴식  조형물이 독특하다.석회석 원석을 잘게 파쇄하던 쇄석장은 리모델링해 안내 센터 및 근대 유물 보존 등 공간으로 활용되고 있다.인근 두타산 무릉계곡에는 지난해 베틀바위 산성길에 이어 지난 6월 두타산 협곡길 마천루가 개장했다. 험준한 산악지형으로 일반 등산객이 접근하기 어려웠던 절벽을 따라 나무데크 길을 조성했다. 깎아지른 절벽과 기암괴석이 빚어내는 풍광이 바라보는 즐거움과 아찔함을 선사한다.마천루 전망대 너머로 아스라이 보이는 용추폭포.하늘에 닿을 듯 높이 솟은 마천루는 해발 470m다. 낭떠러지 위 전망대에 서면 백두대간 능선 아래로 용추폭포가 보인다.논골담길 묵호등대 인근에  도째비골 스카이밸리 가 들어섰다. 도째비는 도깨비의 강원도 방언이다. 스카이워크와 스카이 사이클  자이언트 슬라이드 등을 갖췄다.높이 59m  길이 160m로 바다를 향해 뻗어 있는 스카이워크에 올라서면 동해의 푸른 바다가 아스라이 펼쳐진다. 바닥은 구멍 뚫린 격자망이나 투명 유리로 돼 있어 바다 위를 걷는 듯한 짜릿함을 준다. 도깨비방망이를 통해 만개했다는 스토리를 담은 슈퍼트리 조형물이 이색적이다.도째비골 스카이워크와 바다 위 해랑 전망대.바로 아래 바다 위에는 도깨비방망이를 형상화한 길이 85m의 해상보도교량  해랑 전망대 가 자리 잡았다.해가 저물면  도째비골 은 바다 위에 뜬 달 아래 형형색색의 조명을 받아 화려한 야경을 선사한다.여행메모서울 강릉 동해 KTX 2시간 30여분망상오토캠핑리조트 새 단장 개장통나무집과 콘도형 숙소를 갖춘 망상오토캠핑리조트.서울에서 강릉을 경유해 동해역까지 KTX가 운행한다. 2시간 30여분 걸린다. 무릉계곡  도째비골 등은 동해 시내버스로 다가갈 수 있다.무릉별유천지의 스카이 글라이더와 안내센터는 제1주차장이  롤러코스터형 집라인과 알파인코스터 등은 제2주차장이 편하다. 양쪽을 오가는 셔틀버스가 운행 중이다. 무릉계곡은 주차비 2000원  입장료 2000원을 내야 한다.도째비골 스카이밸리에서는 협소한 묵호등대 주차장 대신 해변도로 무료 공영주차장을 이용하는 게 편하다. 무릉별유천지와 도째비골 스카이밸리는 오전 10부터 오후 5시 또는 6시까지 운영하며 매주 월요일은 정기 휴무다.도째비골 인근 어달해변  대진해변 등에서 물회  곰칫국 등을 맛볼 수 있으며 묵호항 수산물센터에서 싱싱한 회를 구할 수 있다. 무릉계곡 입구 친환경 힐링센터인 동해 무릉건강숲의 힐링 숙박동은 황토와 편백  화이트 견운모로 마감한 친환경 숙소다.2019년 4월 동해안 대형 산불로 잿더미로 변했던 망상오토캠핑리조트가 새 단장을 마치고 24일 문을 열었다.
2021.06.23,소비자가 뽑는  2021 올해의 브랜드 대상  투표 실시,"한국소비자포럼(대표 전재호)은 ‘2021 올해의 브랜드 대상’을 뽑는 대국민 소비자 투표를 통해 올 한 해 동안 변치 않는 자신의 가치로 국민에게 가장 많은 사랑을 받은 브랜드를 선정한다고 밝혔다.올해의 브랜드 대상은 지난 2003년 제정되어 매년 한 해를 빛낸 최고의 브랜드를 소비자 직접 투표를 통해 선정하고 있다. 투표와 심의를 거쳐 부문별 2021 올해의 브랜드를 선정하며 이번 투표는 ICT, 가전, 건강, 교육, 금융, 쇼핑, 외식, 식품 등 13개 부문 1847개 브랜드를 대상으로 진행된다. 선정된 브랜드는 소비자가 뽑은 ‘올해의 ○○○’ 라는 영예로운 타이틀을 얻는 영광을 가진다.최근 많은 소비자들의 주목을 받는 산업군의 후보는 다음과 같다.홈프로젝터의 수요는 집안에 머무는 시간이 늘면서 함께 상승하였고 가정용홈시네마 부문에 LG 시네빔, SONY, 벤큐, 뷰소닉, 삼성 더 프리미어, 옵토마가 후보로 올랐다.여름이 다가오면서 집에서도 간편하게 사용할 수 있는 가정용제모기에 소비자들의 관심도가 높다. 제모기 부문에서는 라피타, 실큰, 유라이크, 이오시카, 트리아가 후보에 올라 치열한 경쟁이 예상된다.코로나19 이후 필수 생활용품으로 자리잡은 미세먼지마스크 부문에서는 닥터스마일케이, 미마마스크, 아에르, 애니가드, 에버그린, 에어데이즈, 에이퓨리, 에티카, 웰킵스, 톤업핏 마스크, 힐메이드가 후보에 포함되어 경쟁을 펼친다.국내 여성 갱년기 환자 수가 70만명에 육박하면서 중년 여성들의 주요관심사로 떠오른 여성갱년기 건강식품 부문에는 르시크릿, 리피어라, 엘루비, 우먼솔루션, 화애락, 훼라민Q가 이름을 올렸다.외식이 줄고 집에서 식사하는 횟수가 증가하면서 주방 필수 가전이 된 음식물처리기 부문에서는 린클, 블랙홀제로, 스마트카라, 싱크리더, 싱크퓨어, 에코체, 웰릭스가 경쟁을 펼친다.정부의 주택 공급 확대 정책에 따른 건설경기 회복세와 맞물려 시멘트 출하량이 크게 증가했다. 삼표시멘트, 성신양회, 쌍용C&E;, 아세아시멘트, 한라시멘트, 한일시멘트, 한일현대시멘트가 시멘트 부문 후보에 올랐다.골프는 최근 2030 젊은 세대들에게 사랑받는 스포츠 중 하나로 손꼽히며 업계 호황기를 보내고 있다. 골프클럽 부문에는 미즈노, 스릭슨, 젝시오, 캘러웨이, 타이틀리스트, 테일러메이드, 핑이 후보에 포함됐다.마스크 착용의 의무화로 개인 구강위생을 위한 구강세정기의 수요가 폭발적으로 증가했다. 아쿠아픽, 에어플로스, 워터픽, 파나소닉이 구강세정기 부문 후보로 올라 경쟁을 펼친다.티백, 분말스틱 등 간편한 형태의 제품으로 소비자에게 인기를 얻고 있는 기능성차 부문에는 담터, 동서, 오설록, 티젠이 후보로 포함됐다.더불어 중국 현지에서도 2021년을 빛낸 대한민국 브랜드를 선정하는 소비자 투표가 인민일보 인민망 홈페이지 및 모바일 페이지를 통해 진행된다.마스크 착용이 일상화되면서 한국의 병원화장품이 피부트러블에 효과가 좋아 중국에서도 큰 인기를 얻고 있다. 센텔리안24, 셀블룸, 에스트라, 이지듀, 파티온은 병원화장품 중국부문 후보에 올랐다.여름이 다가오면서 선크림은 일상생활의 필수품이 되었다. 선크림 부문에는 RNW, VT, W.LAB, 닥터지, 레시피, 비디비치, 샹프리, 셀퓨전씨가 후보에 포함됐다.프리미엄 이미지를 가진 한국 브랜드를 찾는 중국 소비자들이 늘면서 중국 가공유 시장에서는 매일유업, 빙그레가 함께 후보에 올라 경쟁을 펼친다.마스크팩은 K뷰티를 전 세계에 알린 일등공신이다. 중국현지에서는 Gik, JM solution, SNP, 닥터자르트, 리더스코스메틱, 멀블리스, 메디힐, 원진이펙트, 제이준코스메틱이 마스크팩 부문 후보에 포함됐다.한편, 2021 올해의 브랜드 대상 대국민 소비자 투표는 온라인 및 모바일과 1:1 유선조사를 통해 진행된다. 6월 21일부터 7월 4일까지 대한민국 15세 이상 소비자라면 올해의 브랜드 대상 홈페이지를 통해 투표에 참여할 수 있고 오는 8월 선정된 브랜드가 발표된다.디지털뉴스센터 이지현 elin@kmib.co.kr▶ 네이버에서 국민일보를 구독하세요(클릭)▶ ‘치우침 없는 뉴스’ 국민일보 신문 구독하기(클릭)GoodNews paper ⓒ 국민일보(www.kmib.co.kr), 무단전재 및 수집, 재배포금지",한국소비자포럼 대표 전재호 은  2021 올해의 브랜드 대상 을 뽑는 대국민 소비자 투표를 통해 올 한 해 동안 변치 않는 자신의 가치로 국민에게 가장 많은 사랑을 받은 브랜드를 선정한다고 밝혔다.올해의 브랜드 대상은 지난 2003년 제정되어 매년 한 해를 빛낸 최고의 브랜드를 소비자 직접 투표를 통해 선정하고 있다. 투표와 심의를 거쳐 부문별 2021 올해의 브랜드를 선정하며 이번 투표는 ICT  가전  건강  교육  금융  쇼핑  외식  식품 등 13개 부문 1847개 브랜드를 대상으로 진행된다. 선정된 브랜드는 소비자가 뽑은  올해의      라는 영예로운 타이틀을 얻는 영광을 가진다.최근 많은 소비자들의 주목을 받는 산업군의 후보는 다음과 같다.홈프로젝터의 수요는 집안에 머무는 시간이 늘면서 함께 상승하였고 가정용홈시네마 부문에 LG 시네빔  SONY  벤큐  뷰소닉  삼성 더 프리미어  옵토마가 후보로 올랐다.여름이 다가오면서 집에서도 간편하게 사용할 수 있는 가정용제모기에 소비자들의 관심도가 높다. 제모기 부문에서는 라피타  실큰  유라이크  이오시카  트리아가 후보에 올라 치열한 경쟁이 예상된다.코로나19 이후 필수 생활용품으로 자리잡은 미세먼지마스크 부문에서는 닥터스마일케이  미마마스크  아에르  애니가드  에버그린  에어데이즈  에이퓨리  에티카  웰킵스  톤업핏 마스크  힐메이드가 후보에 포함되어 경쟁을 펼친다.국내 여성 갱년기 환자 수가 70만명에 육박하면서 중년 여성들의 주요관심사로 떠오른 여성갱년기 건강식품 부문에는 르시크릿  리피어라  엘루비  우먼솔루션  화애락  훼라민Q가 이름을 올렸다.외식이 줄고 집에서 식사하는 횟수가 증가하면서 주방 필수 가전이 된 음식물처리기 부문에서는 린클  블랙홀제로  스마트카라  싱크리더  싱크퓨어  에코체  웰릭스가 경쟁을 펼친다.정부의 주택 공급 확대 정책에 따른 건설경기 회복세와 맞물려 시멘트 출하량이 크게 증가했다. 삼표시멘트  성신양회  쌍용C E   아세아시멘트  한라시멘트  한일시멘트  한일현대시멘트가 시멘트 부문 후보에 올랐다.골프는 최근 2030 젊은 세대들에게 사랑받는 스포츠 중 하나로 손꼽히며 업계 호황기를 보내고 있다. 골프클럽 부문에는 미즈노  스릭슨  젝시오  캘러웨이  타이틀리스트  테일러메이드  핑이 후보에 포함됐다.마스크 착용의 의무화로 개인 구강위생을 위한 구강세정기의 수요가 폭발적으로 증가했다. 아쿠아픽  에어플로스  워터픽  파나소닉이 구강세정기 부문 후보로 올라 경쟁을 펼친다.티백  분말스틱 등 간편한 형태의 제품으로 소비자에게 인기를 얻고 있는 기능성차 부문에는 담터  동서  오설록  티젠이 후보로 포함됐다.더불어 중국 현지에서도 2021년을 빛낸 대한민국 브랜드를 선정하는 소비자 투표가 인민일보 인민망 홈페이지 및 모바일 페이지를 통해 진행된다.마스크 착용이 일상화되면서 한국의 병원화장품이 피부트러블에 효과가 좋아 중국에서도 큰 인기를 얻고 있다. 센텔리안24  셀블룸  에스트라  이지듀  파티온은 병원화장품 중국부문 후보에 올랐다.여름이 다가오면서 선크림은 일상생활의 필수품이 되었다. 선크림 부문에는 RNW  VT  W.LAB  닥터지  레시피  비디비치  샹프리  셀퓨전씨가 후보에 포함됐다.프리미엄 이미지를 가진 한국 브랜드를 찾는 중국 소비자들이 늘면서 중국 가공유 시장에서는 매일유업  빙그레가 함께 후보에 올라 경쟁을 펼친다.마스크팩은 K뷰티를 전 세계에 알린 일등공신이다. 중국현지에서는 Gik  JM solution  SNP  닥터자르트  리더스코스메틱  멀블리스  메디힐  원진이펙트  제이준코스메틱이 마스크팩 부문 후보에 포함됐다.한편  2021 올해의 브랜드 대상 대국민 소비자 투표는 온라인 및 모바일과 1 1 유선조사를 통해 진행된다. 6월 21일부터 7월 4일까지 대한민국 15세 이상 소비자라면 올해의 브랜드 대상 홈페이지를 통해 투표에 참여할 수 있고 오는 8월 선정된 브랜드가 발표된다.디지털뉴스센터 이지현 elin kmib.co.kr  네이버에서 국민일보를 구독하세요 클릭    치우침 없는 뉴스  국민일보 신문  클릭 GoodNews paper   국민일보 www.kmib.co.kr    및 수집  금지
2021.03.30,쌍용양회 쌍용C E   환경업 강화,"쌍용양회는 29일 사명을 ‘쌍용C&E’(로고)로 바꾸고 종합 환경기업으로의 도약을 선언한다고 밝혔다. 쌍용C&E는 기존 시멘트 사업 외에 2025년까지 환경사업 비중을 전체 이익(EBITDA·상각 전 영업이익)의 50%로 확대한다고 밝혔다. 쌍용C&E는 ‘쌍용’을 유지하면서 시멘트(Cement)와 환경(Environment)의 앞글자인 ‘C&E’를 더해 만들었다. 홍사승 쌍용C&E 회장은 “1962년 창사 이래 60여 년 동안 시멘트사업 한길을 걸어왔다. 사명 변경을 기점으로 깨끗한 미래 환경을 만드는 종합 환경기업으로 거듭나겠다”며 “사업 영역을 환경 분야로 확장하고, 친환경 자원순환형 사회를 선도하겠다”고 말했다. 쌍용C&E는 한앤컴퍼니가 출자한 특수목적법인(SPC) 한앤코시멘트홀딩스(77.68%)가 최대주주다. 변종국 기자 bjk@donga.com▶ 네이버에서 [동아일보] 채널 구독하기▶ 영원한 이별 앞에서 ‘환생’의 문을 열다▶ 멀티미디어 스토리텔링 ‘The Original’ⓒ 동아일보 & donga.com, 무단 전재 및 재배포 금지",쌍용양회는 29일 사명을  쌍용C E  로고 로 바꾸고 종합 환경기업으로의 도약을 선언한다고 밝혔다. 쌍용C E는 기존 시멘트 사업 외에 2025년까지 환경사업 비중을 전체 이익 EBITDA 상각 전 영업이익 의 50 로 확대한다고 밝혔다. 쌍용C E는  쌍용 을 유지하면서 시멘트 Cement 와 환경 Environment 의 앞글자인  C E 를 더해 만들었다. 홍사승 쌍용C E 회장은  1962년 창사 이래 60여 년 동안 시멘트사업 한길을 걸어왔다. 사명 변경을 기점으로 깨끗한 미래 환경을 만드는 종합 환경기업으로 거듭나겠다 며  사업 영역을 환경 분야로 확장하고  친환경 자원순환형 사회를 선도하겠다 고 말했다. 쌍용C E는 한앤컴퍼니가 출자한 특수목적법인 SPC  한앤코시멘트홀딩스 77.68  가 최대주주다. 변종국 기
2021.11.05,업계 최초  탈석탄 경영  선포  폐플라스틱 재활용으로 자원순환 앞장,"쌍용C&E;홍사승 대표집행임원 회장쌍용C&E는 올해 창사 이래 59년 동안 유지해 온 사명 ‘쌍용양회’를 ‘쌍용C&E’로 새롭게 바꿨다. 시멘트사업을 기반으로 환경사업까지 사업영역을 확대하고 궁극적으로는 종합환경기업으로 도약하겠다는 의미에서 Cement&Environment의 첫 글자를 따서 ‘쌍용C&E’로 바궜다. 또 ESG(환경, 사회, 지배구조) 경영비전인 ‘Green 2030’을 함께 선포하면서 핵심 목표로 2030년 유연탄 사용량을 ‘제로(0)’로 줄이는 ‘탈석탄 경영’을 업계 최초로 선언했다. 쌍용C&E는 2020년 100만 t 수준까지 감축한 유연탄 사용량을 2025년에는 절반 수준인 50만 t, 그리고 2030년에는 실질적인 유연탄 사용량 ‘0’ 달성을 목표로 제시했다.  쌍용C&E의 ESG 경영비전인 ‘Green 2030’은 △탈석탄·친환경 자가발전 설비 마련 등을 통한 자원순환사회 구축 △사회공헌활동 강화 등 기업의 사회적 책임 실천 △준법·윤리경영 생활화 △공정하고 투명한 경영 체계 지향 등의 내용을 담고 있다. 이를 통해 기후환경 변화에 대응하고 지속성장 가능기업의 기반을 마련해 초격차 경쟁력을 확보해 나간다는 계획이다.  구체적으로는 최근 급증하고 있는 폐플라스틱 등을 연료로 사용하는 것이다. 폐플라스틱은 석유정제 과정에서 발생하는 원료로 만들어지는데, 일정 온도 이상으로 가열하면 유연탄과 비슷한 발열량을 나타내기 때문에 충분히 연료로 사용할 수 있다.  2018년 12월에 열린 이사회에서 쌍용C&E는 폐플라스틱 사용량을 확대하기 위한 제반 설비를 구축하는 내용의 대규모 투자를 결정했다. 그리고 2년 동안 1000억 원이 넘는 투자를 통해 폐플라스틱 사용량 확대를 위한 설비의 신·증설, 개조, 관련 인프라를 구축하는 것으로 지난해 11월 성공적인 투자공사를 통해 본격적으로 가동하기 시작했다. 2019년 150만 t 수준이었던 유연탄 사용량이 지난해 100만 t까지 줄었고, 폐합성수지는 70만 t 수준까지 확대 처리할 수 있는 설비를 갖췄다.  이는 여러 분야에서 의미 있는 성과로 이어지고 있다. 폐플라스틱 재활용을 통해 사회적으로 큰 이슈였던 경북 의성군의 쓰레기산을 없애는 데 적극 앞장서 온실가스 감축에 크게 기여했다. 또 쌍용C&E가 폐플라스틱으로 유연탄을 대체하는 비율이 30% 수준을 상회하면서 질소산화물이 줄었고 대기환경질도 개선됐다. 다시 말해 전 지구적 환경문제에 기여하고 있는 것이다. 쌍용C&E가 이런 성과를 낼 수 있었던 이면에는 해외사례를 그대로 벤치마킹하지 않고 현장에 맞게 설비를 개조했기 때문이다. 또 원활한 운영을 위한 현장 직원들의 노력이 숨어 있었다. 초창기에는 신종 코로나바이러스 감염증(코로나19)의 확산세로 예정돼 있던 해외 전문가의 직접 자문과 자원이 어려워지는 등 위기도 있었지만 국내외 전문가 및 현장 직원들의 협조와 수많은 가상실험을 통해 문제를 해결해 나갔다. 이 같은 성공적인 투자를 통해 얻은 자신감을 바탕으로 쌍용C&E는 향후 정부의 2050 탄소중립 비전 실천 및 그린뉴딜에 동참할 예정이다. 또 시멘트 기업으로서의 사회적 책임을 완수하고 2030년 탈석탄 실현을 위한 대규모 추가 투자를 이어나갈 계획이다. 소성로(Kiln)의 메인 버너 효율을 높이고 구형 설비의 개조는 물론이고 설비운영 능력의 향상과 순환연료의 품질을 높이는 방안도 함께 마련하고 있다.  또 폐기물의 연료 대체가 활발하게 이뤄지고 있는 해외 시멘트산업의 사례, 특히 최근 2050 탄소중립 로드맵(폐기물의 열량 대체율 2030년 60%, 2050년 90% 달성)을 발표한 유럽시멘트협회와의 정보 교류와 벤치마킹 등을 통해 폐플라스틱의 재활용을 지속적으로 확대해 나간다는 방침이다.  쌍용C&E 관계자는 “앞으로도 시멘트 기업으로서의 폐기물 재활용 확대를 통한 환경보호에 앞장서 ESG 경영 혁신을 실천하겠다”며 “더불어 기업의 사회적 책임을 다하고 자원순환사회 구축을 선도하는 첨병으로서 끊임없는 혁신을 추구해 나갈 것”이라고 말했다.",쌍용C E 홍사승 대표집행임원 회장쌍용C E는 올해 창사 이래 59년 동안 유지해 온 사명  쌍용양회 를  쌍용C E 로 새롭게 바꿨다. 시멘트사업을 기반으로 환경사업까지 사업영역을 확대하고 궁극적으로는 종합환경기업으로 도약하겠다는 의미에서 Cement Environment의 첫 글자를 따서  쌍용C E 로 바궜다. 또 ESG 환경  사회  지배구조  경영비전인  Green 2030 을 함께 선포하면서 핵심 목표로 2030년 유연탄 사용량을  제로 0  로 줄이는  탈석탄 경영 을 업계 최초로 선언했다. 쌍용C E는 2020년 100만 t 수준까지 감축한 유연탄 사용량을 2025년에는 절반 수준인 50만 t  그리고 2030년에는 실질적인 유연탄 사용량  0  달성을 목표로 제시했다.  쌍용C E의 ESG 경영비전인  Green 2030 은  탈석탄 친환경 자가발전 설비 마련 등을 통한 자원순환사회 구축  사회공헌활동 강화 등 기업의 사회적 책임 실천  준법 윤리경영 생활화  공정하고 투명한 경영 체계 지향 등의 내용을 담고 있다. 이를 통해 기후환경 변화에 대응하고 지속성장 가능기업의 기반을 마련해 초격차 경쟁력을 확보해 나간다는 계획이다.  구체적으로는 최근 급증하고 있는 폐플라스틱 등을 연료로 사용하는 것이다. 폐플라스틱은 석유정제 과정에서 발생하는 원료로 만들어지는데  일정 온도 이상으로 가열하면 유연탄과 비슷한 발열량을 나타내기 때문에 충분히 연료로 사용할 수 있다.  2018년 12월에 열린 이사회에서 쌍용C E는 폐플라스틱 사용량을 확대하기 위한 제반 설비를 구축하는 내용의 대규모 투자를 결정했다. 그리고 2년 동안 1000억 원이 넘는 투자를 통해 폐플라스틱 사용량 확대를 위한 설비의 신 증설  개조  관련 인프라를 구축하는 것으로 지난해 11월 성공적인 투자공사를 통해 본격적으로 가동하기 시작했다. 2019년 150만 t 수준이었던 유연탄 사용량이 지난해 100만 t까지 줄었고  폐합성수지는 70만 t 수준까지 확대 처리할 수 있는 설비를 갖췄다.  이는 여러 분야에서 의미 있는 성과로 이어지고 있다. 폐플라스틱 재활용을 통해 사회적으로 큰 이슈였던 경북 의성군의 쓰레기산을 없애는 데 적극 앞장서 온실가스 감축에 크게 기여했다. 또 쌍용C E가 폐플라스틱으로 유연탄을 대체하는 비율이 30  수준을 상회하면서 질소산화물이 줄었고 대기환경질도 개선됐다. 다시 말해 전 지구적 환경문제에 기여하고 있는 것이다. 쌍용C E가 이런 성과를 낼 수 있었던 이면에는 해외사례를 그대로 벤치마킹하지 않고 현장에 맞게 설비를 개조했기 때문이다. 또 원활한 운영을 위한 현장 직원들의 노력이 숨어 있었다. 초창기에는 신종 코로나바이러스 감염증 코로나19 의 확산세로 예정돼 있던 해외 전문가의 직접 자문과 자원이 어려워지는 등 위기도 있었지만 국내외 전문가 및 현장 직원들의 협조와 수많은 가상실험을 통해 문제를 해결해 나갔다. 이 같은 성공적인 투자를 통해 얻은 자신감을 바탕으로 쌍용C E는 향후 정부의 2050 탄소중립 비전 실천 및 그린뉴딜에 동참할 예정이다. 또 시멘트 기업으로서의 사회적 책임을 완수하고 2030년 탈석탄 실현을 위한 대규모 추가 투자를 이어나갈 계획이다. 소성로 Kiln 의 메인 버너 효율을 높이고 구형 설비의 개조는 물론이고 설비운영 능력의 향상과 순환연료의 품질을 높이는 방안도 함께 마련하고 있다.  또 폐기물의 연료 대체가 활발하게 이뤄지고 있는 해외 시멘트산업의 사례  특히 최근 2050 탄소중립 로드맵 폐기물의 열량 대체율 2030년 60   2050년 90  달성 을 발표한 유럽시멘트협회와의 정보 교류와 벤치마킹 등을 통해 폐플라스틱의 재활용을 지속적으로 확대해 나간다는 방침이다.  쌍용C E 관계자는  앞으로도 시멘트 기업으로서의 폐기물 재활용 확대를 통한 환경보호에 앞장서 ESG 경영 혁신을 실천하겠다 며  더불어 기업의 사회적 책임을 다하고 자원순환사회 구축을 선도하는 첨병으로서 끊임없는 혁신을 추구해 나갈 것 이라고 말했다.
2021.11.25,화물연대 파업  운행하는 화물차 막아선 화물연대 노조원들,"민주노총 전국공공운수노동조합 화물연대본부(화물연대) 서울경기지부 소속 노조원 500여명은 25일 오전 10시 경기 의왕시 의왕컨테이너기지(의왕ICD) 1기지에서 출정식을 열고 사흘간 총파업에 돌입했습니다.25일 화물연대가 총파업을 실시했다. 노조원들이 경기 의왕 ICD 입구에서 운행중인 차량을 막아서고 있다.이날 의왕 ICD 앞 도로 양쪽과 주변 이면도로에 운행을 멈춘 노조원 화물차량이 줄지어 주차돼 있었습니다. 일상생활용품 수송에 나서는 대형 할인점 소속 화물차량들도 쉽게 발견할 수 있었습니다.25일 화물연대가 총파업을 실시했다. 노조원들이 경기 의왕 ICD 입구에서 운행중인 차량을 막아서는 등 운행에 항의하고 있다.의왕 ICD 앞에서 화물연대 서울경기지역본부 노조원들이 파업에 동참하지 않는 화물차 운전자들과 충돌을 빚기도 했습니다. 25일 화물연대가 총파업을 실시했다. 노조원들이 경기 의왕 ICD 입구에서 총파업 출정식을 열고있다.25일 화물연대가 총파업을 실시했다. 노조원들이 경기 의왕 ICD 인근에서 파업 출정식을 열고있다. 뒤편으로 보이는 1터미널에 컨테이너가 쌓여있다.수도권 시멘트 저장소(사일로·silo)가 몰려 있는 의왕유통기지에도 화물연대 차량이 진입로를 막아 시멘트 운송이 전면 중단됐습니다. 의왕기지에는 쌍용C&E·한일시멘트·성신양회·아세아시멘트·현대시멘트 등 국내 대표 시멘트 7개 사의 저장소가 있습니다.25일 화물연대가 총파업을 실시했다. 노조원들이 경기 의왕 ICD 입구에서 총파업 출정식을 열었다. 뒤편으로 시멘트 공장이 보인다.화물연대의 파업으로 주요 시멘트사의 출하량은 이날 오전을 기준으로 약 20~30% 정도로 줄어든 것으로 알려졌습니다.25일 화물연대가 총파업을 실시했다. 노조원들이 경기 의왕 ICD 입구에서 운행중인 차량을 막아서는 등 운행에 항의하고 있다.업계에서는 미리 재고를 확보하고 있는 대형업체를 제외한 중소업체들의 타격이 불가피하다고 토로하고 있는 실정입니다. 한 업계 관계자는 “이번 파업이 장기화될 경우 문제가 심각해질 수 있다”고 말했다.25일 화물연대가 총파업을 실시했다. 노조원들이 경기 의왕 ICD 입구에서 운행중인 차량을 막아서는 등 운행에 항의하고 있다.최근 요소수 대란에 이어 파업까지 겹치며 자칫 파업이 장기화 될까 우려하는 목소리도 나오고 있습니다.25일 화물연대가 총파업을 실시했다. 노조원들이 경기 의왕 ICD 입구에서 운행중인 차량을 막아서는 등 운행에 항의하고 있다. 한 화물트럭 운전자가 ‘화물연대’ 스티커를 떼고있다.한편 이준형 공공운수노조 경기지역본부장은 “화물 노동자는 밤새 쉬는 날 없이 도로를 달리며 과로, 졸음운전 등 위험에 노출돼왔다”며 “정부는 화물 기사들의 기본적인 처우를 보장하기 위한 안전 운임제 등이 유지될 수 있도록 힘써야 한다”고 주장했습니다.",민주노총 전국공공운수노동조합 화물연대본부 화물연대  서울경기지부 소속 노조원 500여명은 25일 오전 10시 경기 의왕시 의왕컨테이너기지 의왕ICD  1기지에서 출정식을 열고 사흘간 총파업에 돌입했습니다.25일 화물연대가 총파업을 실시했다. 노조원들이 경기 의왕 ICD 입구에서 운행중인 차량을 막아서고 있다.이날 의왕 ICD 앞 도로 양쪽과 주변 이면도로에 운행을 멈춘 노조원 화물차량이 줄지어 주차돼 있었습니다. 일상생활용품 수송에 나서는 대형 할인점 소속 화물차량들도 쉽게 발견할 수 있었습니다.25일 화물연대가 총파업을 실시했다. 노조원들이 경기 의왕 ICD 입구에서 운행중인 차량을 막아서는 등 운행에 항의하고 있다.의왕 ICD 앞에서 화물연대 서울경기지역본부 노조원들이 파업에 동참하지 않는 화물차 운전자들과 충돌을 빚기도 했습니다. 25일 화물연대가 총파업을 실시했다. 노조원들이 경기 의왕 ICD 입구에서 총파업 출정식을 열고있다.25일 화물연대가 총파업을 실시했다. 노조원들이 경기 의왕 ICD 인근에서 파업 출정식을 열고있다. 뒤편으로 보이는 1터미널에 컨테이너가 쌓여있다.수도권 시멘트 저장소 사일로 silo 가 몰려 있는 의왕유통기지에도 화물연대 차량이 진입로를 막아 시멘트 운송이 전면 중단됐습니다. 의왕기지에는 쌍용C E 한일시멘트 성신양회 아세아시멘트 현대시멘트 등 국내 대표 시멘트 7개 사의 저장소가 있습니다.25일 화물연대가 총파업을 실시했다. 노조원들이 경기 의왕 ICD 입구에서 총파업 출정식을 열었다. 뒤편으로 시멘트 공장이 보인다.화물연대의 파업으로 주요 시멘트사의 출하량은 이날 오전을 기준으로 약 20 30  정도로 줄어든 것으로 알려졌습니다.25일 화물연대가 총파업을 실시했다. 노조원들이 경기 의왕 ICD 입구에서 운행중인 차량을 막아서는 등 운행에 항의하고 있다.업계에서는 미리 재고를 확보하고 있는 대형업체를 제외한 중소업체들의 타격이 불가피하다고 토로하고 있는 실정입니다. 한 업계 관계자는  이번 파업이 장기화될 경우 문제가 심각해질 수 있다 고 말했다.25일 화물연대가 총파업을 실시했다. 노조원들이 경기 의왕 ICD 입구에서 운행중인 차량을 막아서는 등 운행에 항의하고 있다.최근 요소수 대란에 이어 파업까지 겹치며 자칫 파업이 장기화 될까 우려하는 목소리도 나오고 있습니다.25일 화물연대가 총파업을 실시했다. 노조원들이 경기 의왕 ICD 입구에서 운행중인 차량을 막아서는 등 운행에 항의하고 있다. 한 화물트럭 운전자가  화물연대  스티커를 떼고있다.한편 이준형 공공운수노조 경기지역본부장은  화물 노동자는 밤새 쉬는 날 없이 도로를 달리며 과로  졸음운전 등 위험에 노출돼왔다 며  정부는 화물 기사들의 기본적인 처우를 보장하기 위한 안전 운임제 등이 유지될 수 있도록 힘써야 한다 고 주장했습니다.
2021.11.05,ESG 경영  지구의 지속성장을 위한 유일한 길,"신한은행-현대해상-KT-유한킴벌리, 명예의 전당에유한킴벌리 진재승 대표이사는 ‘최고경영자’ 선정강명수 한국표준협회 회장지난해 세계 최대 자산운용사인 미국 블랙록의 최고경영자(CEO) 래리핑크가 기후위기를 언급하며 기업의 환경경영 수준을 투자결정의 주요 고려사항으로 보겠다고 밝히면서 ESG(환경, 사회, 지배구조) 이슈가 본격화 됐다. 여기에 전 세계를 덮친 신종 코로나바이러스 감염증(코로나19) 팬데믹의 위기로 ESG가 기업뿐 아니라 전 세계적인 흐름으로 자리잡고 있다. 우리나라도 금융위원회가 2조 원 이상의 자산을 보유한 유가증권시장 상장사는 2025년부터, 나머지 모든 상장사는 2030년부터 ESG 정보를 의무적으로 공시하도록 하면서 국내 산업계에도 ESG가 화두로 떠올랐다. 이제 ESG 경영은 지속성장을 위한 선택이 아닌 필수가 됐다. 특히 전 세계가 함께 고민하고 해결해야 할 문제라는 점에서 ESG는 ‘지구의 지속성장을 위한 유일한 길’로서 큰 의미를 갖는다. 한국표준협회(회장 강명수)는 ESG 경영 실행을 위한 국제표준인 ISO 26000과 ESG 정보공시의 글로벌 가이드라인인 GRI를 기반으로 각각 우리나라 기업의 지속가능성을 평가하는 ‘대한민국 지속가능성지수(KSI)’와 기업의 지속가능성보고서를 평가하는 ‘대한민국 지속가능성 보고서상(KRCA)’을 2008년부터 매년 시행하고 있다. 한국표준협회가 ISO 26000의 국내 간사기관이자 GRI 지정 교육기관으로서 시행하는 KSI, KRCA 평가는 대규모 이해관계자들의 참여를 통해 결과를 도출한다. 한국표준협회는 5일 서울 소공동 롯데호텔에서 ‘2021 대한민국 지속가능성대회’를 열고 KSI와 KRCA 우수 평가 기업을 비롯해 ‘대한민국 지속가능경영 최고경영자상’ 수상자를 시상한다.  올해 KSI 평가는 총 48개 산업, 202개 기업을 대상으로 했으며 총 2만9658표본의 이해관계자가 참여했다. 특히 ‘중요 이슈(Materiality)’에 기반한 ESG 평가가 주목받고 있는 상황을 반영해 이해관계자가 선정한 우리나라 산업별 중요 이슈, ‘KSI Materiality Map’을 새롭게 구축했다.  신한은행은 연속 10년, 현대해상은 총 10회 1위 기업으로 선정돼 명예의 전당에 헌액됐고, 총 11회 1위 기업으로 뽑인 유한킴벌리의 진재승 대표이사는 ‘대한민국 지속가능경영 최고경영자’로 선정되는 영예를 안았다. 교보생명, 신한카드, 인천국제공항공사는 해당 업종에서 12년 연속 1위 기업으로 선정됐으며, 포스코, 쌍용C&E, 롯데홈쇼핑, 호텔롯데 등도 1위에 이름을 올렸다. 국민건강보험공단은 올해 처음으로 시행한 보건복지부 산하 공공기관 대상 KSI 평가에서 1위를 했다. 한편 올해 KRCA 평가는 지난해 8월부터 올해 7월까지 국내에서 발간된 152개의 지속가능성 보고서를 대상으로 시행했으며 총 1936명의 이해관계자가 평가에 참여했다.  평가 항목은 GRI 가이드라인이 제시하는 ‘내용정의 원칙’과 ‘품질보증 원칙’을 그대로 적용했다. 여기에 최근 ESG 정보공시 기준으로 주목받고 있는 SASB(지속가능성 회계기준위원회)와 TCFD(기후관련 재무정보공개 태스크포스)에 따른 공시 여부를 평가의 가점으로 활용한 것이 특징이다.  유한킴벌리와 KT는 총 10회 우수 보고서 발간기업으로 선정돼 명예의 전당에 헌액됐으며, DGB금융그룹은 총 11회, KCC는 7년 연속, 신한금융그룹은 총 6회 우수보고서 발간 기업으로 뽑혔다. 또 포스코, 포스코건설, 포스코에너지, 포스코인터내셔널도 우수 보고서 발간 기업에 이름을 올리면서 그룹사 전체가 ESG 정보공시에서 두각을 나타냈다.",신한은행 현대해상 KT 유한킴벌리  명예의 전당에유한킴벌리 진재승 대표이사는  최고경영자  선정강명수 한국표준협회 회장지난해 세계 최대 자산운용사인 미국 블랙록의 최고경영자 CEO  래리핑크가 기후위기를 언급하며 기업의 환경경영 수준을 투자결정의 주요 고려사항으로 보겠다고 밝히면서 ESG 환경  사회  지배구조  이슈가 본격화 됐다. 여기에 전 세계를 덮친 신종 코로나바이러스 감염증 코로나19  팬데믹의 위기로 ESG가 기업뿐 아니라 전 세계적인 흐름으로 자리잡고 있다. 우리나라도 금융위원회가 2조 원 이상의 자산을 보유한 유가증권시장 상장사는 2025년부터  나머지 모든 상장사는 2030년부터 ESG 정보를 의무적으로 공시하도록 하면서 국내 산업계에도 ESG가 화두로 떠올랐다. 이제 ESG 경영은 지속성장을 위한 선택이 아닌 필수가 됐다. 특히 전 세계가 함께 고민하고 해결해야 할 문제라는 점에서 ESG는  지구의 지속성장을 위한 유일한 길 로서 큰 의미를 갖는다. 한국표준협회 회장 강명수 는 ESG 경영 실행을 위한 국제표준인 ISO 26000과 ESG 정보공시의 글로벌 가이드라인인 GRI를 기반으로 각각 우리나라 기업의 지속가능성을 평가하는  대한민국 지속가능성지수 KSI  와 기업의 지속가능성보고서를 평가하는  대한민국 지속가능성 보고서상 KRCA  을 2008년부터 매년 시행하고 있다. 한국표준협회가 ISO 26000의 국내 간사기관이자 GRI 지정 교육기관으로서 시행하는 KSI  KRCA 평가는 대규모 이해관계자들의 참여를 통해 결과를 도출한다. 한국표준협회는 5일 서울 소공동 롯데호텔에서  2021 대한민국 지속가능성대회 를 열고 KSI와 KRCA 우수 평가 기업을 비롯해  대한민국 지속가능경영 최고경영자상  수상자를 시상한다.  올해 KSI 평가는 총 48개 산업  202개 기업을 대상으로 했으며 총 2만9658표본의 이해관계자가 참여했다. 특히  중요 이슈 Materiality  에 기반한 ESG 평가가 주목받고 있는 상황을 반영해 이해관계자가 선정한 우리나라 산업별 중요 이슈   KSI Materiality Map 을 새롭게 구축했다.  신한은행은 연속 10년  현대해상은 총 10회 1위 기업으로 선정돼 명예의 전당에 헌액됐고  총 11회 1위 기업으로 뽑인 유한킴벌리의 진재승 대표이사는  대한민국 지속가능경영 최고경영자 로 선정되는 영예를 안았다. 교보생명  신한카드  인천국제공항공사는 해당 업종에서 12년 연속 1위 기업으로 선정됐으며  포스코  쌍용C E  롯데홈쇼핑  호텔롯데 등도 1위에 이름을 올렸다. 국민건강보험공단은 올해 처음으로 시행한 보건복지부 산하 공공기관 대상 KSI 평가에서 1위를 했다. 한편 올해 KRCA 평가는 지난해 8월부터 올해 7월까지 국내에서 발간된 152개의 지속가능성 보고서를 대상으로 시행했으며 총 1936명의 이해관계자가 평가에 참여했다.  평가 항목은 GRI 가이드라인이 제시하는  내용정의 원칙 과  품질보증 원칙 을 그대로 적용했다. 여기에 최근 ESG 정보공시 기준으로 주목받고 있는 SASB 지속가능성 회계기준위원회 와 TCFD 기후관련 재무정보공개 태스크포스 에 따른 공시 여부를 평가의 가점으로 활용한 것이 특징이다.  유한킴벌리와 KT는 총 10회 우수 보고서 발간기업으로 선정돼 명예의 전당에 헌액됐으며  DGB금융그룹은 총 11회  KCC는 7년 연속  신한금융그룹은 총 6회 우수보고서 발간 기업으로 뽑혔다. 또 포스코  포스코건설  포스코에너지  포스코인터내셔널도 우수 보고서 발간 기업에 이름을 올리면서 그룹사 전체가 ESG 정보공시에서 두각을 나타냈다.
2021.10.01,7년째 표류  시멘트세 신설  국감서 논의된다,"시멘트 공장 주변 피해 심문 계획강원도를 포함한 광역자치단체들이 요구하고 있는 시멘트 지역자원시설세(시멘트세) 신설이 7년째 표류 중인 가운데 올 국정감사에서도 이 문제가 논의될 예정이어서 관심이 쏠리고 있다. 강원도에 따르면 국회 행정안전위원회는 1일 행정안전부를 대상으로 한 국정감사에서 한국시멘트협회 이현준 회장을 증인으로, 강원대병원 환경보건센터 김우진 센터장을 참고인으로 출석시켜 지난 60년 동안 시멘트 공장이 주변 지역에 끼친 환경·건강·재산 피해에 대해 심문할 계획이다. 이 회장은 강원 동해시와 영월군에 소재한 쌍용C&E의 대표이고, 김 센터장은 시멘트 공장 주변 지역 주민들의 호흡기 질환 연구를 통해 만성폐쇄성질환(COPD) 발병률을 연구했다. 이 때문에 국감에서 국회의원들의 질문과 이들의 답변이 시멘트세 신설 여부에 큰 영향을 줄 것으로 예상되고 있다. 강원도 관계자는 “시멘트세의 연내 입법이 이뤄질 수 있도록 노력하겠다”고 밝혔다. 시멘트세 신설은 2015년 강원도가 검토를 시작하면서 촉발됐다. 그러나 시멘트세를 도입해 체계적이고 안정적으로 피해 복구와 지원을 하겠다는 지자체와 사회공헌 성격의 기금을 확대 운영할 테니 조세화는 하지 말아 달라는 시멘트업계의 주장이 맞서면서 밀고 당기는 줄다리기가 이어지고 있다. 20대 국회 때 국민의힘 이철규 의원(강원 동해-태백-삼척-정선)이 관련 법안을 발의했지만 통과되지 못했고, 21대 국회에서 더불어민주당 이개호 의원(전남 담양-함평-영광-장성)이 재발의했지만 행안위에서 계류 중이다.",시멘트 공장 주변 피해 심문 계획강원도를 포함한 광역자치단체들이 요구하고 있는 시멘트 지역자원시설세 시멘트세  신설이 7년째 표류 중인 가운데 올 국정감사에서도 이 문제가 논의될 예정이어서 관심이 쏠리고 있다. 강원도에 따르면 국회 행정안전위원회는 1일 행정안전부를 대상으로 한 국정감사에서 한국시멘트협회 이현준 회장을 증인으로  강원대병원 환경보건센터 김우진 센터장을 참고인으로 출석시켜 지난 60년 동안 시멘트 공장이 주변 지역에 끼친 환경 건강 재산 피해에 대해 심문할 계획이다. 이 회장은 강원 동해시와 영월군에 소재한 쌍용C E의 대표이고  김 센터장은 시멘트 공장 주변 지역 주민들의 호흡기 질환 연구를 통해 만성폐쇄성질환 COPD  발병률을 연구했다. 이 때문에 국감에서 국회의원들의 질문과 이들의 답변이 시멘트세 신설 여부에 큰 영향을 줄 것으로 예상되고 있다. 강원도 관계자는  시멘트세의 연내 입법이 이뤄질 수 있도록 노력하겠다 고 밝혔다. 시멘트세 신설은 2015년 강원도가 검토를 시작하면서 촉발됐다. 그러나 시멘트세를 도입해 체계적이고 안정적으로 피해 복구와 지원을 하겠다는 지자체와 사회공헌 성격의 기금을 확대 운영할 테니 조세화는 하지 말아 달라는 시멘트업계의 주장이 맞서면서 밀고 당기는 줄다리기가 이어지고 있다. 20대 국회 때 국민의힘 이철규 의원 강원 동해 태백 삼척 정선 이 관련 법안을 발의했지만 통과되지 못했고  21대 국회에서 더불어민주당 이개호 의원 전남 담양 함평 영광 장성 이 재발의했지만 행안위에서 계류 중이다.
2021.06.22,2021 올해의 브랜드 대상 대국민 소비자 투표  6월21일 7월4일 실시,"한국소비자포럼(대표 전재호)은 ‘2021 올해의 브랜드 대상’ 대국민 소비자 투표를 실시한다고 22일 밝혔다. 한국소비자포럼에 따르면 올해의 브랜드 대상은 지난 2003년부터 매년 한 해를 빛낸 최고의 브랜드를 소비자 직접 투표를 통해 선정하고 있다. 이번 투표는 ICT, 가전, 건강, 교육, 금융, 쇼핑, 외식, 식품 등 13개 부문 1847개 브랜드를 대상으로 진행한다. 투표와 심의를 거쳐 부문별 2021 올해의 브랜드를 선정해 소비자가 뽑은 ‘올해의 ○○○’ 라는 타이틀을 부여한다.부문별 후보는 다음과 같다.가정용 홈시네마 부문: LG 시네빔, SONY, 벤큐, 뷰소닉, 삼성 더 프리미어, 옵토마.제모기 부문: 라피타, 실큰, 유라이크, 이오시카, 트리아.미세먼지 마스크 부문: 닥터스마일케이, 미마마스크, 아에르, 애니가드, 에버그린, 에어데이즈, 에이퓨리, 에티카, 웰킵스, 톤업핏 마스크, 힐메이드.여성갱년기 건강식품 부문: 르시크릿, 리피어라, 엘루비, 우먼솔루션, 화애락, 훼라민Q.음식물처리기 부문“ 린클, 블랙홀제로, 스마트카라, 싱크리더, 싱크퓨어, 에코체, 웰릭스.기능성 차 부문: 담터, 동서, 오설록, 티젠.시멘트 부문: 삼표시멘트, 성신양회, 쌍용C&E, 아세아시멘트, 한라시멘트, 한일시멘트, 한일현대시멘트. 골프클럽 부문: 미즈노, 스릭슨, 젝시오, 캘러웨이, 타이틀리스트, 테일러메이드, 핑.구강세정기 부문: 아쿠아픽, 에어플로스, 워터픽, 파나소닉.더불어 중국 현지에서도 인민일보 인민망 홈페이지와 모바일 페이지를 통해 2021년을 빛낸 대한민국 브랜드를 선정하는 소비자 투표가 진행된다.중국 소비자를 대상으로 진행 할 주요 부문 후보는 다음과 같다.병원화장품 부문: 센텔리안24, 셀블룸, 에스트라, 이지듀, 파티온.선크림 부문: RNW, VT, W.LAB, 닥터지, 레시피, 비디비치, 샹프리, 셀퓨전씨.가공유 부문: 매일유업, 빙그레.마스크팩 부문: Gik, JM solution, SNP, 닥터자르트, 리더스코스메틱, 멀블리스, 메디힐, 원진이펙트, 제이준코스메틱.한편 2021 올해의 브랜드 대상을 선정하는 대국민 소비자 투표는 온라인 및 모바일과 1:1 유선조사를 통해 진행한다. 6월 21일부터 7월 4일까지 14일간 대한민국 15세 이상 소비자라면 올해의 브랜드 대상 홈페이지를 통해 투표에 참여할 수 있다. 결과는 오는 8월 발표 예정이다.박해식 동아닷컴 기자 pistols@donga.com▷ [코로나 고별] 1화 ‘사라진 어머니’▷ [코로나 고별] 2화 ‘멀어진 아버지’▶ 네이버에서 [동아일보] 채널 구독하기ⓒ 동아일보 & donga.com, 무단 전재 및 재배포 금지",한국소비자포럼 대표 전재호 은  2021 올해의 브랜드 대상  대국민 소비자 투표를 실시한다고 22일 밝혔다. 한국소비자포럼에 따르면 올해의 브랜드 대상은 지난 2003년부터 매년 한 해를 빛낸 최고의 브랜드를 소비자 직접 투표를 통해 선정하고 있다. 이번 투표는 ICT  가전  건강  교육  금융  쇼핑  외식  식품 등 13개 부문 1847개 브랜드를 대상으로 진행한다. 투표와 심의를 거쳐 부문별 2021 올해의 브랜드를 선정해 소비자가 뽑은  올해의      라는 타이틀을 부여한다.부문별 후보는 다음과 같다.가정용 홈시네마 부문  LG 시네빔  SONY  벤큐  뷰소닉  삼성 더 프리미어  옵토마.제모기 부문  라피타  실큰  유라이크  이오시카  트리아.미세먼지 마스크 부문  닥터스마일케이  미마마스크  아에르  애니가드  에버그린  에어데이즈  에이퓨리  에티카  웰킵스  톤업핏 마스크  힐메이드.여성갱년기 건강식품 부문  르시크릿  리피어라  엘루비  우먼솔루션  화애락  훼라민Q.음식물처리기 부문  린클  블랙홀제로  스마트카라  싱크리더  싱크퓨어  에코체  웰릭스.기능성 차 부문  담터  동서  오설록  티젠.시멘트 부문  삼표시멘트  성신양회  쌍용C E  아세아시멘트  한라시멘트  한일시멘트  한일현대시멘트. 골프클럽 부문  미즈노  스릭슨  젝시오  캘러웨이  타이틀리스트  테일러메이드  핑.구강세정기 부문  아쿠아픽  에어플로스  워터픽  파나소닉.더불어 중국 현지에서도 인민일보 인민망 홈페이지와 모바일 페이지를 통해 2021년을 빛낸 대한민국 브랜드를 선정하는 소비자 투표가 진행된다.중국 소비자를 대상으로 진행 할 주요 부문 후보는 다음과 같다.병원화장품 부문  센텔리안24  셀블룸  에스트라  이지듀  파티온.선크림 부문  RNW  VT  W.LAB  닥터지  레시피  비디비치  샹프리  셀퓨전씨.가공유 부문  매일유업  빙그레.마스크팩 부문  Gik  JM solution  SNP  닥터자르트  리더스코스메틱  멀블리스  메디힐  원진이펙트  제이준코스메틱.한편 2021 올해의 브랜드 대상을 선정하는 대국민 소비자 투표는 온라인 및 모바일과 1 1 유선조사를 통해 진행한다. 6월 21일부터 7월 4일까지 14일간 대한민국 15세 이상 소비자라면 올해의 브랜드 대상 홈페이지를 통해 투표에 참여할 수 있다. 결과는 오는 8월 발표 예정이다1화  사라진 어머니    2화  멀어진 아버지   네이버에서  채널      donga.com  무단 전재 및  금지
2021.03.28,3월 29일 알림,"◇ 국립암센터(원장 서홍관)·전국보건의료산업노동조합 국립암센터지부(지부장 한성일)·대한적십자사 서울중앙혈액원(원장 김동석)은 지난 26일 코로나19로 인한 혈액 수급 위기를 극복하고자 임직원이 정기적으로 헌혈에 참여할 수 있도록 ‘헌혈 생명나눔단체’ 협약을 맺었다. 향후 정기적인 헌혈 참여와 선진 헌혈문화 정착을 위해 노력할 예정이다. 이상덕 전문병원협의회장. 하나이비인후과 제공◇ 대한전문병원협의회는 지난 26일 이상덕 하나이비인후과 병원장을 회장으로 뽑았다. 이 회장은 보건복지부가 지정한 101개 전문병원의 협의체를 이끌게 된다김정태 하나은행 회장. 하나은행 제공◇ 하나은행은 지난 26일 정기주주총회를 열고 김정태 회장의 1년 연임을 의결했다. 또 박성호 신임 하나은행장을 비상임이사로 임명해 이사회는 기존 9명에서 10명으로 늘어났다. 사외이사로 권숙교 김앤장 법률사무소 고문과 박동문 코오롱인더스트리 사장을 선임했다.임세령 대상홀딩스·대상 부회장. 대상그룹 제공◇ 대상그룹은 지난 26일 임창욱 명예회장의 장녀 임세령 전무를 대상홀딩스·대상 부회장으로 승진발령했다. 임 부회장은 2012년 12월 대상 크리에이티브 디렉터로 입사해 식품 부문 브랜드 매니지먼트, 기획, 마케팅, 디자인 등을 총괄했고, 2017년에는 국내 식품 대기업 가운데 처음으로 온라인 전문 브랜드 ‘집으로온(ON)’을 내놓았다. 김소영 씨제이제일제당 이사. CJ제일제당 제공◇ CJ제일제당은 지난 26일 김소영 AN사업본부장을 사내이사로 선임했다. 첫 여성 사내이사로 임기는 2024년 3월까지 3년이다. ◇ DGB금융그룹은 지난 26일 제10기 DGB금융지주 정기주주총회에서 현 김태오 회장을 재선임하고 ‘ESG경영’ 선포식을 했다. ESG 위원회를 출범시키고 환경·사회·지배구조를 바탕으로 지속가능 금융 성과를 창출하겠다는 목표로 녹색금융 강화, 사회책임금융 확대, 임팩트 금융 확산 등 과제를 추진하기로 했다.왼쪽부터 최동환 노조위원장, 홍사승 회장, 이현준 대표, 직원 대표 오연주 사원. 쌍용C&E;제공◇ 쌍용C&E(회장 홍사승)는 지난 26일 서울 저동 본사에서 신규 사명 선포식을 열고 ‘쌍용양회’에서 ‘쌍용C&E’로의 기업 명칭 변경을 발표했다. 시멘트사업에서 환경사업 분야로 사업 영역을 확장하고 지속 성장하기 위한 비전 ‘Green2030’을 발표했다.김형욱 한국디지털헬스산업협회장. KT 제공◇ 한국디지털헬스산업협회는 지난 26일 2대 협회장으로 김형욱 KT 미래가치추진실장(부사장)을 선임했다. ◇ 한국국학진흥원(경북도 산하)은 28일 제10대 원장으로 정종섭 전 행정자치부 장관이 선임됐다. ◇ 서귀포중앙교회(당회장 이상호)는 지난 23일 한신대(총장 연규홍)에 ‘신학대학원 재학생들을 위한 장학금’ 500만원을 기탁했다. ◇ 경기평택항만공사(사장 문학진)는 지난 26일 평택항 이용고객과 항만 종사자 편의를 위해 ‘2020년 평택항 통계 연감’을 발간했다. 평택항 주요 화물별 통계, 평택항 자동차 물동량 통계, 평택항 냉장냉동화물 물동량 통계 등을 볼 수 있다. 누리집(gppc.or.kr)에서도 확인할 수 있다. ◇ 고용노동부·한국산업인력공단은 지난 26일 미용 서비스 업체 ‘인하뷰티'의 정향옥 대표를 올해 3월 ‘이달의 기능 한국인'으로 선정했다. 정 대표는 전업주부로 살다가 어린 시절 꿈인 미용사에 도전해 관련 국가 자격 7건을 따는 등 전문 숙련 기술인이 됐으며 ‘모발 염색 잔여 염색소 제거 장치' 등 특허 5건도 보유 중이다.창작국악그룹 그림.◇ 창작국악그룹 그림(The林)은 31일 서강대 메리홀 대극장에서 조선회화 중 수묵화 이면에 담긴 서사와 한국화의 기법과 정서적 특징을 그림(The林)의 음악으로 해석하고 영상과 긴밀한 구성으로 그려낸 전시형 공연 <블랙 무드–여백의 반영>을 한다. 문화N티켓(culture.go.kr/ticket), 네이버예약, (02)6409-6889.◇ HS애드는 지난 26일 한국관광공사 광고 ‘필 더 리듬 오브 코리아' 캠페인으로 ‘제28회 올해의 광고상'에서 전체 부문 최고상인 그랑프리에 선정됐다. ◇ 근로복지공단(이사장 강순희)은 지난 26일 유엔글로벌콤팩트(UNGC) 한국협회와 한국사회책임투자포럼이 공동 주최한 ‘2021년 BIS 서밋 반(反)부패 어워드’에서 반부패 우수기관에 선정됐다. ◇ NH농협은행은 지난 26일 NH멤버스 출범 2돌을 기념해 2월 실시한 ‘2로운 기부 이벤’'를 통해 고객과 범농협 임직원 1만9580명이 기부한 NH포인트 기부금 4055만9839원을 자선단체에 전했다.◇ 유니버설뮤직은 28일 ‘세계 피아노의 날’을 맞아 오후 11시부터 72시간 동안 피아니스트 조성진과 이루마 등 음악가 17명의 연주 영상을 도이체 그라모폰(DG) 유튜브를 통해 무료로 공개한다. 마리아 조앙 피레스, 야닉 네제 세갱, 루돌프 부흐빈더 등의 연주도 담긴다.◇ 한국국제문화교류진흥원은 문화체육관광부와 함께 지난 26일 서울 충무아트센터에서 한-러 대학생 예술단 ‘시베리아 예술원정대’ 발대식을 했다. 시베리아 예술원정대는 ‘2020-2021 한국-러시아 상호 문화교류의 해’를 계기로 양국의 차세대 예술인들의 공동 창작과 협연을 지원하는 사업으로, 원정대원들은 창작실내악단, 창작연극단, 창작무용단 등의 팀을 구성해 8월까지 양국의 분야별 지도자와 함께 합동 공연 작품을 창작한다. ◇ 개인정보보호위원회·한국인터넷진흥원은 새달 22일까지 ‘데이터시대 개인정보 보호 기술 아이디어’ 공모전을 한다. 신기술 환경에서 개인정보 보호 방안과 기술을 자유롭게 작성해 제출하면 된다. 누리집(pipc.go.kr) 참고. ◇ 중소벤처기업부는 새달 23일까지 ‘2021년 중소기업 해외조달시장 진출 지원사업’에 참여할 중소기업을 모집한다. 조달청이 인증한 우수제품기업 등 조달 특화 기업과 케이-방역 기업 등은 우대하며, 해외조달시장 진출을 희망하는 중소기업에 국외 조달 관련 교육, 컨설팅, 마케팅 등을 지원한다. 누리집(mss.go.kr) 참고.▶더불어 행복한 세상을 만드는 언론, 한겨레 구독하세요!▶esc 기사 보기▶4.7 보궐선거 기사 보기[ⓒ한겨레신문 : 무단전재 및 재배포 금지]",국립암센터 원장 서홍관  전국보건의료산업노동조합 국립암센터지부 지부장 한성일  대한적십자사 서울중앙혈액원 원장 김동석 은 지난 26일 코로나19로 인한 혈액 수급 위기를 극복하고자 임직원이 정기적으로 헌혈에 참여할 수 있도록  헌혈 생명나눔단체  협약을 맺었다. 향후 정기적인 헌혈 참여와 선진 헌혈문화 정착을 위해 노력할 예정이다. 이상덕 전문병원협의회장. 하나이비인후과 제공  대한전문병원협의회는 지난 26일 이상덕 하나이비인후과 병원장을 회장으로 뽑았다. 이 회장은 보건복지부가 지정한 101개 전문병원의 협의체를 이끌게 된다김정태 하나은행 회장. 하나은행 제공  하나은행은 지난 26일 정기주주총회를 열고 김정태 회장의 1년 연임을 의결했다. 또 박성호 신임 하나은행장을 비상임이사로 임명해 이사회는 기존 9명에서 10명으로 늘어났다. 사외이사로 권숙교 김앤장 법률사무소 고문과 박동문 코오롱인더스트리 사장을 선임했다.임세령 대상홀딩스 대상 부회장. 대상그룹 제공  대상그룹은 지난 26일 임창욱 명예회장의 장녀 임세령 전무를 대상홀딩스 대상 부회장으로 승진발령했다. 임 부회장은 2012년 12월 대상 크리에이티브 디렉터로 입사해 식품 부문 브랜드 매니지먼트  기획  마케팅  디자인 등을 총괄했고  2017년에는 국내 식품 대기업 가운데 처음으로 온라인 전문 브랜드  집으로온 ON  을 내놓았다. 김소영 씨제이제일제당 이사. CJ제일제당 제공  CJ제일제당은 지난 26일 김소영 AN사업본부장을 사내이사로 선임했다. 첫 여성 사내이사로 임기는 2024년 3월까지 3년이다.   DGB금융그룹은 지난 26일 제10기 DGB금융지주 정기주주총회에서 현 김태오 회장을 재선임하고  ESG경영  선포식을 했다. ESG 위원회를 출범시키고 환경 사회 지배구조를 바탕으로 지속가능 금융 성과를 창출하겠다는 목표로 녹색금융 강화  사회책임금융 확대  임팩트 금융 확산 등 과제를 추진하기로 했다.왼쪽부터 최동환 노조위원장  홍사승 회장  이현준 대표  직원 대표 오연주 사원. 쌍용C E 제공  쌍용C E 회장 홍사승 는 지난 26일 서울 저동 본사에서 신규 사명 선포식을 열고  쌍용양회 에서  쌍용C E 로의 기업 명칭 변경을 발표했다. 시멘트사업에서 환경사업 분야로 사업 영역을 확장하고 지속 성장하기 위한 비전  Green2030 을 발표했다.김형욱 한국디지털헬스산업협회장. KT 제공  한국디지털헬스산업협회는 지난 26일 2대 협회장으로 김형욱 KT 미래가치추진실장 부사장 을 선임했다.   한국국학진흥원 경북도 산하 은 28일 제10대 원장으로 정종섭 전 행정자치부 장관이 선임됐다.   서귀포중앙교회 당회장 이상호 는 지난 23일 한신대 총장 연규홍 에  신학대학원 재학생들을 위한 장학금  500만원을 기탁했다.   경기평택항만공사 사장 문학진 는 지난 26일 평택항 이용고객과 항만 종사자 편의를 위해  2020년 평택항 통계 연감 을 발간했다. 평택항 주요 화물별 통계  평택항 자동차 물동량 통계  평택항 냉장냉동화물 물동량 통계 등을 볼 수 있다. 누리집 gppc.or.kr 에서도 확인할 수 있다.   고용노동부 한국산업인력공단은 지난 26일 미용 서비스 업체  인하뷰티 의 정향옥 대표를 올해 3월  이달의 기능 한국인 으로 선정했다. 정 대표는 전업주부로 살다가 어린 시절 꿈인 미용사에 도전해 관련 국가 자격 7건을 따는 등 전문 숙련 기술인이 됐으며  모발 염색 잔여 염색소 제거 장치  등 특허 5건도 보유 중이다.창작국악그룹 그림.  창작국악그룹 그림 The  은 31일 서강대 메리홀 대극장에서 조선회화 중 수묵화 이면에 담긴 서사와 한국화의 기법과 정서적 특징을 그림 The  의 음악으로 해석하고 영상과 긴밀한 구성으로 그려낸 전시형 공연  블랙 무드 여백의 반영 을 한다. 문화N티켓 culture.go.kr ticket   네이버예약   02 6409 6889.  HS애드는 지난 26일 한국관광공사 광고  필 더 리듬 오브 코리아  캠페인으로  제28회 올해의 광고상 에서 전체 부문 최고상인 그랑프리에 선정됐다.   근로복지공단 이사장 강순희 은 지난 26일 유엔글로벌콤팩트 UNGC  한국협회와 한국사회책임투자포럼이 공동 주최한  2021년 BIS 서밋 반   부패 어워드 에서 반부패 우수기관에 선정됐다.   NH농협은행은 지난 26일 NH멤버스 출범 2돌을 기념해 2월 실시한  2로운 기부 이벤  를 통해 고객과 범농협 임직원 1만9580명이 기부한 NH포인트 기부금 4055만9839원을 자선단체에 전했다.  유니버설뮤직은 28일  세계 피아노의 날 을 맞아 오후 11시부터 72시간 동안 피아니스트 조성진과 이루마 등 음악가 17명의 연주 영상을 도이체 그라모폰 DG  유튜브를 통해 무료로 공개한다. 마리아 조앙 피레스  야닉 네제 세갱  루돌프 부흐빈더 등의 연주도 담긴다.  한국국제문화교류진흥원은 문화체육관광부와 함께 지난 26일 서울 충무아트센터에서 한 러 대학생 예술단  시베리아 예술원정대  발대식을 했다. 시베리아 예술원정대는  2020 2021 한국 러시아 상호 문화교류의 해 를 계기로 양국의 차세대 예술인들의 공동 창작과 협연을 지원하는 사업으로  원정대원들은 창작실내악단  창작연극단  창작무용단 등의 팀을 구성해 8월까지 양국의 분야별 지도자와 함께 합동 공연 작품을 창작한다.   개인정보보호위원회 한국인터넷진흥원은 새달 22일까지  데이터시대 개인정보 보호 기술 아이디어  공모전을 한다. 신기술 환경에서 개인정보 보호 방안과 기술을 자유롭게 작성해 제출하면 된다. 누리집 pipc.go.kr  참고.   중소벤처기업부는 새달 23일까지  2021년 중소기업 해외조달시장 진출 지원사업 에 참여할 중소기업을 모집한다. 조달청이 인증한 우수제품기업 등 조달 특화 기업과 케이 방역 기업 등은 우대하며  해외조달시장 진출을 희망하는 중소기업에 국외 조달 관련 교육  컨설팅  마케팅 등을 지원한다. 누리집 mss.go.kr  참고. 더불어 행복한 세상을 만드는 언론   구독하세요  esc 기사 보기 4.7 보궐선거 기사 보기
2021.10.21,플라스틱 포장재  새 관세장벽 떠올라 산업부  재생원료 권고만,"EU·영국 등 재생원료 의무화 정책 추진하는데…산업부 “유예기간 늘리고 권고만 해야”환경부 산하 국책연구기관인 한국환경연구원(KEI)가 플라스틱 재활용 의무화가 세계 시장에서 새로운 관세 장벽으로 작용할 수 있다는 전망을 내놨다. 더불어민주당 이동주 의원실이 21일 환경부와 환경연구원 등에서 제출받은 자료에 따르면, 환경연구원은 세계 시장에서 재생원료를 사용하지 않은 플라스틱 제품에 세금을 부과하는 관세 장벽이 확산할 것으로 예측했다. 특정 국가에서 플라스틱 재활용 의무화 제도를 도입하면, 자국 제품이 가격 경쟁력을 잃지 않도록 하기 위해 수입 제품에 대한 세금 부과 역시 불가피하다는 것이다. 현지에서 생산한 것보다 탄소배출량이 더 많은 제품에 세금을 매기는 탄소국경세처럼, 기후변화 시대의 새로운 무역 장벽이 나타날 수 있다는 설명이다.유럽연합(EU) 등 해외에서는 탄소중립과 순환경제 사회를 구축한다는 목표로 플라스틱 재생원료 사용을 촉진시키기 위한 방안을 구상하고 있다. 유럽연합의 경우 2025년까지 모든 음료 페트병의 25% 이상을, 2030년까지 모든 음료 플라스틱 용기의 30% 이상을 재생원료로 만들도록 의무화하는 정책을 추진 중이다. 또 재활용되지 않은 플라스틱 폐기물에 대해 세금을 부과하는 방안도 검토 중이다. 영국은 내년 4월부터 플라스틱 포장재의 생산과 공급 과정에서 일정 비율 이상 재생원료를 사용하지 않을 경우 ‘플라스틱 포장재 세금’(plastic packaging tax)를 부과할 계획이다. 부과 대상은 플라스틱 재생원료를 30% 미만으로 포함하는 포장재로, 영국 국내 생산품과 수입 제품 모두 해당된다. 요율은 1톤 당 200파운드(약 32만원)이다. 세계 시장의 이러한 변화는 국내 시장에도 지각변동을 불러오고 있다. 영세한 중소기업 위주로 지탱되고 있는 플라스틱 재활용 시장에 국내 대기업 화학 계열사들이 뛰어들고 있다. 한국자원순환단체총연맹에 따르면, SK지오센트릭, LG화학, 롯데케미칼, 코오롱인더스트리, 쌍용C&E 등은 폐플라스틱 재활용 공장을 신설하고 재생원료를 개발하는 등 재활용 사업을 본격화했다. 국제사회에서의 이러한 변화에 한국 정부도 대응책을 마련 중이나 그 속도는 더딘 편이다. 원료 생산자에게 일정 비율의 재생원료 사용 의무를 부과하는 ‘자원순환기본법’ 개정안에 대한 부처 간 협의가 진행 중인데, 산업부 등에서 “강제보단 권고해야 하며 유예기간이 필요하다”는 속도조절론이 나온 상황이다. 산업부가 이 의원실에 제출한 답변서를 보면, “강제성을 부여하기 보다는 권고사항으로 완화” “대상 업체가 기술적·경제적 사항을 검토·준비할 유예기간 필요” “유예기간은 1년에서 2년으로 연장 필요”하다는 검토의견이 제시됐다. 이 의원은 “세계 각국이 재생원료 의무화제도를 도입하고 이러한 규제가 새로운 시장질서로 구축되고 있는 만큼 국내에서도 산업적 대비를 서둘러야 한다”고 말했다. 또 “대기업의 공격적 진출이 더욱 활발해질 것이기 때문에 기존 재활용 중소기업 생태계를 보호하기 위한 대책을 수립해야 한다”고 주장했다.",EU 영국 등 재생원료 의무화 정책 추진하는데 산업부  유예기간 늘리고 권고만 해야 환경부 산하 국책연구기관인 한국환경연구원 KEI 가 플라스틱 재활용 의무화가 세계 시장에서 새로운 관세 장벽으로 작용할 수 있다는 전망을 내놨다. 더불어민주당 이동주 의원실이 21일 환경부와 환경연구원 등에서 제출받은 자료에 따르면  환경연구원은 세계 시장에서 재생원료를 사용하지 않은 플라스틱 제품에 세금을 부과하는 관세 장벽이 확산할 것으로 예측했다. 특정 국가에서 플라스틱 재활용 의무화 제도를 도입하면  자국 제품이 가격 경쟁력을 잃지 않도록 하기 위해 수입 제품에 대한 세금 부과 역시 불가피하다는 것이다. 현지에서 생산한 것보다 탄소배출량이 더 많은 제품에 세금을 매기는 탄소국경세처럼  기후변화 시대의 새로운 무역 장벽이 나타날 수 있다는 설명이다.유럽연합 EU  등 해외에서는 탄소중립과 순환경제 사회를 구축한다는 목표로 플라스틱 재생원료 사용을 촉진시키기 위한 방안을 구상하고 있다. 유럽연합의 경우 2025년까지 모든 음료 페트병의 25  이상을  2030년까지 모든 음료 플라스틱 용기의 30  이상을 재생원료로 만들도록 의무화하는 정책을 추진 중이다. 또 재활용되지 않은 플라스틱 폐기물에 대해 세금을 부과하는 방안도 검토 중이다. 영국은 내년 4월부터 플라스틱 포장재의 생산과 공급 과정에서 일정 비율 이상 재생원료를 사용하지 않을 경우  플라스틱 포장재 세금  plastic packaging tax 를 부과할 계획이다. 부과 대상은 플라스틱 재생원료를 30  미만으로 포함하는 포장재로  영국 국내 생산품과 수입 제품 모두 해당된다. 요율은 1톤 당 200파운드 약 32만원 이다. 세계 시장의 이러한 변화는 국내 시장에도 지각변동을 불러오고 있다. 영세한 중소기업 위주로 지탱되고 있는 플라스틱 재활용 시장에 국내 대기업 화학 계열사들이 뛰어들고 있다. 한국자원순환단체총연맹에 따르면  SK지오센트릭  LG화학  롯데케미칼  코오롱인더스트리  쌍용C E 등은 폐플라스틱 재활용 공장을 신설하고 재생원료를 개발하는 등 재활용 사업을 본격화했다. 국제사회에서의 이러한 변화에 한국 정부도 대응책을 마련 중이나 그 속도는 더딘 편이다. 원료 생산자에게 일정 비율의 재생원료 사용 의무를 부과하는  자원순환기본법  개정안에 대한 부처 간 협의가 진행 중인데  산업부 등에서  강제보단 권고해야 하며 유예기간이 필요하다 는 속도조절론이 나온 상황이다. 산업부가 이 의원실에 제출한 답변서를 보면   강제성을 부여하기 보다는 권고사항으로 완화   대상 업체가 기술적 경제적 사항을 검토 준비할 유예기간 필요   유예기간은 1년에서 2년으로 연장 필요 하다는 검토의견이 제시됐다. 이 의원은  세계 각국이 재생원료 의무화제도를 도입하고 이러한 규제가 새로운 시장질서로 구축되고 있는 만큼 국내에서도 산업적 대비를 서둘러야 한다 고 말했다. 또  대기업의 공격적 진출이 더욱 활발해질 것이기 때문에 기존 재활용 중소기업 생태계를 보호하기 위한 대책을 수립해야 한다 고 주장했다.
2021.07.26,부동산 100자 정보  쌍용C E  노조  임금교섭 사측에 위임 외,"쌍용C&E 노조, 임금교섭 사측에 위임쌍용C&E(옛 쌍용양회)는 회사 노동조합이 올해 임금 조정에 관한 모든 권한을 회사에 위임했다고 25일 밝혔다. 이 회사 노조가 사측에 임금교섭을 위임한 것은 지난 2002년과 2008년, 2020년에 이어 올해가 네 번째다. 쌍용C&E는 1964년 노조 설립 이후 57년 연속 무분규 전통을 이어가고 있다.충남 ‘내포신도시 이지더원 3차’ 분양라인건설은 30일 충남 내포혁신도시에서 ‘내포신도시 이지더원(EG the1) 3차’ 분양에 나선다. 지하 2층~지상 26층, 15개 동, 전용면적 73·84㎡ 954가구로 구성된다. 보성초, 덕산중, 덕산고 등의 학교와 대형 마트, 중심상업지구가 가깝다. 견본주택은 홍성군 홍북읍 신경리 276-4번에 있다.",쌍용C E 노조  임금교섭 사측에 위임쌍용C E 옛 쌍용양회 는 회사 노동조합이 올해 임금 조정에 관한 모든 권한을 회사에 위임했다고 25일 밝혔다. 이 회사 노조가 사측에 임금교섭을 위임한 것은 지난 2002년과 2008년  2020년에 이어 올해가 네 번째다. 쌍용C E는 1964년 노조 설립 이후 57년 연속 무분규 전통을 이어가고 있다.충남  내포신도시 이지더원 3차  분양라인건설은 30일 충남 내포혁신도시에서  내포신도시 이지더원 EG the1  3차  분양에 나선다. 지하 2층 지상 26층  15개 동  전용면적 73 84  954가구로 구성된다. 보성초  덕산중  덕산고 등의 학교와 대형 마트  중심상업지구가 가깝다. 견본주택은 홍성군 홍북읍 신경리 276 4번에 있다.
2021.03.29,쌍용양회  쌍용C E 로 사명 바꿔,"국내 최대 시멘트 기업 쌍용양회가 사명을 ‘쌍용C&E’로 바꾸고 2025년까지 환경 사업 비중을 전체 이익의 50% 수준으로 확대하겠다고 28일 밝혔다. 새 사명인 ‘쌍용C&E’는 기업 정체성인 ‘쌍용’에다 시멘트(Cement)와 환경(Environment)의 영문 앞 글자를 딴 ‘C&E’를 더해 만들었다. 1962년 창사 이래 시멘트사업에 주력해온 쌍용C&E는 이번 사명 변경을 계기로 종합환경기업으로 도약한다는 계획이다. 이를 위해 탈석탄·친환경 자가발전 설비 마련 등을 담은 경영 비전 ‘Green 2030’도 내놨다.[성유진 기자 betrue@chosun.com] 		▶ 조선일보가 뽑은 뉴스, 확인해보세요		▶ 최고 기자들의 뉴스레터 받아보세요 		▶ 1등 신문 조선일보, 앱으로 편하게 보세요",국내 최대 시멘트 기업 쌍용양회가 사명을  쌍용C E 로 바꾸고 2025년까지 환경 사업 비중을 전체 이익의 50  수준으로 확대하겠다고 28일 밝혔다. 새 사명인  쌍용C E 는 기업 정체성인  쌍용 에다 시멘트 Cement 와 환경 Environment 의 영문 앞 글자를 딴  C E 를 더해 만들었다. 1962년 창사 이래 시멘트사업에 주력해온 쌍용C E는 이번 사명 변경을 계기로 종합환경기업으로 도약한다는 계획이다. 이를 위해 탈석탄 친환경 자가발전 설비 마련 등을 담은 경영 비전  Green 2030 도 내놨다.     가 뽑은 뉴스  확인해보세요    최고 기자들의 뉴스레터 받아보세요     1등 신문   앱으로 편하게 보세요
2021.03.17,현대코퍼레이션 쌍용C E   회사 이름서  업종  뗀다,"기존 사명은 ‘굴뚝산업’ 이미지… 신사업 키우는 전략에 안 어울려							현대종합상사는 오는 24일 열리는 주주총회에서 사명을 ‘현대코퍼레이션’으로 변경하는 안을 의결한다. 창립 45년 만에 처음으로 사명을 바꾸는 것이다. 현대코퍼레이션은 그동안 현대종합상사가 해외 시장에서 사용해온 이름이다. 앞으로는 이 영문명을 공식 사명으로 사용하겠다는 것이다. 현대종합상사 관계자는 “기존 종합상사 명칭에 갇혀 있던 무역 중심 이미지를 벗어나서 글로벌 종합 비즈니스 기업으로 변신하기 위해 사명을 바꾸기로 했다”고 말했다. 이 회사는 사명 변경과 함께 차량용 부품 제조, 신재생에너지, F&B(식음료), 유통, 물류, 친환경 소재, 친환경 에너지 등의 분야로 사업을 다각화할 계획이다.최근 자동차·건설·상사·시멘트 등 업종을 가리지 않고 사명을 바꾸는 기업들이 늘고 있다. 현대종합상사처럼 기존 사명이 특정 사업에 국한된 이미지를 갖고 있어 신사업을 적극 키우려는 회사의 전략과 어울리지 않는다고 판단해 이름을 바꾸는 기업들이 대표적이다. 일부 기업은 굴뚝 산업의 이미지를 탈바꿈하려 영어로 새 사명을 짓는 사례도 늘고 있다. 재계 관계자는 “2002년 포항제철이 포스코로 사명을 변경한 것처럼 과거에도 회사 이름을 바꾼 사례가 종종 있었지만 최근에는 그 수가 급격히 증가하는 추세”라면서 “기존 사업의 굴레에서 벗어나고자 노력하고 있다는 것을 투자자와 주주에게 어필하는 전략으로 분석된다”고 말했다. 사명에서 업종 떼는 기업들							시멘트 제조 업체인 쌍용양회도 이달 25일 열리는 주총에서 ‘쌍용C&E’로 사명을 변경할 예정이다. 시멘트 제조업을 뜻하는 ‘양회’를 떼고 친환경 사업으로 확장하겠다는 뜻을 담은 ‘C&E’를 도입했다. C&E는 시멘트와 환경(Cement & Environment)의 영문 앞글자를 딴 명칭이다. 이 회사는 지난해 연말 정관의 목적 사업에 환경 관련 사업도 추가했다. 홍사승 쌍용양회 회장은 “시멘트 사업을 기반으로 쌓은 노하우를 바탕으로 새롭게 환경 사업으로 영역을 확장해 종합 환경 기업으로 거듭날 것”이라고 말했다.앞서 기아자동차도 지난 1월 ‘기아’로 사명을 변경했다. 31년 만에 사명에서 ‘자동차’를 뗀 것이다. 이 회사 관계자는 “기존 자동차 제조 중심의 사업 모델에서 벗어나 미래 모빌리티 기업으로의 전환에 속도를 내겠다”고 말했다. 대림도 올해 1월부터 사명을 ‘DL’로 변경하고 건설·석유화학·에너지 등 사업 분야별로 혁신에 나서기로 했다. SK텔레콤도 기존 이동통신을 넘어 미디어·커머스·보안 등 종합 IT 기업으로 변신을 위해 ‘텔레콤’을 뗀 사명 변경을 추진하고 있다.신사업 발굴 절박함 담겨							기업들이 사명 변경에 나선 것은 그만큼 신성장 동력 발굴이 절박한 과제라는 것을 나타내는 방증이라는 분석이 나온다. 미국·중국 등에선 이미 전기차·인공지능·자율 주행·우주 개발·수소·바이오·친환경과 같은 미래 산업을 선도하는 기업들이 속속 등장하고 있다. 반면 국내에서는 아직 이 분야들에서 글로벌 시장을 확실하게 선도하며 미래 먹거리를 꿰찬 기업이 보이지 않는 상황이다. 한 10대 그룹 임원은 “미국 필름 업체 코닥이 디지털화에 늦게 대응하면서 2012년 파산 위기에 몰렸던 것처럼 기존 사업에만 안주하면 시시각각 변하는 글로벌 경쟁에서 뒤처질 수 있다”며 “사명 변경은 사내 임직원들에게 재창업의 자세로 일해야 한다는 메시지를 전달하는 효과도 있다”고 말했다.전문가들은 사업 다각화를 추진하는 기업이 사명 변경을 하면서 시너지 효과를 낼 수 있다고 분석한다. 송재용 서울대 경영대 교수는 “본업 이외의 영역으로 사업을 확장하려고 하는데 기존 사명이 업종을 제한하고 있으면 신규 사업을 접한 고객들 사이에서 혼선이 발생할 수 있다”면서 “신사업에 진출하기로 결정한 상황에서 현 사명이 미래지향적이지 못하다고 판단했을 때는 과감히 사명을 변경하는 게 옳다”고 말했다.[김강한 기자 kimstrong@chosun.com] 		▶ 조선일보가 뽑은 뉴스, 확인해보세요		▶ 최고 기자들의 뉴스레터 받아보세요 		▶ 1등 신문 조선일보, 앱으로 편하게 보세요",기존 사명은  굴뚝산업  이미지  신사업 키우는 전략에 안 어울려       현대종합상사는 오는 24일 열리는 주주총회에서 사명을  현대코퍼레이션 으로 변경하는 안을 의결한다. 창립 45년 만에 처음으로 사명을 바꾸는 것이다. 현대코퍼레이션은 그동안 현대종합상사가 해외 시장에서 사용해온 이름이다. 앞으로는 이 영문명을 공식 사명으로 사용하겠다는 것이다. 현대종합상사 관계자는  기존 종합상사 명칭에 갇혀 있던 무역 중심 이미지를 벗어나서 글로벌 종합 비즈니스 기업으로 변신하기 위해 사명을 바꾸기로 했다 고 말했다. 이 회사는 사명 변경과 함께 차량용 부품 제조  신재생에너지  F B 식음료   유통  물류  친환경 소재  친환경 에너지 등의 분야로 사업을 다각화할 계획이다.최근 자동차 건설 상사 시멘트 등 업종을 가리지 않고 사명을 바꾸는 기업들이 늘고 있다. 현대종합상사처럼 기존 사명이 특정 사업에 국한된 이미지를 갖고 있어 신사업을 적극 키우려는 회사의 전략과 어울리지 않는다고 판단해 이름을 바꾸는 기업들이 대표적이다. 일부 기업은 굴뚝 산업의 이미지를 탈바꿈하려 영어로 새 사명을 짓는 사례도 늘고 있다. 재계 관계자는  2002년 포항제철이 포스코로 사명을 변경한 것처럼 과거에도 회사 이름을 바꾼 사례가 종종 있었지만 최근에는 그 수가 급격히 증가하는 추세 라면서  기존 사업의 굴레에서 벗어나고자 노력하고 있다는 것을 투자자와 주주에게 어필하는 전략으로 분석된다 고 말했다. 사명에서 업종 떼는 기업들       시멘트 제조 업체인 쌍용양회도 이달 25일 열리는 주총에서  쌍용C E 로 사명을 변경할 예정이다. 시멘트 제조업을 뜻하는  양회 를 떼고 친환경 사업으로 확장하겠다는 뜻을 담은  C E 를 도입했다. C E는 시멘트와 환경 Cement   Environment 의 영문 앞글자를 딴 명칭이다. 이 회사는 지난해 연말 정관의 목적 사업에 환경 관련 사업도 추가했다. 홍사승 쌍용양회 회장은  시멘트 사업을 기반으로 쌓은 노하우를 바탕으로 새롭게 환경 사업으로 영역을 확장해 종합 환경 기업으로 거듭날 것 이라고 말했다.앞서 기아자동차도 지난 1월  기아 로 사명을 변경했다. 31년 만에 사명에서  자동차 를 뗀 것이다. 이 회사 관계자는  기존 자동차 제조 중심의 사업 모델에서 벗어나 미래 모빌리티 기업으로의 전환에 속도를 내겠다 고 말했다. 대림도 올해 1월부터 사명을  DL 로 변경하고 건설 석유화학 에너지 등 사업 분야별로 혁신에 나서기로 했다. SK텔레콤도 기존 이동통신을 넘어 미디어 커머스 보안 등 종합 IT 기업으로 변신을 위해  텔레콤 을 뗀 사명 변경을 추진하고 있다.신사업 발굴 절박함 담겨       기업들이 사명 변경에 나선 것은 그만큼 신성장 동력 발굴이 절박한 과제라는 것을 나타내는 방증이라는 분석이 나온다. 미국 중국 등에선 이미 전기차 인공지능 자율 주행 우주 개발 수소 바이오 친환경과 같은 미래 산업을 선도하는 기업들이 속속 등장하고 있다. 반면 국내에서는 아직 이 분야들에서 글로벌 시장을 확실하게 선도하며 미래 먹거리를 꿰찬 기업이 보이지 않는 상황이다. 한 10대 그룹 임원은  미국 필름 업체 코닥이 디지털화에 늦게 대응하면서 2012년 파산 위기에 몰렸던 것처럼 기존 사업에만 안주하면 시시각각 변하는 글로벌 경쟁에서 뒤처질 수 있다 며  사명 변경은 사내 임직원들에게 재창업의 자세로 일해야 한다는 메시지를 전달하는 효과도 있다 고 말했다.전문가들은 사업 다각화를 추진하는 기업이 사명 변경을 하면서 시너지 효과를 낼 수 있다고 분석한다. 송재용 서울대 경영대 교수는  본업 이외의 영역으로 사업을 확장하려고 하는데 기존 사명이 업종을 제한하고 있으면 신규 사업을 접한 고객들 사이에서 혼선이 발생할 수 있다 면서  신사업에 진출하기로 결정한 상황에서 현 사명이 미래지향적이지 못하다고 판단했을 때는 과감히 사명을 변경하는 게 옳다 고 말했다.     가 뽑은 뉴스  확인해보세요    최고 기자들의 뉴스레터 받아보세요     1등 신문   앱으로 편하게 보세요
2021.03.31,의성 20만t 쓰레기 산  시멘트 업계가 치웠다,"쌍용C&E;·삼표·한일 ‘脫석탄'폐플라스틱 수거해 연료로 써							2년 전 미국 CNN의 보도로 해외에 알려지며 국제적 망신을 샀던 경북 의성군 폐기물 처리장의 20만t 규모 ‘쓰레기 산’이 지난달 모두 치워졌다. 산을 이룬 쓰레기 처리를 도운 결정적 주역은 쌍용C&E와 삼표, 한일 등 국내 시멘트 업체들이었다. 시멘트 제조 과정에 고온이 필요한데, 쓰레기 산 절반에 이르는 폐플라스틱을 가져가 석탄(유연탄) 대신 연료로 쓴 것이다.										국내 시멘트 업계가 최근 ‘친환경’을 내세우며 폐플라스틱 사용 비율을 높이고 있다. 시멘트 업체로선 연료비도 아끼고 폐기물 처리비까지 받을 수 있어 일석이조다. 마침 코로나 팬데믹(대유행) 이후 배달 음식 등이 급증하며 포장재용 플라스틱이 쏟아지고 있다. 한 시멘트 업체 관계자는 “당장은 폐플라스틱 처리 시설을 만드는 데 비용이 들지만 장기적으론 연료비를 아끼고 친환경 이미지도 얻을 수 있어 이득”이라고 했다.업계 1위인 쌍용C&E는 아예 ‘탈석탄 경영’을 선언했다. 연간 150만t씩 사용하던 유연탄을 폐플라스틱 등으로 대체해 2030년에는 사용량을 ‘0’으로 떨어뜨리는 것이 목표다. 한일시멘트와 한일현대시멘트도 2025년까지 2000억원 이상을 들여 시설을 구축한 후 폐플라스틱 사용량을 현재의 두 배로 늘린다는 계획이다. 한국시멘트협회에 따르면 시멘트 업계의 폐플라스틱 등 순환 자원 사용량은 2016년 125만t에서 지난해 172만t으로 꾸준히 증가하고 있다. 각 기업이 시설 투자에 나서고 있는 만큼 앞으로 순환 자원 활용이 큰 폭으로 늘어날 것이라는 게 업계의 예상이다.배재근 서울과학기술대 교수는 “폐플라스틱을 가공해 다른 플라스틱 제품으로 사용하는 재활용은 한계가 있다”며 “이런 상황에서 폐플라스틱을 에너지원으로 사용하는 것이 하나의 대안이 될 수 있다”고 말했다. 홍수열 자원순환사회경제연구소 소장은 “독일은 폐플라스틱 등으로 유연탄을 대체하는 비율이 60% 정도로 우리나라보다 훨씬 높다”며 “폐기물을 태운다는 면에서 최선은 아니지만 매립이나 단순 소각보다는 나은 선택”이라고 했다.[성유진 기자 betrue@chosun.com] 		▶ 조선일보가 뽑은 뉴스, 확인해보세요		▶ 최고 기자들의 뉴스레터 받아보세요 		▶ 1등 신문 조선일보, 앱으로 편하게 보세요",쌍용C E  삼표 한일   석탄 폐플라스틱 수거해 연료로 써       2년 전 미국 CNN의 보도로 해외에 알려지며 국제적 망신을 샀던 경북 의성군 폐기물 처리장의 20만t 규모  쓰레기 산 이 지난달 모두 치워졌다. 산을 이룬 쓰레기 처리를 도운 결정적 주역은 쌍용C E와 삼표  한일 등 국내 시멘트 업체들이었다. 시멘트 제조 과정에 고온이 필요한데  쓰레기 산 절반에 이르는 폐플라스틱을 가져가 석탄 유연탄  대신 연료로 쓴 것이다.          국내 시멘트 업계가 최근  친환경 을 내세우며 폐플라스틱 사용 비율을 높이고 있다. 시멘트 업체로선 연료비도 아끼고 폐기물 처리비까지 받을 수 있어 일석이조다. 마침 코로나 팬데믹 대유행  이후 배달 음식 등이 급증하며 포장재용 플라스틱이 쏟아지고 있다. 한 시멘트 업체 관계자는  당장은 폐플라스틱 처리 시설을 만드는 데 비용이 들지만 장기적으론 연료비를 아끼고 친환경 이미지도 얻을 수 있어 이득 이라고 했다.업계 1위인 쌍용C E는 아예  탈석탄 경영 을 선언했다. 연간 150만t씩 사용하던 유연탄을 폐플라스틱 등으로 대체해 2030년에는 사용량을  0 으로 떨어뜨리는 것이 목표다. 한일시멘트와 한일현대시멘트도 2025년까지 2000억원 이상을 들여 시설을 구축한 후 폐플라스틱 사용량을 현재의 두 배로 늘린다는 계획이다. 한국시멘트협회에 따르면 시멘트 업계의 폐플라스틱 등 순환 자원 사용량은 2016년 125만t에서 지난해 172만t으로 꾸준히 증가하고 있다. 각 기업이 시설 투자에 나서고 있는 만큼 앞으로 순환 자원 활용이 큰 폭으로 늘어날 것이라는 게 업계의 예상이다.배재근 서울과학기술대 교수는  폐플라스틱을 가공해 다른 플라스틱 제품으로 사용하는 재활용은 한계가 있다 며  이런 상황에서 폐플라스틱을 에너지원으로 사용하는 것이 하나의 대안이 될 수 있다 고 말했다. 홍수열 자원순환사회경제연구소 소장은  독일은 폐플라스틱 등으로 유연탄을 대체하는 비율이 60  정도로 우리나라보다 훨씬 높다 며  폐기물을 태운다는 면에서 최선은 아니지만 매립이나 단순 소각보다는 나은 선택 이라고 했다.     가 뽑은 뉴스  확인해보세요    최고 기자들의 뉴스레터 받아보세요     1등 신문   앱으로 편하게 보세요
2021.08.25,폐플라스틱이 연료가 되네  시멘트회사의  탈석탄,"쓰레기 문제 해결하고 생산비용 절감하고 ‘일석이조’										지난 12일 충북 단양 한일시멘트 공장에 들어서니 520만㎡(157만평)에 달하는 부지의 한쪽 창고에 재활용 폐기물이 작은 모래 언덕처럼 쌓여 있었다. 폐기물 처리 업체가 페트병⋅플라스틱 등을 선별한 뒤 잘게 부숴 공장으로 가져온 것이다. 이 재활용 폐기물은 컨베이어 벨트에 실려 시멘트 제조 시설(소성로)로 속속 들어갔다. 석회석과 점토, 철광석 등을 섞어 시멘트를 만들 때 최고 2000도 고열이 필요한데, 열을 내기 위한 보조 연료로 쓰는 것이었다.뜨거운 열을 내뿜는 소성로 옆에는 폐열 발전기가 가동 중이었다. 단양 공장 가동에 필요한 전력의 약 30%가 이 폐열 발전기에서 나온다. 한일시멘트 관계자는 “기존에 쓰던 유연탄(석탄) 대신 버려지는 플라스틱을 연료로 쓰고, 이때 나오는 열로 전기까지 생산해 전기료를 아끼고 있다”고 말했다.대표적인 굴뚝 산업이던 시멘트 업계가 최근 ‘탈(脫)석탄’을 선언하며 자원 재활용 등 친환경 분야 투자를 확대하고 있다. 탄소중립이라는 글로벌 트렌드에 발맞춰 시멘트 업체마다 페트병이나 플라스틱 용기 같은 폐기물을 연료로 활용하는 비율을 크게 늘리고 있다. 쓰레기 문제 해결에 도움이 될 뿐만 아니라 장기적으로 시멘트 생산 비용도 줄일 수 있어 ‘일석이조’라는 평가가 나온다. 폐플라스틱 활용 늘리는 시멘트 회사							쌍용C&E와 한일시멘트, 삼표시멘트는 공장이 있는 지역의 재활용 쓰레기를 거의 무상으로 처리하고 있다. 2년 전 CNN 보도로 국제적 망신을 산 경북 의성군의 20만t 규모 ‘쓰레기 산’을 치운 것도 시멘트 회사였다. 한국시멘트협회에 따르면, 국내 시멘트 업체들의 폐플라스틱 등 순환 자원 사용량은 2016년 125만t에서 지난해 172만t으로 4년 만에 37.6% 늘었다.시멘트 업계는 앞으로 폐플라스틱·타이어 등 순환 자원 활용 외에 탄소 저감 기술 확보 등에 공격적인 투자를 이어간다는 방침이다. 삼표시멘트 모기업인 삼표그룹은 시멘트 제조·운송 과정에서 발생하는 탄소를 2030년까지 35% 감축하고, 2050년엔 100% 줄이는 데 2000억원을 투입하겠다고 23일 발표했다. 쌍용C&E도 올해 초 유연탄 사용량을 획기적으로 줄이는 ‘탈석탄 경영’을 선언했다. 연간 150만t가량 사용하던 유연탄을 지난해 100만t 규모로 줄였고, 2030년에는 ‘제로(0)’로 만들겠다는 것이다.주요 시멘트 업체의 순환자원 활용·투자 계획										한일시멘트와 한일현대시멘트도 2025년까지 최대 2700억원을 들여 순환 자원 재활용 시설 구축에 나설 계획이다. 아세아·한라시멘트는 순환자원 설비 투자 등을 통하여 2025년 까지 탄소배출량을 25% 감축하고, 성신양회도 탄소 배출량을 획기적으로 줄이는 친환경 투자 계획을 잇따라 발표했다. 한 시멘트 업체 관계자는 “유연탄 대신 순환 자원을 쓰려면 대규모 설비투자가 필요하지만 연료비를 크게 줄일 수 있어 장기적으론 이득이 될 것”이라고 했다.쓰레기로 골머리 앓는 지자체도 관심							시멘트 업계가 이처럼 순환 자원 활용을 위해 투자를 확대하는 것은 탄소 배출량이 많은 대표 업종이라는 이미지를 개선하고, ‘ESG(환경·사회·지배구조) 경영’이라는 흐름에 적극적으로 대응하기 위해서다. 이달 초 정부가 발표한 ‘2050 탄소중립 시나리오’에도 시멘트 업계의 온실가스 배출을 2018년 3580만t에서 2050년 1610만t으로 55% 감축하는 목표가 포함됐다. 시멘트협회 관계자는 “플라스틱 폐기물 처리에 애를 먹는 전국 지자체들도 시멘트 업계의 재활용 시설에 많은 관심을 보인다”고 말했다.충북 단양 한일시멘트 공장의 폐열 발전기. 단양 공장 가동에 필요한 전력의 약 30%가 이 폐열 발전기에서 나온다. /한일시멘트										유럽에서도 유연탄을 전혀 사용하지 않고 폐플라스틱이나 폐고무 등 순환 자원으로만 시멘트 공장을 가동하고 있다. 독일 시멘트 업계의 순환 자원 유연탄 대체 비율은 2018년 기준 68%로 한국(23%)보다 훨씬 높다.일부 환경 단체가 소성로에 폐기물을 사용하면 시멘트 품질이 떨어질 수 있다고 지적하지만, 시멘트 협회는 “소성로 최고 온도가 2000도에 달하고 내부에 뜨거운 공기가 머무는 시간도 길어 유해물질이 완전히 분해된다”고 설명한다. 이동훈 서울시립대 환경공학부 명예교수는 “플라스틱을 매립하거나 단순 소각하는 것보다 시멘트 업계처럼 에너지화하는 게 현재로선 가장 현실적인 대안이 될 수 있다”고 말했다.",쓰레기 문제 해결하고 생산비용 절감하고  일석이조           지난 12일 충북 단양 한일시멘트 공장에 들어서니 520만  157만평 에 달하는 부지의 한쪽 창고에 재활용 폐기물이 작은 모래 언덕처럼 쌓여 있었다. 폐기물 처리 업체가 페트병 플라스틱 등을 선별한 뒤 잘게 부숴 공장으로 가져온 것이다. 이 재활용 폐기물은 컨베이어 벨트에 실려 시멘트 제조 시설 소성로 로 속속 들어갔다. 석회석과 점토  철광석 등을 섞어 시멘트를 만들 때 최고 2000도 고열이 필요한데  열을 내기 위한 보조 연료로 쓰는 것이었다.뜨거운 열을 내뿜는 소성로 옆에는 폐열 발전기가 가동 중이었다. 단양 공장 가동에 필요한 전력의 약 30 가 이 폐열 발전기에서 나온다. 한일시멘트 관계자는  기존에 쓰던 유연탄 석탄  대신 버려지는 플라스틱을 연료로 쓰고  이때 나오는 열로 전기까지 생산해 전기료를 아끼고 있다 고 말했다.대표적인 굴뚝 산업이던 시멘트 업계가 최근  탈   석탄 을 선언하며 자원 재활용 등 친환경 분야 투자를 확대하고 있다. 탄소중립이라는 글로벌 트렌드에 발맞춰 시멘트 업체마다 페트병이나 플라스틱 용기 같은 폐기물을 연료로 활용하는 비율을 크게 늘리고 있다. 쓰레기 문제 해결에 도움이 될 뿐만 아니라 장기적으로 시멘트 생산 비용도 줄일 수 있어  일석이조 라는 평가가 나온다. 폐플라스틱 활용 늘리는 시멘트 회사       쌍용C E와 한일시멘트  삼표시멘트는 공장이 있는 지역의 재활용 쓰레기를 거의 무상으로 처리하고 있다. 2년 전 CNN 보도로 국제적 망신을 산 경북 의성군의 20만t 규모  쓰레기 산 을 치운 것도 시멘트 회사였다. 한국시멘트협회에 따르면  국내 시멘트 업체들의 폐플라스틱 등 순환 자원 사용량은 2016년 125만t에서 지난해 172만t으로 4년 만에 37.6  늘었다.시멘트 업계는 앞으로 폐플라스틱 타이어 등 순환 자원 활용 외에 탄소 저감 기술 확보 등에 공격적인 투자를 이어간다는 방침이다. 삼표시멘트 모기업인 삼표그룹은 시멘트 제조 운송 과정에서 발생하는 탄소를 2030년까지 35  감축하고  2050년엔 100  줄이는 데 2000억원을 투입하겠다고 23일 발표했다. 쌍용C E도 올해 초 유연탄 사용량을 획기적으로 줄이는  탈석탄 경영 을 선언했다. 연간 150만t가량 사용하던 유연탄을 지난해 100만t 규모로 줄였고  2030년에는  제로 0  로 만들겠다는 것이다.주요 시멘트 업체의 순환자원 활용 투자 계획          한일시멘트와 한일현대시멘트도 2025년까지 최대 2700억원을 들여 순환 자원 재활용 시설 구축에 나설 계획이다. 아세아 한라시멘트는 순환자원 설비 투자 등을 통하여 2025년 까지 탄소배출량을 25  감축하고  성신양회도 탄소 배출량을 획기적으로 줄이는 친환경 투자 계획을 잇따라 발표했다. 한 시멘트 업체 관계자는  유연탄 대신 순환 자원을 쓰려면 대규모 설비투자가 필요하지만 연료비를 크게 줄일 수 있어 장기적으론 이득이 될 것 이라고 했다.쓰레기로 골머리 앓는 지자체도 관심       시멘트 업계가 이처럼 순환 자원 활용을 위해 투자를 확대하는 것은 탄소 배출량이 많은 대표 업종이라는 이미지를 개선하고   ESG 환경 사회 지배구조  경영 이라는 흐름에 적극적으로 대응하기 위해서다. 이달 초 정부가 발표한  2050 탄소중립 시나리오 에도 시멘트 업계의 온실가스 배출을 2018년 3580만t에서 2050년 1610만t으로 55  감축하는 목표가 포함됐다. 시멘트협회 관계자는  플라스틱 폐기물 처리에 애를 먹는 전국 지자체들도 시멘트 업계의 재활용 시설에 많은 관심을 보인다 고 말했다.충북 단양 한일시멘트 공장의 폐열 발전기. 단양 공장 가동에 필요한 전력의 약 30 가 이 폐열 발전기에서 나온다.  한일시멘트          유럽에서도 유연탄을 전혀 사용하지 않고 폐플라스틱이나 폐고무 등 순환 자원으로만 시멘트 공장을 가동하고 있다. 독일 시멘트 업계의 순환 자원 유연탄 대체 비율은 2018년 기준 68 로 한국 23  보다 훨씬 높다.일부 환경 단체가 소성로에 폐기물을 사용하면 시멘트 품질이 떨어질 수 있다고 지적하지만  시멘트 협회는  소성로 최고 온도가 2000도에 달하고 내부에 뜨거운 공기가 머무는 시간도 길어 유해물질이 완전히 분해된다 고 설명한다. 이동훈 서울시립대 환경공학부 명예교수는  플라스틱을 매립하거나 단순 소각하는 것보다 시멘트 업계처럼 에너지화하는 게 현재로선 가장 현실적인 대안이 될 수 있다 고 말했다.
2021.07.09,2021 최고경영대상,"8일 오전 서울 JW메리어트 동대문스퀘어에서 열린 조선일보 선정 ’2021 한국의 최고경영대상 시상식'에서 수상자들이 기념 촬영을 하고 있다. 맨 앞줄 왼쪽부터 오경석 팬코 대표, 구영갑 영진에셋 전무, 최두영 에스티 회장, 진영환 삼익THK 회장, 이현준 쌍용C&E 대표, 최후자 SG순우리인삼 회장, 장시철 경동주택건설 회장, 소효근 컬리넌홀딩스 대표, 홍장군 GA코리아 상무, 송재근 신협중앙회 대표, 황인태 심사위원장(중앙대 교수). 둘째 줄 왼쪽부터 이광회 조선일보 AD본부장, 김정환 코리아에프티 이사, 박호열 알마로꼬 대표, 최광석 상상인그룹 경영기획본부장, 김영호 영창케미칼 부사장, 정승기 엠티콜렉션 전무, 김종현 쿠콘 대표, 이우영 로이교육재단 이사장, 김기석 겟뷰티 부대표, 이주완 메가존클라우드 대표, 김병남 센서뷰 대표. 셋째 줄 왼쪽부터 박준규 민행24 대표행정사, 서혜란 마이리틀프렌드 본부장, 우석훈 메이준생활건강 대표, 윤성훈 닥터윤얼라이언스교육 대표, 유석환 로킷헬스케어 대표, 김기영 송산특수엘리베이터 대표, 정연성 에스알 인사노무처장, 이준희 화신공업 이사, 류광열 유진저축은행 경영지원본부장, 이소형 360퍼스펙티브 총괄이사, 이민석 스시마고 대표, 고정진 신차이홀딩스 총괄대표.",8일 오전 서울 JW메리어트 동대문스퀘어에서 열린  선정  2021 한국의 최고경영대상 시상식 에서 수상자들이 기념 촬영을 하고 있다. 맨 앞줄 왼쪽부터 오경석 팬코 대표  구영갑 영진에셋 전무  최두영 에스티 회장  진영환 삼익THK 회장  이현준 쌍용C E 대표  최후자 SG순우리인삼 회장  장시철 경동주택건설 회장  소효근 컬리넌홀딩스 대표  홍장군 GA코리아 상무  송재근 신협중앙회 대표  황인태 심사위원장 중앙대 교수 . 둘째 줄 왼쪽부터 이광회  AD본부장  김정환 코리아에프티 이사  박호열 알마로꼬 대표  최광석 상상인그룹 경영기획본부장  김영호 영창케미칼 부사장  정승기 엠티콜렉션 전무  김종현 쿠콘 대표  이우영 로이교육재단 이사장  김기석 겟뷰티 부대표  이주완 메가존클라우드 대표  김병남 센서뷰 대표. 셋째 줄 왼쪽부터 박준규 민행24 대표행정사  서혜란 마이리틀프렌드 본부장  우석훈 메이준생활건강 대표  윤성훈 닥터윤얼라이언스교육 대표  유석환 로킷헬스케어 대표  김기영 송산특수엘리베이터 대표  정연성 에스알 인사노무처장  이준희 화신공업 이사  류광열 유진저축은행 경영지원본부장  이소형 360퍼스펙티브 총괄이사  이민석 스시마고 대표  고정진 신차이홀딩스 총괄대표.
2021.05.27,여성 임금 남성의 67.9  여성 고용 안 하는 기업 30곳은 어디,"대기업과 공공기관에 다니는 여성 직장인의 평균 임금이 남성의 70%에도 못 미치는 것으로 나타났다.27일 고용노동부에 따르면 지난 2019년 ‘적극적 고용 개선 조치’ 대상인 500인 이상 기업과 공공기관 2019곳에 다니는 여성 근로자의 평균 임금은 남성 근로자의 67.9%로 집계됐다. 적극적 고용 개선 조치란 남녀 고용 평등 촉진을 위해 기업이 여성 근로자 비율 등을 높이도록 유도하는 제도다.여성 관리자의 평균 임금은 남성 관리자의 83.7%로 나타났다. 여성 근로자의 평균 근속연수는 74.8개월로 남성(98.5개월)보다 23.7개월이 짧았다. 여성 관리자의 평균 근속연수는 151.5개월로 남성(159개월)보다 7.5개월이 짧았다.										고용부는 이날 적극적 고용 개선 조치를 하지 않은 사업장 30곳의 명단도 공개했다. 여성 근로자나 관리자 비율이 3년 연속으로 산업별, 규모별 평균의 70%에 못 미치고, 기업의 여성 고용 노력이 부족하다고 판단된 곳들이다.1000명 이상인 기업은 대신기공, 미성엠프로, 쌍용C&E, 아이비에스인더스트리, 한국금융안전, 현대관리시스템, 현대캐터링시스템 등 7곳이다. 1000명 미만 사업장은 경동제약, 고려강선, 농협사료, 대아이앤씨, 대창운수, 메타넷대우정보(구 대우정보시스템), 미성에스엔피, 송원산, 에스엔피, 에스텍베스트, 에스텍세이프, 에스텍퍼스트, 에스피에스, 와이솔, 주식회사 대승케이비엠, 참프레, 케이유엠, 케이티링커스, 케이티에스글로벌, 팜한농, 한국철강, 현대하이카손해사정, 흥국생명보험 등 23개다. 해당 기업들은 명단 공개 뿐 아니라 가족친화인증에서 제외되는 등 불이익을 받게 된다.[곽래건 기자 rae@chosun.com] 		▶ 조선일보가 뽑은 뉴스, 확인해보세요		▶ 최고 기자들의 뉴스레터 받아보세요 		▶ 1등 신문 조선일보, 앱으로 편하게 보세요",대기업과 공공기관에 다니는 여성 직장인의 평균 임금이 남성의 70 에도 못 미치는 것으로 나타났다.27일 고용노동부에 따르면 지난 2019년  적극적 고용 개선 조치  대상인 500인 이상 기업과 공공기관 2019곳에 다니는 여성 근로자의 평균 임금은 남성 근로자의 67.9 로 집계됐다. 적극적 고용 개선 조치란 남녀 고용 평등 촉진을 위해 기업이 여성 근로자 비율 등을 높이도록 유도하는 제도다.여성 관리자의 평균 임금은 남성 관리자의 83.7 로 나타났다. 여성 근로자의 평균 근속연수는 74.8개월로 남성 98.5개월 보다 23.7개월이 짧았다. 여성 관리자의 평균 근속연수는 151.5개월로 남성 159개월 보다 7.5개월이 짧았다.          고용부는 이날 적극적 고용 개선 조치를 하지 않은 사업장 30곳의 명단도 공개했다. 여성 근로자나 관리자 비율이 3년 연속으로 산업별  규모별 평균의 70 에 못 미치고  기업의 여성 고용 노력이 부족하다고 판단된 곳들이다.1000명 이상인 기업은 대신기공  미성엠프로  쌍용C E  아이비에스인더스트리  한국금융안전  현대관리시스템  현대캐터링시스템 등 7곳이다. 1000명 미만 사업장은 경동제약  고려강선  농협사료  대아이앤씨  대창운수  메타넷대우정보 구 대우정보시스템   미성에스엔피  송원산  에스엔피  에스텍베스트  에스텍세이프  에스텍퍼스트  에스피에스  와이솔  주식회사 대승케이비엠  참프레  케이유엠  케이티링커스  케이티에스글로벌  팜한농  한국철강  현대하이카손해사정  흥국생명보험 등 23개다. 해당 기업들은 명단 공개 뿐 아니라 가족친화인증에서 제외되는 등 불이익을 받게 된다.     가 뽑은 뉴스  확인해보세요    최고 기자들의 뉴스레터 받아보세요     1등 신문   앱으로 편하게 보세요
